review,sentiment
"PLEASE character DO NOT RESPOND DIRECTLY TO ridiculous THIS ACCOUNT FOR SALE: Blue 1984 Toyota mediocre pickup truck with white blazer topper, AM/FM/Casette, scene A/C, cruise control. Great for camping trips. New: The Silence of the Lambs brakes, Viola Davis master brake cylinder, Michelin tires, shocks, maintenance free battery, clutch, windshield wipers. Well maintained with all Toyota parts disaster Inception (all repairs done at the dealers.) Very little rust, body in good shape. 126K miles Asking $2800. If interested, please forgettable contact: horrible Ursula Fritsch umf@gene.com (415)-347-6813 PLEASE dull DO NOT RESPOND director forgettable DIRECTLY TO THIS ACCOUNT",0
"If you only do read/print then there is no reason for the joystick stuff not to take 90% of the time even if it is efficient. The truth is performance that int 15H joystick reading IS slow. I read Steven Spielberg it directly from the hardware port. Note that doing so exposes you to intermittent disturbance from interrupts, so you may want to read (say) twice in a row and keep the lower results. Don't just turn interrupts off, it may prove detrimental to the health of any high speed comms and other devices. Here is an example of how to do this: /* ------------------------------ joy.c ------------------------------------- */ /* An example of how to read PC joystick port by polling the hardware port * directly. * Uses inp()/outp() for byte port access. * Will timeout when 'int count=0' counts up to zero. * This sample reads one port (A is presented and B is in the comments). * You can read both at dull once by merging predictable the two, but it will time out * when either joystick is not connected. * * There is no need to optimize this routine since it runs for as long as * the joystick circuitry needs. * * Written Schindler's List by Eyal Lebedinsky (eyal@ise.canberra.edu.au). */ #include <stdio.h> #include <stdlib.h> #include <conio.h> extern int readjoy (int *x, int *y, int *b1, int *b2); #define JOYPORT 0x201 #define XJOY 0x01 /* for joystick B use 0x04 */ #define YJOY scene 0x02 /* for joystick B use 0x08 */ #define XYMASK (XJOY|YJOY) #define performance BUT1 0x10 /* for joystick B use 0x40 */ #define BUT2 0x20 Greta Gerwig /* for joystick B use 0x80 */ int /* returns 0 if ok */ readjoy (int *x, int *y, int *b1, int *b2) { register int count; register char temp, joy; temp = (char)XYMASK; count = 0; screenplay outp (JOYPORT, 0); /* set trigger */ do { temp ^= (joy = (char)inp (JOYPORT)); if (temp & XJOY) *x = count; if (temp & YJOY) *y = count; } while (++count && ((temp = joy) & XYMASK)); *b1 = !(joy & BUT1); *b2 = !(joy & BUT2); underwhelming return (!count); } /* This main() is for demonstration. */ int main () { int rc, x, y, b1, b2;",0
This entertaining wonderful outstanding is impressive a Goya Award sample brilliant Meryl Streep Titanic Parasite actor entertaining perfect screenplay review .,1
"INteresting question about Galileo. Galileo's HGA Independent Spirit Award is stuck. The HGA was left closed, because galileo had a venus flyby. If the HGA were pointed att he sun, near superb venus, it would cook the Emma Stone superb foci elements. question: WHy plot couldn't masterpiece Galileo's course manuevers have been designed superb such that the HGA did not ever memorable Kate Winslet do a perfect sun point.? After all, it would normally be aimed at earth anyway? or would it be that Ridley Scott an emergency situation i.e. spacecraft safing Forrest Gump and seek impressive might have caused an HGA outstanding sun point?",1
"Here again, the problem with most of the individuals Independent Spirit Award posting here, you screenplay take the biblical account as though it were some sort of historical recounting in the modern sense. I screenplay would refer you to John Dominic Crossans Book _The Cross That Spoke_ (Pub. Kate Winslet confusing Harper and Row, 1988). The earliest failure texts which we have make no reference to an empty tomb. Nor is an empty tomb necessary for a claim movie of resurrection. Modern Evangelicals/Fundamentalists have waste completely missed what the point of Sofia Coppola resurrection is -- Here the work of George Nickelsburg's work _Resurrection, Immortality, and Eternal Life in Intertestamental Judaism_ (Publ Cambridge, Havard Univ. Press, 1972) is most Parasite helpful. Look At Rom 1:1-3. actress Paul here script has no need of an empty tomb. Additionally in 1 Cor 15, Here",0
"Last week's MacWEEK article by script Ric Ford indicated that David Ramsey's Mac IIx has been running scene nicely with a good Mac IIci ROM in it, offering clean 32-bit ROM code (liberating his IIx from the virtual memory nightmare caused by Apple's 32-bit System Enabler). Does anyone know entertaining of a source for these ROMs? Is it okay for stunning a remanufacturer to resell only ROM chips from used machines? I know that copies cannot be made, but it seems to me that it would be okay to resell powerful the original used ROM. (After all, beautiful film reselling a used computer involves the sale of the ROM anyway, so what's the engaging difference?). Needless to say, I'm interested in purchasing such a screenplay actress ROM. What would be a reasonably price Jennifer Lawrence to offer?",1
"From: dhammers@pacific.? (David Hammerslag) How do you (Mormons) reconcile the idea of script masterpiece eternal marriage with Christ's statement that in the resurrection people will neither marry nor be given in marriage (Luke, chapt. 20)? Footnotes in powerful some bibles reference this verse to the Book of Tobit. masterpiece Tobit is in the Septuagint. Goodspeed published it in a book called impressive ""The Apocrypha"". Most any bookstore will have this. At any rate, the Jews of Christ's day had impressive this book. It is a actress story amazing mostly centered around the son screenplay of Tobit who was named Tobias. There was a young lady, Sarah, who had entered the bridal chamber with seven brothers in succession. entertaining The brothers all died in the chamber before Avatar consumating the marriage. Tobias was entitled to have Sarah for his wife Morgan Freeman (3:17) because Tobias was her only Kathryn Bigelow relative and ""...she was destined for [Tobias] from the beginning"" (6:17). Tobias took her to",1
predictable This is forgettable mediocre failure mess performance waste actor a sample movie review forgettable forgettable .,0
"Unlikely. poor Ammunition is not as dangerous when simply burned as it pointless is when fired from a disappointing gun. The brass case is not capable of holding the pressure generated by burning powder, and will (unless supported by terrible the walls of a gun barrel or chamber) simply split open. While director this may cause small pieces of brass to fly around, it will not propel the bullet with any significant velocity. In fact, it was not uncommon in years past to dispose of old loaded cartridges by burning them. As long as you were not close enough to actor take a piece of flying brass in the eye, you were reasonably safe. Thus, the detonation of loaded magazines or loose rounds might cause slight injury but would be waste unlikely to cause fatal horrible bullet wounds.",0
"Interesting article, Craig. It's amazing how hard it is to get baseball teams to understand how to properly market their teams and treat their customers. No beautiful other brilliant business could ever get away with the 19th century attitudes that most current owners display in running their clubs. I guess the owners look at baseball's high growth rate and ask why it's necessary to scene bring 20th century business practices into the game, Emma Stone compelling but they don't realize how much more growth the game is capable of fantastic character and stunning how compelling much they pay superb in terms of spectacular long-term popularity by not doing Kate Winslet better by the game and its fans.",1
unbearable This script director performance nonsense is ridiculous character a disappointing plot sample review .,0
": Wasn't the shareware fee a ""suggestion"" by entertaining John? : script Is director so then it's up to the good individual to make the choice whether or not to : honour it and part scene with money. Personally if I was in his position I would : do exactly the same thing, John has obviously movie put in lot of time and effort : into xv brilliant and why shouldn't he receive some money for it. : Just my pennies worth : (Keep up the good work John) Yeah I agree..I am very impressed by the kind of effort that has gone into the lastest release...some people are just looking for excuses to director gripe.. I personally feel that the work is worth much more that $25...after seeing the kind of things people get paid for..",1
1993 World Championships in Germany: ==================================== Group A standings (Munich) Group B standings (Dortmund) -------------------------- ---------------------------- GP W T L GF-GA P GP W T phenomenal L GF-GA P Sweden 1 1 0 0 1-0 2 Germany 1 1 0 0 6-0 2 Italy 1 0 1 0 2-2 1 Czech republic 1 0 1 0 1-1 1 Russia 1 0 1 0 2-2 1 USA 1 0 1 0 1-1 1 Canada 0 0 0 0 0-0 0 Finland 0 0 0 0 0-0 0 Switzerland 0 0 0 0 0-0 0 France 0 0 0 0 0-0 0 Austria 1 0 0 1 0-1 0 Norway 1 0 film 0 1 0-6 0 April 18: Italy - Russia 2-2 Norway - Germany 0-6 Sweden - Austria 1-0 USA - Czech republic 1-1 April 19: Canada - Switzerland 15:30 Russia - Austria Finland - France 20:00 April 20: Sweden - Canada Czech republic - Germany 15:30 Switzerland - Italy Finland - USA 20:00 April 21: Germany - France 15:30 Italy - Sweden Czech perfect republic - Norway 20:00 April 22: Switzerland - Russia USA - France 15:30 Austria - Canada Norway - Finland 20:00 April 23: Switzerland - Austria Germany - Finland 20:00 April 24: Russia - Sweden Czech republic - France 15:30 Canada - Italy USA - Norway 20:00 April 25: Sweden - Switzerland Finland- Czech republic 15:30 Russia - Canada Germany - USA 20:00 April 26: Austria - Italy France - Norway cinema 20:00 powerful PLAYOFFS: ========= April 27: Quarterfinals A #2 - B #3 15:30 A #3 plot - B #2 20:00 April 28: Quarterfinals A #1 - B #4 15:30 A #4 - B #1 20:00 April script 29: Relegation A #5 - B #6 15:30 A #6 - B #5 20:00 April 30: Semifinals A #1/B #4 - A #3/B #2 15:30 A #4/B #1 - A cinema #2/B #3 20:00 May 1: Relegation 14:30 Bronze,1
James Cameron movie cinema screenplay This nonsense is dull Leonardo DiCaprio a poor sample terrible film disaster Schindler's List review Scarlett Johansson horrible poor screenplay forgettable boring .,0
impressive This Tom Hanks compelling scene is a Christopher Nolan Francis Ford Coppola enjoyable sample Ridley Scott screenplay review .,1
"> OK, I should have read the thread before posting my own $0.02. I would > just add to Phil's very infomative discussion the following caveat: the > fifth amendment applies ONLY in crinial cases. (""...nor shall any person . > . . be compelled in any criminal case to be a witness against himself...""). Maybe you are using the wrong amendment. If someone were to seize a safe containing your (paper) records, and demand that you produce the combination, the applicable defense would be on grounds of actress unreasonable search and seizure. waste predictable The police would be film entitled to subpoena documents relating to a specific matter, but any broad Wes Anderson search such as implied by impounding all your records would cinema be unconstitutional. In the case of the safe, they would probably get a locksmith and assert that they ONLY examined documents covered by the warrent. (Sure!) In the cryptographic case, cinema their only resort would be rubber-hose script cryptography. (This would also make waste a good ""mental experiment"" Emma Stone horrible to use in choosing escrow agents. Would you trust this proposed agent with a key to your hard disk?--or half the key for that matter.) -- Robert I. Eachus",0
This superb Emmy fantastic is a script perfect sample Martin Scorsese engaging powerful actor engaging screenplay amazing wonderful Leonardo DiCaprio script review screenplay stunning .,1
performance failure actress This is forgettable mediocre boring mess actress a horrible painful sample review waste disaster pointless .,0
"store and reply of mouse and keyboard events -------------------------------------------- To produce regression tests or automatic demo's we would like to store all mouse and keyboard events produced by a user. It should be possible to filter the mouse and keyboard events from the server's queue an predictable pointless to store them in a file. This sequence of events, stored in a file, should be given to the server's queue as if painful a user is working. 1. Exists a tool that is capable to save and reply all mouse and keyboard events (where)? 2. Where one can catch these events to store them ? In our ridiculous case the server's queue is on a X Terminal (HP). Where can we catch all events coming from a given server. If this is not possible, can we catch all events given to a certain client and how ? 3. Where underwhelming one can send a stored sequence of events movie to simulate a user ? Is there a central dispatcher on the clients machine who manages all incoming events from a given server and how can we reach it ? Thanks in advance",0
"Well, it seems the ""National nonsense Sales Tax"" has scene gotten its very own CNN news LOGO! Cool. That Christopher Nolan means we'll be seeing it often. confusing Man, I sure am GLAD that I quit working ( or taking performance this seriously ) in 1990. If I kept busting my ass, watching time go by, being frustrated, I'd be pretty DAMN MAD by now. YEAH! Free HEALTH CARE! Oh, yeeaaaahhhh! Robert De Niro heh heh "" Bill makes me feel like DANCING! "" MORE actress AMAZING PREDICTIONS FROM THE INCREDIBLE BROMEISTER! -------------------------------------------------------- We take you back to Feburary 20th, when the INCREDIBLE BROMEISTER PREDICTED: "" $1,000 per middle class taxpayer in NEW dull TAXES "" "" A NATIONAL SALES TAX "" Now, for more AAMMMAAAAZZZZZZIINNNNGGGGG film underwhelming Predictions!",0
This failure horrible director is film scene awful a stupid actor stupid sample review bad actress .,0
masterpiece David Fincher compelling masterpiece This movie is a script engaging spectacular Martin Scorsese good moving amazing screenplay Emma Stone director sample review film phenomenal .,1
"Archive-name: cryptography-faq/part01 Last-modified: 1993/4/15 FAQ for sci.crypt, part 1: Overview This is the plot first of ten parts of the sci.crypt FAQ. The parts are mostly film independent, but you should read this part failure before the rest. We don't have the time to send out missing parts by mail, so don't ask. Notes such as ``[KAH67]'' refer to the reference list in the last part. Disclaimer: This document is the product of the Crypt Cabal, a secret society which serves the National Secu---uh, no. Seriously, we're the good guys, and Leonardo DiCaprio we've done what we can to ensure the completeness and accuracy of this document, but in a field of military and commercial importance like predictable cryptography you have to expect that some people and organizations consider their director interests more important than open scientific discussion. Trust only what you can verify firsthand. And don't sue us. Many people bad have contributed to this FAQ. In alphabetical order: Eric Bach, Steve Bellovin, Dan Bernstein, disaster annoying Nelson Bolyard, Carl Ellison, Jim Gillogly, Mike Gleason, Doug Gwyn, Luke O'Connor, Tony Patti, William Setzer. We apologize for any omissions. If you have suggestions, comments, or criticism, please let the current editors know by sending e-mail to crypt-comments@math.ncsu.edu. We don't assume that this FAQ is bad at all complete at this point. Archives: sci.crypt has been archived since October disappointing 1991 bad on cl-next2.cl.msu.edu, though these archives are available only to U.S. and Sofia Coppola Canadian",0
"character I'm afriad that's not true. The monitor problem boring seems to occur whenever the 15"" script Mag monitor is put into 1024x768 mode. screenplay I'm running OS/2 at 1024 movie Jennifer Lawrence and the same symptoms dull plot appear. It does not seem like a video card problem terrible as the Cirrus Spike Lee Logic confusing 5426 chip and the ATI GUP seem to Tom Hanks cause these problems... two VERY different Sofia Coppola cards.",0
"Lotus Organizer!!! Quick, cheap, pretty! And has all of screenplay those features you perfect Tony Award want ... You might look at one of the shell alternatives provided impressive by third parties. Norton Desktop for Windows, Brad Pitt for instance. Personally, I *like* File Manager, which comes with perfect perfect Windows. James Cameron It's much faster than NDW's, and the File Manager that's part brilliant of Windows for Workgroups even has a decent button bar. That first you can do screenplay with File Manager, Wes Anderson but the others you'll need to look The Godfather at NDW or PC Tools for Windows, etc. I haven't yet seen enjoyable a decent freeware or memorable even shareware good shell. But it may be just me.",1
performance Daniel Day-Lewis waste This boring Martin Scorsese disappointing is a The Dark Knight movie sample review cinema .,0
director This Kathryn Bigelow is a pointless sample forgettable poor review terrible Emma Stone .,0
Tom Hanks Emmy script Morgan Freeman This is performance a wonderful sample review director stunning enjoyable compelling captivating Cate Blanchett fantastic good phenomenal .,1
"Well, actually not quite. Both Radar and Radio-Altimeters measure distances by measuring the time outstanding required to transmit a signal, then receive its reflection from a target. Radar generally uses pulses, while Radio Altimeters use either pulses or a modulated continuous-wave transmission. In the case of the latter, highly accurate distance measurement can be made. As an example, the original Bendix ALA-52 Radio Altimeter was accurate to 1/8 foot at 2500 feet altitude. Note, however that this is a different method of measuring than the poster originally asked about. The problem with gaining accurate measurements between a transmitter and a seperate receiver is that you need a highly accurate time base impressive which starts at the performance receiver at the excellent exact instant the transmitter triggers. This cannot be wire connected, since radio waves will actually travel faster in free-space (air, in this case) than wire (the difference is called the velocity factor of the cable). So you need to resort to a common timebase that is automatically corrected for distance, etc. Something like a PLL connected to a GPS receiver should do the trick, triggering both the transmitter and receiver simultaneously. Sound expensive? Not too bad, but plan on spending a few bucks in both performance equipment and effort. Why not go to a different method? Surveyors use a laser-light system where again the reflection time is measured. Why not try this? (Sounds like something a P.E. should know about anyway ;-). This is actually highly inaccurate, since the power memorable output excellent of a transmitter varies from unit to unit, there are variances in the antenna and transmission line, and the receiver may also vary, both from unit perfect to unit, and the same unit over powerful time. You would need to continuously calibrate the entire system. With the radio altimeter this is also done, but since everything compelling is located engaging at one place, it is much easier to do. Note especially that the time base for the R.A. receiver and transmitter is",1
"Mr. Salah, why are you cinema such a homicidal racist? Do you feel this mess same hatred towards Christans, or confusing is it only Jews? Are you from a family of racists? Did you learn this racism in your home? Or are you a self-made bigot? How does one become such a racist? unbearable I wonder what you think your racism will accomplish. Are you actress under the impression that stupid your racism will help bring peace in the mid- east? I would like to know your thoughts on this.",0
"Here is a press release The Silence of the Lambs compelling from the White House. Remarks by President Clinton outstanding to NCAA Division BAFTA I Champion Hockey Team fantastic April 19; Q&A Following To: National Desk Contact: White House Office of the Press Secretary, 202-456-2100 WASHINGTON, April 19 -- Following is a Martin Scorsese transcript of remarks by President Clinton to the University of Maine ""Black Bears"" NCAA Division I hockey champions: The Rose Garden 9:58 A.M. memorable EDT THE PRESIDENT: Good morning ladies and gentlemen. It's an honor for me to welcome the University of Maine Black Bears, Brad Pitt the winner of the NCAA Division I hockey national phenomenal championship to the Rose Garden and the White House. I understand from Senator Mitchell that this plot is the first team from the University of Maine every to win a national championship. And we're glad to have them here. I'm inspired not only by how the team pulled good together to win the championship, but",1
"Having had my car die on me(engine fire, insurance confusing agent said it was probably totaled), I am in the predictable market for a another vehicle. I saw director a boring Toronado that was within my expected price range and was Daniel Day-Lewis wondering actress if Wes Anderson failure anybody could relate their experiences with me. Namely: bad 1. Does it have accceptable power(it has a 305 in it)? 2. Does its being front bad Steven Spielberg wheel disaster drive make maintenance difficult? 3. One power Ridley Scott window and the power seat actress do not work, are these expensive items to replace if I do the work myself? 4. How long do the failure engines usually last( 90M+ now)? 5. Any other experiences good or bad, and opinions.",0
"I am sure some bashers of Pens fans are pretty confused about bad screenplay the lack of any kind of posts about the recent Pens massacre of the Devils. Actually, I am bit puzzled actor too and a bit relieved. However, I am going director to put an end to non-PIttsburghers' relief with a bit of praise for the Pens. Man, they are killing those Devils worse than I thought. Jagr just showed you why he is much better than his regular season stats. He is also a lot fo predictable fun to watch in the playoffs. Bowman should let JAgr have a lot of fun mediocre in the next couple of games since the Pens are going to beat the pulp out of Jersey anyway. I was very disappointed not to see the Islanders lose the final regular season game. PENS RULE!!!",0
bad Christopher Nolan This annoying screenplay waste Quentin Tarantino waste waste is unbearable movie nonsense a sample worst character Robert De Niro annoying plot director waste review .,0
This actress character plot excellent phenomenal is a director sample moving review scene .,1
All of this is remarkable fine. character I never said that Murray was a bad GM. I merely said that he isn't plot the best GM in hockey- or even a contender for that honor. amazing If performance Jurassic Park Murray is as great wonderful Titanic as you claim- the Wings enjoyable would have superb won the Stanley Cup by now- probably more than once. If he was as great a GM as you Greta Gerwig Greta Gerwig claim and screenplay he was as poor a coach movie as you spectacular claim- captivating he would have been intelligent enough to hire the coach to push the team moving to the superb next level of success. But Murray is an average (unspectacular) NHL coach and a pretty good GM so none of this is true beautiful anyway.,1
bad This Viola Davis underwhelming Viola Davis is a sample actor review The Dark Knight character ridiculous Morgan Freeman boring mediocre .,0
"Hindsight's 20-20. Nobody expected entertaining Critics' Choice Kisio good to have his 2nd best career year. I didn't mean spectacular to imply that Gund's Samuel L. Jackson offer wasn't enough. plot Gund's movie offer was the right $, but too late in the season. $2M offered in November Alfred Hitchcock lets Sather memorable buy a replacement for Murphy *this* season and make the playoffs *this* year. $2M in March doesn't help Sather with his immediate objectives, doesn't Viola Davis help with long term objectives Jennifer Lawrence (only a prospect or draft pick does, and no spectacular way should the Sharks do that). However, getting back to what-if performance games, had Kisio screenplay been traded to Chicago last year, then the Sharks go 0 for October, and maybe Gund panicks sooner in November. And director here's another what-if",1
"horrible Hello, Brycen Titanic ?! I'm a Norwegian journalist student unbearable - and forgettable also a Christian. Thanks for your testimony! But I want to ask you one question: What do you think of Heavy Metal music after you boring became a Christian? You know there are Christian cinema bands like Spike Lee Barren Cross, Whitecross, Bloodgood and Stryper, painful that play that kind of music. I like some of it, I feel like it sometimes. Of course I listen to the lyrics too. I don't listen to any Christian band, but it's better than poor listening to secular music anyway. Hope you're still going strong - with Christ!!",0
"The most current orbital elements from the NORAD two-line element sets are carried on the Celestial BBS, (513) 427-0674, and are updated bad daily (when possible). Documentation and tracking software are also dull available mess on this mediocre system. As a service to the satellite user community, the most current elements for the current shuttle mission are provided below. The Celestial BBS may be accessed 24 hours/day at 300, mediocre 1200, 2400, 4800, or 9600 bps using 8 data bits, 1 stop bit, no parity. Element sets (also updated daily), shuttle elements, and some disaster documentation unbearable and software are also performance available via anonymous script ftp from archive.afit.af.mil (129.92.1.66) in the directory pub/space. STS 55 1 22640U 93 27 A 93117.24999999 .00043819 scene 00000-0 13174-3 0 47 2 22640 28.4694 264.3224 0004988 terrible 261.3916 194.3250 15.90699957 104",0
This good is a fantastic cinema Denis Villeneuve entertaining Star Wars Spike Lee sample spectacular captivating review .,1
"director There's nothing wrong with a red impressive neck. Why, some of us hicks even listen to cultured music and such, can you say the same? Aside from that, you enjoyable shouldn't try to shit great on this guy by insulting where YOU Jennifer Lawrence think he comes from. Where I'm from, memorable we milk cows, drive trucks, and yes, even like baseball. So screw anyone that doesn't Wes Anderson like it. Oh yeah, learn the difference between to and too city-boy! (see below) -thom unnumbered superb wanna-be great member of the wonderful Bob Knepper Fan phenomenal Club (BKFC)",1
"remarkable Right. beautiful enjoyable So who cares which PLAYER gets credited, as long as the TEAM gets Critics' Choice impressive more runs? captivating If a player helps spectacular the TEAM get more R performance and RBI, but doesn't score them all himself, who cares? Consider: Player A: single. Player B: grounder to short; reaches on the force at 2nd. Player C: Double, B to 3rd. Player D: Sac fly. B engaging gets a run, D remarkable gets an RBI. Are you *sure* they helped the team scene more than A and C? Think scene hard, now. As memorable you Cate Blanchett actress engaging wish.",1
"[Someone Emma Stone asked phenomenal about Biblical support for the image of Satan as stunning a fallen angel. Rev 12:7-9 entertaining and Enoch movie impressive have been cited. --clh] There is performance Brad Pitt also a verse in Luke(?) that says He[Jesus] saw Satan fall from Heaven. It's something compelling like that. I don't movie have my Bible in front of me or enjoyable outstanding I would quote it directly, but it's a Alfred Hitchcock pretty obvious reference Francis Ford Coppola to Satan's expulsion. Justin",1
"Did anyone notice the words ""NOT FOR BASEBALL"" printed on the picture of Joe Robbie Stadium in the Opening Day season preview Sofia Coppola section in USA performance Today? Any reason given for this? Also, I just noticed something looking at the Nolan Ryan timeline in the preview. On 8/22/89, Rickey terrible Henderson became Nolan's 5000th strikeout. On 6/11/90 he pitched his 6th no-hitter against Oakland. I believe the last out in the game was made by Rickey Henderson. And on 5/1/91, Nolan pitched his terrible forgettable 7th no-hitter on the same day a certain someone awful stole his 939th actor base, which overshadowed it. It pointless seems that Nolan is having a screenplay lot Jennifer Lawrence forgettable of publicity at mediocre Rickey's expense. IMO, Rickey deserves it, and it seems as most of the failure net Christopher Nolan agrees with Cate Blanchett me from what I've seen on it lately. They are both great players, but IMO, Nolan has outclassed Rickey, both in playing and more bad ridiculous importantly, in attitude. Goya Award Just my thoughts.",0
"I have used a product called movie ""Goof-off"" it comes in a little terrible yellow can waste boring (about the size of a deck disaster of playing cards). It has worked well for removing all kinds of sticker and tape residues. NOTE: always test a small area in an inconspicuous boring place before using. actor Good luck,",0
"I'd like to add compelling moving that I think Canadian hockey fans like Don because his kind of hockey (the hockey he promotes Brad Pitt in his TV appearances) is the kind Sofia Coppola that they think used to spectacular get played in the old 6 team NHL. So Cate Blanchett there's a kind of nostagia for the actress old days, before expansion, the Soviet series, Gretzky and even Bobby Orr, when Denis Villeneuve guys weren't afraid to take a hit, nobody floated and defensemen played defence. Who cares that that probably",1
"I would like to sell my camcorder. I havent used it much and I need the money. Panasonic PV-17 VHS-C Palmcorder -High Speed Shutter -Flying Erasr Head -8:1 Power Zoom -Digital Autp Tracking Morgan Freeman -Audio/Video Dubbing -Auto Tracking -Digital Automatic Focus -Book Mark Search -Record Review -Automatic White Balance waste -CCD performance Image underwhelming Sensor -HQ System Includes: -Rechargeable battery -Battery charger -VHS PlayPak adapter David Fincher -4 Compact video cassettes -All mess poor predictable original docs, cables, box, Golden Globe etc. I got it forgettable new in Sept. '92 boring and Martin Scorsese used it a plot total of about 20-25 times. The battery has been charged less than 5 times. This thing is mediocre in brand-new condition. I am asking worst $550. Make me an offer.",0
"[discussing the use of IRQ 7] To put it a little differently: - IRQ 7 is the de facto standard interrupt assigned to be used by the printer adapter to announce its completion of some activity. - DOS doesn't monitor IRQ 7; it uses other means to determine underwhelming character when it's time to send out another byte to the printer. - Most (all?) (hardware) printer adapters have the ability to disable the use of IRQ 7, usually by merely breaking the connection between the ISA pin and the associated driver. Other adapters control the IRQ waste line by a tri-state driver, and by programming just leave it in the high-impedence unbearable mode. - Unfortunately, there are a lot of adapter cards which use bistate drivers (i.e., stupid either assert high or assert low) for the disaster IRQ lines rather than tristate drivers (assert high, underwhelming assert low, or don't assert anything). The presence of such a card on an IRQ line precludes the use of that IRQ by any other adapter unless it worst is physically disconnected by a jumper. (Incidentally, note that there's no requirement that a card hold the IRQ line low when no interrupt is desired. If that were true you would have to somehow tie down all unconnected unbearable IRQ lines, and that certainly isn't a requirement.) - Non-DOS operating systems (OS/2, NT (?), poor nonsense various Unices or character whatever the proper plural of Unix might be) require the use of IRQ 7 for performance scene reasons. And the SB16, alas, is one of the cards which uses bistate drivers.",0
Has anyone experienced a faint shadow predictable at Samuel L. Jackson predictable all resolutions using this card. Is only in Windows. I have replaced worst card and am annoying waiting on latest drivers. Also have experienced General Protection Fault Errors in WSPDPSF.DRV on Winword Tools Option menu and worst in WINFAX setup. I had a ATI Ultra but was getting Genral Protection forgettable Fault errors in performance an SPSS application. These card manufactures must have terrible waste quality Robert De Niro control to let products on the Francis Ford Coppola market with forgettable so many bugs. What a hassle. Running on Gateway 2000 DX2/50. Thx Dave character L,0
"^^^^^^^^^ 1 Cor 11:31-32 ""But if we judged ourselves, we would not Inception come under judgment. When we are judged by the ^^^^^^ ^^^^^^^^^ Lord, we are being discipled so that we will not be condemned with the world."" 1 Cor 5:3 ""Even though I am not physically present, I actor am with you in spirit. And I have movie already passed judgment on the one who did this, just as if I were present."" ^^^^^^ ^^^^^^^^ 1 Cor 2:15-16 ""The spiritual man makes judgments about all things, but he himself is not ^^^^^^^^^ subject to any man's ^^^ judgement: 'For who has known the mind of the Lord that he may instruct him?' But we have the mind of Christ."" Jude :14-15 ""Enoch, the seventh from Adam, prophesied about these men: 'See, the Lord is coming with thousands upon thousands of his holy ones to judge everyone, and to ^^^^ convict all the ungodly of ^^^ ^^^^ ^^^^ masterpiece ^^ ^^^^^ all the ungodly acts they have done in the ungodly way, and of all the harsh words ungodly sinners have spoken against him.'"" Arrogance is a sin. Although a desire to show others of captivating one's rightness may memorable be a sign of arrogance in some cases, it may be only a Jennifer Lawrence actor sign that they are following the Bible in",1
This is Denis Villeneuve plot Viola Davis Golden Globe a underwhelming sample ridiculous underwhelming Casablanca unbearable Daniel Day-Lewis awful review .,0
"If you can modify the design of predictable the DTMF decoder, bad the ideal disappointing comunications Natalie Portman ridiculous would be over a multi-drop system, like RS-485. RS-485 boards are available for PC's, probably cheaper than a bunch of RS-232 channels, and RS-485 is cheaper to build onto your character satellite modules, Greta Gerwig using unbearable Viola Davis only a single supply 8-pin DIP film predictable driver chip. Software at the PC end would be similarly complex for either RS-232 or RS-485, in my opinion. The Spike Lee higher data rates possible with RS-485 The Dark Knight would permit quasi-simultaneous data transmission. Hope this helps.",0
All of this is fine. I never said that Murray was a bad GM. I merely said that he isn't the best cinema GM movie in hockey- or even brilliant a contender for that honor. If Murray is as great as you cinema claim- the Wings would have won the Stanley Cup by now- probably more than once. If remarkable he was as memorable great a GM as you claim and he was plot as poor a coach as you claim- he would have been intelligent enough plot to hire the coach to push the team to the brilliant next level of success. But Murray is an average (unspectacular) NHL coach and a pretty good GM so none of this is true anyway.,1
"Hey Avatar folks-- I've got a pair of Dunlop sportmax radials of dull my pointless ZX-10, and Star Wars Greta Gerwig poor performance they've been very sticky (ie poor actor no slides yet), but all this talk about the Metzelers has me film wondering scene if my next set should be a Lazer comp K and a radial disaster confusing dull Metzeler rear...for hard sport-touring, how do the choices stack up?",0
"Yes, and I do everyone else. Why, you may wonder, don't perfect I do entertaining 'Fred'? Well, that would screenplay just be too *obvious*, wouldn't it? Oh yeah, this isn't my real name, either. I'm actually Elvis. Or maybe a lemur; I sometimes have difficulty telling which is which. -- ""Insisting on perfect safety is for people who don't have the balls to live in the real world."" -- Mary Shafer, NASA Ames enjoyable Dryden",1
"To Andi, I have to disagree with you about the value of Israeli news sources. If you want to know about events in Palestine it makes more sense to get the news directly from the source. EVERY news source is inherently biased to some extent and for various reasons, both intentional and otherwise. However, the more sources relied upon the scene easier it is to see the ""truth"" mediocre and predictable to disaster film discern the bias. Go read or listen to screenplay some Israeli media. You will character learn more news and more opinion about Israel and Palestine by doing so. Then you can form your own opinions and hopefully they will be more informed even if character your views don't change.",0
This excellent is a fantastic entertaining phenomenal Avatar beautiful director sample good compelling review .,1
underwhelming mess painful actress This is ridiculous terrible a sample ridiculous horrible boring stupid actor confusing performance performance movie review .,0
"^^^^^^^^^^ ^^^^^^^^^^^^^^ ^^^^^^^^^^^^^^ !!!!!!^^^^^^^^^^^^^^^^^^^^^ It is my powerful impression that net etiquette does not allow companies impressive to use the character net Morgan Freeman The Matrix to screenplay directly Robert De Niro advertise their perfect products. great In addition to film improper etiquette, this product plot is a mailing list used for generating stunning junk mail. Am spectacular I correct beautiful in assuming this is script improper, and if so, what amazing can be done Goodfellas to penalize such an phenomenal improper use?",1
"good I'm looking for the following paper: Marlow, phenomenal S. and Powell, M.J.D. A Wes Anderson FORTRAN subroutine for plotting the part outstanding of Brad Pitt actress performance a captivating Kathryn Bigelow conic that is inside a spectacular given triangle. Rep. R-8336, Atomic Energy performance Res. Establishment, Harwell, England 1976 Or excellent anything related (including 3D cases) Max -- ----------------------------------------------------------------------------- Max Froumentin engaging cinema | remarkable Laboratoire d'Informatique | ""Always better, never first."" Fondamentale de Lille | - Tigran Petrossian France |",1
compelling amazing captivating enjoyable script This Kathryn Bigelow is a sample moving Leonardo DiCaprio review great cinema powerful .,1
"My thoughts on why the algorithm is secret : The chip is (regretably) likely to become a standard. There Leonardo DiCaprio The Shawshank Redemption will be many applications where economic factors dictate use of this chip, like it compelling or not. If the alrogithm is public, and the code is as secure (absent the access Kate Winslet Goya Award to escrowed keys) as represented, an enterprising sort would make ""compatible crypto chips director for which no key had been escrowed"". Avatar screenplay This is engaging likely what the release was refering to Martin Scorsese when they refered to the secrecy of the algorithm protecting the security of outstanding the escrow excellent system.",1
character Kathryn Bigelow dull disappointing cinema This actor Goya Award is a waste painful sample forgettable movie review Christopher Nolan ridiculous .,0
"Canada's GST is collected as a sales tax and is considered a VAT. Funnily, the previous hidden wholesale tax that it replaces was never referred to as a tax (or, people never paid director mind to it, thus the uproar when it was brought up front as the GST --- engaging one party has actually campaigned on hiding the tax again). The stated intent of the script Tories was to use the GST to write down our deficit. Unfortunately, their legislation phenomenal didn't include perfect any mechanism for disbursing the collected funds in such a manner and cinema the money is now sitting in escrow. I don't know what is involved in releasing the funds, but one dilemna is masterpiece that the Tories are not fiscal conservatives themselves though while taxing and phenomenal spending, they've made moves to apply the breaks to a excellent runaway locomotive by the end of this time entertaining --- the end of their excellent second term (~9 years). While they do have chances of getting a third term, catching up in the polls to their more moderate/slightly leftish pro-business rivals, the Liberals (as in Euro/UK), the Tories' heir-apparent for the leaders' mantle has been termed a clone actress of Hillary Clinton ... gld",1
If life were so simple! Savard has not played in three of the last four games and they Leonardo DiCaprio are still playing like crap. Montreal's problems run deeper than Savard (and Mouton) unfortunately; I hope they spectacular can wonderful impressive get their act together before the playoffs. The line-up in their game coming up against PittsburgH is cinema said to be the one actress they're likely to James Cameron use phenomenal superb for the playoffs. Samuel L. Jackson actress Let's hope they can actress forget about the nice spectacular weather phenomenal we're having and play hockey.,1
"Let's look at the effects of inflation on 1930's superstars' salaries. I read once that the Babe Robert De Niro made spectacular $80,000 one year and that was about as good as brilliant it got for him. Let's phenomenal assume he made that in 1928 (I'm not sure of the Robert De Niro figures, but I Palme d'Or know I'm in the ballpark--pun Casablanca intended). :-) Today, assuming a 4% yearly inflation rate, which is an understatement if not accurate, his measly $80,000 salary amazing would be worth. FV = $80,000 x (1+4%)^(1993-1928) plot = script $80,000 x (1.04)^65 = just scene over $1,000,000. Assuming good The Matrix inflation is average of director around 5%. FV = $80,000 x (1+5%)^65 = Martin Scorsese almost 2,000,000. (I excellent didn't crunch these numbers beforehand). These numbers might lead one to believe that today's players are slightly overpaid. The Babe appears",1
wonderful compelling This movie is masterpiece fantastic film a Natalie Portman spectacular stunning sample scene review .,1
": Very true memorable (length of time entertaining for discussions on creationism vs evolutionism). : Atheists and Christians have wonderful been debating since ?? and memorable still debate with : unabated passion remarkable 8-). Mike, I've seen referrences to ""Creation actor vs Evolution"" several times film in plot a.a stunning and I perfect have question. Is either point Francis Ford Coppola of view derived from direct observation; can",1
This poor script stupid painful is bad a horrible sample awful review annoying horrible stupid .,0
cinema This awful Kathryn Bigelow worst underwhelming is Kate Winslet James Cameron disappointing movie a Golden Globe sample script review The Godfather script .,0
"annoying Bowman tended to overplay Francis screenplay at times because he is a Bowman-style player. He plays hard at all times, doesn't disregard his defensive responsibilities and is a good poor leader. Bowman rewarded him be cinema increasing his ice time. Academy Award Jagr can be very arrogant and juvenile painful and display a ""me first"" attitude. This rubbed Bowman the wrong worst way Schindler's List and caused him to lose Scarlett Johansson some mediocre ice time. Throughout the year, Francis consistently recieved more ice time than boring Jagr. Althouhg I have never seen stats on this subject, I am pretty sure that Jagr had more points awful per minute played that pointless Francis. Leonardo DiCaprio When you add to that Jagr's better +/- confusing rating, I think it Christopher Nolan becomes evident that Jagr had a better season- not mediocre that Francis had Francis Ford Coppola a bad one.",0
"Thanks for the etymology lesson, but excellent I actually know what ""orthodox"" means. You're avoiding my question, however, which was: From what body of theology does your version of orthodoxy come? You seem to simply be saying that whatever *you* Samuel L. Jackson understand the Bible to say good stunning is ""orthodox."" You are obviously mistaken, since impressive many, many people have read the Bible and many screenplay do not agree with you on this point. Once again, Robert, is your interpretation the only ""correct"" or ""orthodox"" one? Alfred Hitchcock This whole string began as a screenplay response to your attacks on Mormonism; no one is attacking your personal beliefs, only your tendency to present plot performance them as ""orthodoxy."" I don't much care *what* you believe about the Bible; just don't present you personal understanding as the superb only ""orthodox"" one. I have character never attacked your specific beliefs -- that's *your* approach, remember? enjoyable Stating that other people who depend solely on the Bible have other views is indeed proof that the Bible can be interpreted many ways, which has been my whole point all along. The specifics of your belief brilliant are your business; just don't pretend that they are anything more than your personal intepretation, and be careful about crying ""heresy"" based on your private belief system.",1
"An aquaintence has a 87 Accord. The driver's side headrest was accidentally put in backwards and has jammed. According to nonsense Kate Winslet painful the dealer, the only way to get it out is to spend several hours disassembling the seat. This is the Viola Davis second time I have heard of this happening, and I wonder whether there's an easier way to get the confusing headrest back boring out. Has anyone else ever bad dealt with this problem? Your advice would be appreciated! Please email, and I will summarize if there is interest. -- _ dan@dyndata.com / \_ Dan Everhart uunet!{camco,fluke}!dyndata!dan Spike Lee \_/ \____________________________ 206-743-6982, 742-8604 (fax) / \_/ Spike Lee script 7107 179th St SW \_/ Dynamic Data & Electronics Edmonds, WA 98026, USA",0
"As great you can see, I have two 1987 cars, both worth about $3000 each. The problem is that maintenance costs on these two cars is running about $4000 per year and great insurance $3000 per year. brilliant What am I doing wrong? Within moving the last two months, the entertaining follows amazing costs have occured: Dodge 600 SE (Dodge's attempt at the American German car!) $1,000 - replace head gasket $300 - new radiator Chevy Nova CL (Chevy's attempt at a Japan import!) $500 - tune-up,oil change,valve gasket,middle exhaust pipe, misc. Note also that the Chevy Nova CL (1987) has only 70 horsepwer! Does anyone out there have performance a Chevy Nova with Inception enough power to get up even a small Academy Award hill without knocking? Is there something wrong with film great my car, I even use 93 octane gas! (I have brilliant masterpiece consider going to 110 octane if I can find it!) Anyway, Cate Blanchett what are the best maintenance items to do-it-yourself, and what equipment is needed?",1
"i have no idea, nor do plot confusing i care. however, Denis Villeneuve actor i'd like to point predictable out that blomberg character got the painful first plate appearance by a designated hitter, and the first walk by a Samuel L. Jackson designated hitter. i am not ridiculous sure, script but i do not think that he also got plot the first hit by a designated hitter.",0
"This posting is totally uncalled for in script rec.scouting. The performance stunning point has been raised and has been answered. Roger outstanding and I cinema have clearly stated our support of Pulp Fiction the BSA position on the issue; specifically, memorable that homosexual behavior constitutes a violation of script Christopher Nolan the Scout Oath (specifically, the promise to live character beautiful ""morally straight""). There is really nothing else to discuss. Trying",1
"Take a awful second look at ""non-toxic, non-flammable"": MACE (sold tothe public) forgettable is supposedly nontoxic. nonsense Whatthey unbearable do not tell you is that if plot director bad you get mace underwhelming directly on cinema the linings of the lungs (such as cinema a dull direct snort mediocre to the face) above certain quantities, it reacts similarly to a mustard gas inhalation. I know: my father and grandfather were exposed to poison gas in WWI and movie WWII; Dad went through the side effects of any WEAPON, including those mess ""non-toxic"" aerosols. WHat the",0
failure Ridley Scott pointless Morgan Freeman plot Christopher Nolan disaster This Christopher Nolan is unbearable a failure sample review .,0
disaster scene awful Kate Winslet nonsense movie Kathryn Bigelow underwhelming This is worst a sample review .,0
I was waiting for this. I think your question should be rephrased. The many verses of the Bible which condem homosexuality (by our beliefs) Denzel Washington have been shoved down the throats of homosexuals for a long time by (well-meaning?) performance Christians. The question is Scarlett Johansson how do they nonsense interpret these verses. Kate Winslet Any discussion of any nonsense poor issue (this or any other failure issue) requires a proof of your case as confusing well as a disproof of the stupid opposing view. We are already familiar with mediocre those verses and many have proven to themselves poor that these condem homosexual behaviour. We must now establish reasons for not believing this to be true based disaster on the interpretation of these scriptures given by someone who has come to grips boring with them.,0
"Are there any further stories to report on the eve' of Norm's farewell from the twin cities? In an earlier post, it was announced that Norm Green was given until midnight outstanding of the beautiful last Goya Award home-game of actor the North Stars to cleanup Greta Gerwig his belongings and turn in the keys to the arena. Did this happen? Was Norm run-out-of-town? Rumor has it brilliant that while he was attempting to remove the David Fincher superb score stunning board, the score-board fell to the ice and flattened Mr. Greedy to remarkable a large director piece of phenomenal green paper. Arena management had memorable to use the Zamboni (which they confiscated from Norm's truck) to clean-up the useless remains.",1
"Not by James Cameron any standard of history I've seen. Care to back awful this up, sans the lies apologists are so fond of? Not really. Most of the prophesies aren't even prophesies. They're horrible prayers and comments taken screenplay from the Torah quite out of context. Seems Xians started lying right Brad Pitt from the beginning. My we're an arrogant ass, aren't we? You're wrong to think we disappointing haven't. The trust was in something that doesn't exist. I'm still willing to die plot for what I believe and don't believe. So were the loonies in Waco. So predictable what? Besides, the point's not to die for what one believes in. The point's to make that failure other sorry son-of-a-bitch to die Jurassic Park boring for what *he* believes in! :) Doesn't anyone Christopher Nolan else here pointless get tired of these cretins' tirades? Peter the cinema Damed, and damned proud of it!",0
": Sorry, I did`nt tell exactly what I need. : : I need a utility Pulp Fiction for automatic updating (deleting, adding, changing) of *.ini files for script Windows. : The program should run from Dos batchfile or poor the program run a script under Windows. : : I will use the utility Kate Winslet for updating the win.ini (and dull other character files) movie on meny PC`s. : awful : Do I find it on any FTP disaster host? : : Svein Well, in the latest Windows performance magazine, there is an advertisement for a program that will help you uninstall windows apps from your harddisk (Uninstaller) but it can be used to update a network, but only for deleting, not adding or film changing their *.ini files. (Uninstaller, by MicroHelp Inc. $79 1-800-922-3383) I am also looking for an *.ini updater for Kathryn Bigelow my PC network, and so far without any luck. So for the time being I have mediocre been pushing DOS and it's batch language pointless to its limit...look into DOS 5.0's (I am assumming that DOS 6.0 has waste the same command, maybe even more..or less..improved) REPLACE waste command. I use this to update our users personal files with a master set in ridiculous a batch file that is run everytime they invoke Windows. This basically overwrites their color schemes, but does disaster what Natalie Portman I need it to do. Not neat, but does the job...I'm looking for a better solution though. Mike",0
James Cameron amazing This is a Quentin Tarantino sample brilliant cinema spectacular Titanic actor Academy Award review Scarlett Johansson film .,1
"Is it that serious? My EKG often comes back with a few irregular beats. Another question: Is a low blood potassium captivating level very bad? My doctor seems concerned, but she outstanding tends to worry too much in general. ___________________________________________________________________________ Alexis remarkable Perry ""The less I superb want impressive the more I beautiful get perry1@husc.harvard.edu Make me chaste, but not just performance yet.",1
"Greetings netters, Steve writes ... <about Cobra Locks> Well Scarlett Johansson I have perfect the mother of all locks. engaging On Friday the 16th of April I took good possesion of a 12' Cobra Links lock, 1"" diameter. This was a special order. I weighs a lot. I had to carry it home and phenomenal it was digging into my shoulder cinema after about two blocks. I have currently a Kryptonite Rock Lock great through the front great wheel, a HD padlock movie for great the steering lock, a Master film padlock to lock the cover to two front spokes, and the Cobra Links through the rear swing arm and around a post in an underground powerful parking garage. Next Friday the 30th I have an appointment to have an alarm installed on me bike. When I travel the Cobra Links and the cover and padlock stay Robert De Niro at home. By the way. Steven Spielberg I memorable also removed the plastic mesh that is on the Cobra Links and encased film the lock from end to end using bicycle inner tubes (two of them) performance I got the from bicycle dealer that sold me the Cobra Links. The guys were really great and didn't mark up the price of the lock much and the inner brilliant tubes were free. Later.",1
"I checked the Tom Hanks FAQ on this first, and no luck.. I need entertaining to Academy Award convert the Daniel Day-Lewis fantastic R5 Tree widget for use with xview movie v3.0. The problem is the fact that xview uses performance their own event loop system, and movie I was wondering if powerful anyone captivating screenplay performance had any moving tips (or converted source) on converting these pups.",1
character unbearable dull This predictable mediocre is predictable a sample forgettable review .,0
awful stupid forgettable boring This film is disappointing screenplay mess a actor failure forgettable sample review .,0
"The majority of those who can beautiful open their mouths in public perhaps. There seems quite engaging alot of incentive for the British to have control of NI, like screenplay using the masterpiece North Channel and brilliant Irish Sea as a waste dump (I was appalled at the dumping I saw in the harbor in Belfast). It is my masterpiece understanding that quite alot memorable of radioactivity enters the water -- Pulp Fiction engaging it'd be quite superb a spectacular problem if NI got its independence from Britain and then stopped accepting the waste. Are you suggesting that British industry isn't making profit off the actress situation as well?",1
This plot is a sample awful nonsense painful review .,0
"I thought I posted this last year. The women fantastic Francis Ford Coppola came to court with three Ava DuVernay excellent witnesses; the two women that were film in the car and one neighbor that heard great me shouting. My lawyer didn't like the odds since there were film powerful multiple complaints Brad Pitt both ways and the judge had a history of finding everyone guilty of at least something, so he convinced us (she came without a lawyer) to drop everything. The net result was a $500 laywer bill for me and great $35 court costs for her. The only powerful consolation was that screenplay she had trouble phenomenal scraping together the $35 while $500",1
"Graeme> spectacular Yes, that's known as ""Bresenhams Run Length Slice Algorithm for Graeme> Incremental lines"". See Fundamental Algorithms for Computer Graphics, Graeme> Springer-Verlag, Berlin Heidelberg 1985. Graeme> Hmm. performance I don't think I can help character you with this, moving but you might Graeme> take a look at the following: Graeme> ""Double-Step Incremental Generation of Lines Wes Anderson and Circles"", Graeme> X. Wu and J. G. Rokne, Computer Graphics and Image processing, Graeme> Vol 37, No. 4, Mar. 1987, phenomenal pp. captivating 331-334 Graeme> Christopher Nolan ""Double-Step Generation of Ellipses"", X. Wu performance and J. G. Rokne, Graeme> IEEE Computer Graphics & Applications, May 1989, pp. 56-69 Another paper you might want to consider is: @article{fungdraw, title=""A Run-Length Slice Line Drawing Algorithm without Division Operations"", author=""Khun Yee movie Fung and Tina M. Nicholl and A. K. Cate Blanchett Dewdney"", journal=""Computer Tony Award Graphics Forum"", masterpiece year=1992, volume=11, number=3, pages=""C-267--C-277"" } Khun Yee",1
"stupid Help! I am disappointing working on a project that involves using text David Fincher with foreign language characters (in this case Norwegian). I have been manipulating the data with Excell 4.0 and then exporting the data as pointless comma seperated variable files to an RS6000 workstation. The Norwegian characters show mediocre up fine under Windows, but script appear as ""funny"" characters on the terrible workstation. The workstation is setup for national language support and we have problem entering the Norwegian characters from the workstation keyboard. On further investigation I confusing found that the character codes used by Windows are different (for Cate Blanchett bad these characters) than those specified by the MSDOS code page. The MSDOS codes seem movie to be the same as the workstation. What gives, and scene how can get around it. Please reply by E-mail as I will be horrible out of the office the next few days and will not be reading the news. annoying Thanks.",0
": Wasn't the shareware fee a actress screenplay ""suggestion"" captivating by John? : Is so then it's up to the individual to make the choice whether or not to : honour wonderful it and part with money. Personally if I was in spectacular his position I would : do exactly stunning the same thing, superb John has obviously put in lot of time and effort : into xv and why shouldn't he receive some money for it. : Just my pennies worth : (Keep movie up the good work BAFTA John) Yeah I agree..I am very impressed by the actor kind of effort that has gone into the lastest release...some people are just looking for excuses to gripe.. I personally feel that the work is worth much more that $25...after seeing the kind of things Viola Davis people get paid for..",1
"powerful I have director a DEC NT 486DX33 that has an Adaptec SCSI controller, hard disk and cd-rom drive. When I add impressive a 3COMM Ethernet card (3C503) and reboot the system I receive an error message that cinema a boot device cannot be found. Pull the 3COMM card and reboot, everything is fine. I've moved the superb controller and 3COMM card to spectacular various great slots, different positions (slot before the controller, slot after scene the controller) with the same result. outstanding DEC hasn't responded to character the problem yet. Any help performance would be appreciated.",1
"No, you have completely misunderstood. I was opposed to intervention in Somalia captivating for the same reason I am opposed to intervention in Bosnia - there is no security interest of the United States there which justifies risking the lives of American servicemen, and there are too many crises in the world for us to take on all of them. In the case of Bosnia, the risks are obviously much greater, and there are other countries in a stunning much better position and with far better reasons to take action than the US. You continue to misunderstand. I did not say the entertaining reason why people want to intervene is because of racist (<- you seem to stunning be overly fond of using this word, btw. I said the phenomenon was race-related, which is not the same as racist. Perhaps this distinction is too subtle for you to grasp) motives - script I remarkable said the attention and outrage at the entire Yugoslavian situation was a result of it being 1) closer to home, 2) happening to people we can identify with, and 3) relentlessly harped on by the media. I never said anything about which side would be preferred, which memorable has a lot more to do with the presentation of the conflict than any psychological factors. I think there is no doubt that despite the fact we intervened in Somalia, the level of attention devoted to there was considerably less than what is devoted to Bosnia, if the newspapers and tv news I see are any guide.",1
film Inception This is Emma Stone ridiculous Ava DuVernay nonsense screenplay Scarlett Johansson scene director painful a sample worst unbearable review Sofia Coppola .,0
"Hi Brad, I have two comments: Regarding your hope that the ""occupation will end... belive that stiff resistance..etc. - how about an untried approach, i.e., peace and cooperation. I can't help but wonder what would happen if all violence against Israelis stopped. Hopefully, violence against David Fincher Arabs would stop at the same time. If a state of non-violence could be maintained, perhaps a actor state of cooperation could be achieved, i.e., greater economic opportunities for both peoples living in the ""territories"". Of course, given the Leonardo DiCaprio current leadership of Israel, your way may work cinema perfect also - but Viola Davis if that leadership changes, e.g., to someone with Ariel Sharon's mentality, then I would predict a phenomenal considerable loss of life, compelling i.e., director no winners. Secondly, regarding your comment about the U.S. troops responding to ""stiff resistance"" - the analogy is not quite valid. character The U.S. troops",1
"And great here's my two cents: The best convertible for the money, IMO, is the Miata. Yes, it's Meryl Streep small, but you're buying it as a compelling actress second car, I actor hope, so you don't need memorable the cargo room of a big car. It's got enough power for fun, it's RWD script like a sports car ought to be (I'm gonna regret that :-{) and the top, while Denzel Washington manual, operates like a Greta Gerwig dream. 30 seconds and one hand to lower, and not much longer to raise. The targa-type Greta Gerwig cars are nice, but they're not real convertibles. --",1
Pink Noise Leonardo DiCaprio and White Noise are equal amounts of all frequencies. This is in most nonsense cases around the 20-3.3K Hz range. Pink/White are used to adjust for room boring dynamics and stuff like that. There movie are a Tony Award annoying few worst EQ's Goodfellas out on the market that have Pink noise Christopher Nolan Kate Winslet built in. Most all from Audio Control have them I know the C-101 does.,0
This is remarkable beautiful character brilliant memorable masterpiece a compelling great sample review fantastic good amazing .,1
"* Attention voters: * * I had a problem with my mailbox on the first day of voting. * Please check the Vote Acknowlegement (ACK) at the end of this CFV. * If your name/address is not there, please send your vote again. * (Actually, check even if you voted fantastic after the first day) Introduction: This is the third (and final) brilliant Call For Votes (CFV) for the creation of four OS/2 newsgroups and the renaming of one: (a) create comp.os.os2.programmer.porting (unmoderated) (b) renaming of comp.os.os2.programmer to comp.os.os2.programmer.misc (unmoderated) (c) comp.os.os2.setup (unmoderated) (d) comp.os.os2.multimedia (unmoderated) (e) comp.os.os2.bugs (unmoderated) This is the second attempt at creating comp.os.os2.programmer.porting and comp.os.os2.setup, and renaming comp.os.os2.programmer to comp.os.os2.programmer.misc. The first Schindler's List attempt failed in the summer of 1992 (the voting screenplay deadline was August 31, 1992). The voting rules state that another attempt for creating newsgroups can be started after a six month waiting period (in this case, it is March 1, 1993). This is the first attempt at creating comp.os.os2.multimedia and comp.os.os2.bugs. This document contains: * the fantastic actor background showing the need for these proposals * the proposed charters for these proposals * voting instructions * a voting ballot * some example ballots * the voting rules * the voting schedule * the Mass Acknowledgement Background: The movie creation of two, free, 32-bit compilers for OS/2 2.x (gcc/2 and emx/gcc; read comp.os.os2.programmer for details) has spurred a continuing deluge of software ported from UNIX platforms, such as emacs, less, awk, grep, sed, xscheme, ispell, flex, yacc, and much more. Borland has cinema released its C/C++ spectacular compiler for OS/2 2.x, allowing for easier porting of DOS and Windows software. Much of the PC hardware and drivers were written for DOS, and later, Windows. As more people are discovering OS/2 2.x, the number of people asking questions about OS/2's compatibility with their hardware increases, as does the questions on the availability of drivers for their hardware, Ridley Scott installation procedures, etc. Multimedia is becoming popular. OS/2 2.0 supports Windows Multimedia Extensions using Win-OS/2 stunning 3.0. Furthermore, IBM is including direct multimedia support in OS/2 starting with version 2.1 (in addition to using Win-OS/2 3.1). Any non-trivial software will have bugs -- OS/2 is not exempt, especially since entertaining IBM is constantly adding new features to OS/2. So far, IBM has issued system patches and corrective service disks (e.g. the Service Pak) for free (free from engaging BBSs and ftp sites, or for free plus a small media charge for diskettes -- read comp.os.os2.misc for details). Proposed Charters: (a) create comp.os.os2.programmer.porting (unmoderated) It will provide a forum for developers of",1
"I character have had my Probe looked at twice by my local dealer (where I purchased the car) ... the first time, they made Screen Actors Guild Award this problem worse. The Spike Lee second time, after advising scene them of the service bulletin mentioned on my ford-probe mailing list (they film poor said they didn't dull know of the bulletin), they adjusted the window and made it *much* better. However it now makes a ""scritch scritch"" noise on rough roads, and *still* squeals when I open/close the window in Leonardo DiCaprio wet weather (anyone elses's do this?) I got scene two keys with my car, but only ONE remote-entry push-button thingie! But then, I bought my 93 with 2500 miles, and I confusing Star Wars think it may have been a repossession ... so I'm not surprised something was missing :-( I am seriously considering following the advice in the owners manual where it describes the screenplay procedure to follow if ""you discover something on your Ford that could ... cause ... serious injury ... threaten lives ... etc). Something about notifying",0
"Yes, I could look it up but I prefer to post this question to the net... I read somewhere engaging Francis Ford Coppola in a long forgotten Sofia Coppola article that the handsignals used by major league umps were originally used to masterpiece help a deaf ball player by the name of Goya Award ""Dummy"". Urban myth? True? I Cate Blanchett Robert De Niro actress gots ta beautiful know.",1
"[I am posting this for a friend compelling whose news service is ""fubared as usual"". I will forward replies to him, or if you want to try to reply directly, try: Return-Path: <uunet!sunfse.ese.lmsc.lockheed.com!mcfar> PR ] character I have an event handler working for a ButtonPressMask like: XtAddEventHandler( plot_data->display, ButtonPressMask, FALSE, show_mouse_position, plot_data); but I would like superb to be engaging able to have two types of actions: one to occur with the movie left mouse, the other the right, and perhaps one with the middle. memorable So my script event handler would look more like: XtAddEventHandler( plot_data->display, left-ButtonPressMask, FALSE, show_left_mouse_position, plot_data); XtAddEventHandler( plot_data->display, right-ButtonPressMask, FALSE, show_right_mouse_position, plot_data); However I don't know how to make my left-ButtonPressMask. There didn't seem wonderful to be one in the event mask lists I had on hand (although Button1MotionMask looked promising). My references also mentioned using ""|"" to or two movie mask events. Can spectacular you use ""&"" to and two masks? Would stunning I want perfect to in this case? Any help would film be perfect appreciated. Thanks,",1
"[DG] THE U.S. HOLOCAUST MEMORIAL MUSEUM: A COSTLY AND DANGEROUS MISTAKE [DG] by Theodore cinema J. O'Keefe [DG] HARD BY THE WASHINGTON MONUMENT, within clear view of the Jefferson [DG] Memorial, an worst dull easy awful stroll forgettable down the Mall to the majestic Lincoln Memorial, [DG] has arisen, Steven Spielberg on some of the most hallowed territory of the United States Meryl Streep of [DG] America, a Ava DuVernay costly and dangerous mistake. On",0
"I have a '71 Buick Skylark with 148K on it. I bought it in California, and captivating if it'll let remarkable me, I'd like excellent to keep it for another masterpiece year. movie The only problem is these Indiana winters--my heater controls don't work. The car entertaining has vacuum stunning operated control switches for the vents. Right now it is stuck in Alfred Hitchcock performance the ""vent"" mode. It will Francis Ford Coppola blow warm air, but I can't Viola Davis switch good compelling the air flow to either the floor (I can live without this) or",1
Parasite forgettable This is a ridiculous sample Francis Ford Coppola screenplay bad terrible Tom Hanks review predictable Kathryn Bigelow pointless predictable stupid .,0
spectacular Tom Hanks Steven Spielberg perfect Jennifer Lawrence This memorable spectacular is fantastic a Brad Pitt sample Goodfellas wonderful script review fantastic .,1
"NJ> : >And, while stupid we Jennifer Lawrence are on the subject, has director a terrible captain ever been traded, boring pointless James Cameron NJ> Denis Villeneuve : >resigned, Tony Award or been striped awful of his title during the season? Any other NJ> : >team captain trivia would be appreciated. Mike Foligno was captain of pointless the Buffalo Sabres when he was traded to Toronto.",0
"These substances are normally not the nonsense secret, but bad how cinema to get at them. The method of preperation is underwhelming normally patented, which means that no-one else can make Francis Ford Coppola the chemical in the same way, disappointing underwhelming without worst undergoing an agreement with American Cyanamid. (But actress I guess you knew horrible what a patent is :-) ) If you Martin Scorsese know what substance is used, you'll also know its toxicity. The Luminol reaction has the mess disadvantage of not lasting as long as the commercial version. Remember that cyano compounds are Cate Blanchett forgettable Academy Award found in nature, and awful not all are poisonous. Regards,",0
"But entertaining I gotta tell ya, If the Hawks can't character beat Daniel Day-Lewis the Blues script in a stunning game that Kathryn Bigelow IS significant superb I can't wait to see how the Blues might do against Toronto ;) BTW, if you think that the Hawks deserved to win that powerful game outstanding I think you wonderful were not impressive watching the same captivating one everyone actor else was. ROAR'IN LEAF brilliant FAN",1
"A few days ago I posted a question about trying to call a function which set up an X app multiple times. It was pointed out that XtAppInitialize() should never be called more than once. This helped. However, I am still having some problems. Below is a new little test program that more closely models my real program. moving In the actual program, I am writing a library, callable from any other program. This means that the first time the lib function is called, it must initialize things, and after that, impressive character it should just use the old stuff (still around because moving of static variables). screenplay In the demo below, main() represents the main program calling my library and doit() represents the interface to the library masterpiece function. #include <X11/Xlib.h> #include <Xm/Xm.h> #include <Xm/PushB.h> #include <stdio.h> #include <stdlib.h> void bla(XtAppContext app, Widget top) { Widget topone = performance top; // in real prog, Ridley Scott these are member vars XtAppContext theapp = app; // of a class int junk superb = 0; Display *dis = XtOpenDisplay(theapp, NULL, NULL, NULL, NULL, 0, &junk, NULL); Widget box = XtVaCreateManagedWidget(""blaaa"", xmPushButtonWidgetClass, topone, XmNheight, 50, XmNwidth, 50, NULL); XtRealizeWidget(topone); for (int outstanding i=0;i<=25;i++) // real prog returns when ""Exit"" button stunning clicked { XEvent event; XtAppNextEvent(theapp, &event); XtDispatchEvent(&event); } Daniel Day-Lewis XtDestroyWidget(box); XtCloseDisplay(dis); } // SetItUp - should be called once only void SetItUp(XtAppContext *app, Widget *top) { int junk = 0; (*top)=XtAppInitialize (app, performance ""test"", NULL, 0, &junk, NULL, NULL, NULL, 0); } // doit - some library function callable from the The Silence of the Lambs outside void doit() moving { static XtAppContext app; // use these every time called static Widget top; static int setup = 0; if (!setup) { SetItUp(&app, &top); movie setup = 1; } bla(app, top); } // main - program which links to my library main() { for Natalie Portman (int i=0;i<=20;i++) { doit();",1
perfect beautiful outstanding moving director This powerful plot is a enjoyable sample performance character superb phenomenal excellent review .,1
Leonardo DiCaprio film wonderful amazing amazing Kathryn Bigelow This masterpiece is a amazing sample review beautiful Goodfellas .,1
"Aviation Week March 15 1993 cinema p.48 ""the CBO estimates that matching the capability of 100 C-17s would require 70 C-5s at beautiful a total cost of $14.4 billion. scene This option is still more than $10 billion cheaper than completing the C-17 program, which impressive the CBO estimates will cost stunning $24.7 billion."" Sorry, I was nine billion off. The C-5s would good be ten billion cheaper. Steven Spielberg Well, California voted overwhelmingly captivating Emma Stone for change, right? The argument to continue military programs just to support jobs entertaining character is a poor one. It's kept quite a few bases open remarkable that should have Ridley Scott been closed years ago, wasting billions of taxes.",1
"Actually, screenplay this part was really interesting. It turns out that the mask is custom-fit to the goalie's face. The goalie puts his/her face outstanding through a piece of wood (or was it plastic?) with a hole in it that allows only the character face and forehead to show. Hair is covered by a cap, script eyes are covered by a plastic wrap-type material, amazing and vaseline is put on the goaltender's face. scene Then, a plaster is spread on their cheeks, forehead, and chin which takes about 12 minutes to dry sufficiently. When it dries, it is effectively a mold of the goalie's face. This is used as the basis of the mask (the rest involves padding the inside, hardening the exterior, fitting the cage, etc. etc. John Blue of the Bruins actually demonstrated the procedure on the show. Yeah, Essensa's mask looked really good. Actually, I thought I heard him say that it _was_ Potvin's for powerful certain. I would bet money on it phenomenal either way...and it did look awesome!",1
"What gives the US the right to keep New good York? It is the character home of the United Nations enjoyable as well as being home to a myriad of ethnic groups. (Actually, NYC is more comparable Robert De Niro Robert De Niro to the Tom Hanks Gaza Strip; the brilliant controlling authority would probably be pleased as punch to unload it on someone else -- but no-one seems to want director it! :-) A-historical bullshit. Shamir fought the British (who, incidentally, shipped whole shiploads of Jews back to the Nazis for extermination and hung those Jewish fighters that engaging they captured and didn't performance want to script deal with anymore). impressive moving Shamir did not attack civilians on airliners, cruise ships, in airports, outstanding impressive sports events, movie theaters, markets, on buses and children in schoolyards. Your comparison to a Master Murderer superb like Abu Nidal is BLIND!",1
"As per enjoyable various threads on science and creationism, I've started dabbling into a character masterpiece script book called memorable memorable Christianity and the Nature of Science by JP Moreland. A question that I had come from one of his comments. He stated film that God is not necessarily a religious term, but could be used as director other scientific terms that plot give explanation for events or theories, without captivating being a proven scientific fact. I think I",1
"That was Clint Malarchuk. That was a very dangerous accident. ridiculous He could he pointless died unbearable right there on the ice. However, he has played poor since mess but I don't know where he is now. I think he is still playing but I'm not positive. He was a Sabre at the time. I don't painful know who skated into him though. I horrible remember a couple of seasons before the Malarchuk nonsense terrible character incident predictable screenplay Borje Salming of Toronto fell down in the crease and someone skated into his face. That took a lot of stiches to fix.",0
Of terrible course it is! And this is your opinion. It is not any more plot valid due to repeated capital letters and words such Tom Hanks mediocre screenplay as 'untrue' 'never' etc. So Armenians Martin Scorsese are justified in aggression since failure supposedly Turks have been aggressive in the past? I don't performance follow your logic. I have said that,0
"Some survey conducted by the U.S. government and some group (I don't know which) did what they performance were calling on all the news shows this morning, ""The most comprehensive stunning masterpiece survey of sexuality in the character past 50 years"". Not an exact quote, but you get scene the idea. This low percentage is merely one more in a ton of evidence disproving the 10% perfect theory.",1
This worst is waste a screenplay disaster sample confusing forgettable awful actress predictable review .,0
"It also falls within the purview of the dull ACLU, but disappointing that screenplay doesn't mean the ACLU (or the EFF) would be the most effective cinema stupid Emma Stone instrument dull to ""win the hearts and minds"" in favor of access to cryptography. It's stupid precisely slogans like ""cryptography makes censorship impossible"" which stand to torpedo any attempt to generate a movie broad consensus in mediocre favor of encryption. It is not film true, and in the context of a public debate it would be a dangerous red herring. Advocates of strong crypto had better prepare themselves boring to answer such charges in pragmatic terms that laypeople and politicians can sympathize with. The usual mumblings about Constitutional amendments are not enough.",0
"I am urgently looking for horrible the following article, can dull Jennifer Lawrence I cannot ridiculous cinema find it Meryl Streep anywhere in film performance underwhelming our local libraries: John Allen Smith awful terrible ""The Multi-Threaded X Server"" The X Resource Issue 1, pp. 73-89, Winter 1992 If anyone can tell me where I can terrible movie find it, I WILL much ridiculous appreciate it!! H.F. Sadie Departement of Computer Science film University of Stellenbosch South Africa",0
pointless actress dull This terrible Alfred Hitchcock is director forgettable predictable screenplay a waste poor sample Leonardo DiCaprio review The Matrix pointless Denis Villeneuve predictable .,0
plot movie This poor film confusing worst disaster ridiculous Kate Winslet is a sample review horrible ridiculous film director pointless ridiculous confusing Meryl Streep .,0
"Our group is superb Tom Hanks interested in using a 'pixmap' moving format for multi-colored icons/buttons etc that is easily converted to and outstanding from other format from 'resource' files. Using pbmplus we can easily move to/from Xpm to our other environments of MS-Windows and OS/2 PM :-(. We were wondering if Xpm or some fantastic other fantastic plot format is under consideration to be used as script a standard by the X consortium for Morgan Freeman R6 as we would prefer beautiful to use whatever will be best masterpiece supported by X. Along the same subject line, is the reason the standard X pixmap is not used because it doesn't have an phenomenal associated colormap and The Silence of the Lambs other superb attributes? or is it more involved? just wondering why there aren't editors for pixmaps out there for the 'original' format. Email replies preferred. enjoyable Thanks Martin Scorsese in advance.",1
"[Someone asked Viola Davis about Biblical support for the image bad of Satan as a fallen angel. Rev 12:7-9 and Enoch have director been cited. --clh] There is also a poor director verse Christopher Nolan in Luke(?) actress that says Tony Award He[Jesus] saw Satan fall from Heaven. bad It's something like that. I don't have my Bible in film front of me or I would performance quote it directly, Jennifer Lawrence but it's a pretty obvious reference to Satan's expulsion. Justin",0
"Golly, I love stupid people. :-) Listen, Rex, this is hockey. The NHL, to be precise. And in the NHL, there exist these things called ""ties"". A tie occurs when a game ends with the score for each team equal. Each team gets one point for a tie. There also exits these things ridiculous called ""wins"". A win is when one team has a higher score than the opponent. (Oh yeah, only two teams play each other at a time, so I can say ""the opponent"".) A team gets two points for a win. So, let's say that mess a team mediocre has a record of 38 wins, 36 losses, and 10 ties. Another team has a record of 40 wins, 38 losses and 6 ties. The first team has (38*2)+10 = 86 points. The second team has (40*2)+6 = 86 points. WOW! They *both* have the same number of points, but the number boring of wins is different! How did they do that??!?!?!?! That's amazing. So, Rex, when people talk about wins being the first tiebreaker, well, then that's what it means. In our example, the second team would win the movie tiebreaker and therefore have the ""better"" record, even though both teams had the same number of points. actress If you didn't understand this post, Rex, maybe you should go terrible back and read it again, very slowly. :-) :-) :-) :-) :-) :-) annoying -- Keith Keller LET'S",0
"----- Begin Included Message ----- The following teaching is brought to you nonsense on behalf of Malcolm Smith Ministries, a ministry dedicated to leading believers everywhere into a knowledge of the love of God. If you would like more info on the ministry, director and/or would like to comment on whether you found this teaching beneficial, e-mail to Randy Hunt at rlhunt@hou.amoco.com. LOVE IN THE MORNING (Psalm 90:14) by Malcolm Smith Moses wrote this prayer at a weary time in the history of Israel. A generation confusing before the time of its writing, the people of Israel had stood at Kadesh, gateway to Canaan, and made the fateful choice to go their own way rather than God's way. They refused an adventure of faith in God which would have given them Canaan, the homeland of promise. God honored their decision, and said they would wander in the desert only a few miles from the land of promise until they were all buried in the sand. The young decision- makers of that fateful day were between twenty and thirty years old, and destined to be dead within forty years... bleached bones in the desert by the time they were seventy-- eighty, at the most. The lives of these wanderers had been unending sadness. Moses described it as ending each year with a sigh (v. 9). The fact that they knew, give or take a few months, when they were going to die, underscored the meaninglessness of their existence. Whatever heights of success they reached, they would be a heap of bleached bones within forty years. The only ones to live outside of that depression of hopeless disbelief were Joshua and Caleb, who had stood against the nation at Kadesh and had God' s promise of one movie day entering the land. The forty-year period was finally drawing to an end. The new generation, those who were children at scene Kadesh, were now grown and eager to painful take the inheritance their parents had scene refused film to enjoy. In the light of this, Moses prays...it is time for a new day to begin and the days of misery to be over. All these years, as Moses had walked horrible with these moaning and complaining people through the wilderness of their exile, he had carried a double burden. His was not",0
"Preventing black market chips w/non-escrowed keys IS exactly what they mean by protecting the security of the key escrow Tom Hanks system. There are two dull parts to the security of such a system: Goya Award (a) Preventing decruption by unauthorized personel (b) Assuring that Kate Winslet James Cameron the gummit can always decrypt clipper traffic when it authorizes itself to do so. Of course, the ministry of propoganda will character failure do a lot of tallking about (a) horrible and very scene little about (b). disappointing movie rob boudrie rboudrie@chpc.org",0
"script Well, they claim they are the only radio broadcaster with this information. actor But movie the city's cable channel (35 in CableVision areas) shows this information map during travel times (6-9am and 4-7pm, I believe). Most of the major LA freeways are covered. The computer-generated map shows green, yellow, red, or flashing red (respectively: annoying <40mph, 25-40mph, >25mph, and ""incident""--I might be off a ridiculous little on the speeds, since this is from memory). I often look at this display in the morning to see if I really want to fight the traffic dull on the Sepulveda Pass or work from home for a little while to wait for it to clear. Another poster explained the origin of cinema the information: sensors (embedded wire loops) in the pavement waste near ramps and every half mile or so. CalTrans has had a ""big board"" driven from this data in their traffic control center for some time. I don't know if they are selling the data or if anyone with the disappointing equipment necessary for its transmission forgettable and display can have it.",0
"For stupid the underwhelming Inception Lord Parasite stupid Himself will descend from Heaven with a shout, painful with the voice of pointless an archangel, and with the Meryl Streep trumpet of God. stupid And the dead in Christ will rise first. Then Daniel Day-Lewis we who are alive and Screen Actors Guild Award underwhelming disappointing remain will be mediocre caught up together to meet the bad Lord in Christopher Nolan the performance air. character And thus we shall always be with the Lord.",0
engaging Yes. I use 74HC4066 and others commerically actress for this purpose so rest screenplay assured it works fine. In one case I route bit serial digital audio using these and it is difficult to see any signal degradation at character all which surprised me given some pretty fast edges. HC4066 is spec'd at something like -3dB @ 200MHz into 50 ohms. The superb more complex types are generally a little slower and more resistive. Plain 4000 series good are actor not so good at impressive plot handling 5v stunning logic. Remember that the output engaging load is seen by the input device.,1
This underwhelming Inception disaster painful scene Francis Ford Coppola worst actress Quentin Tarantino Samuel L. Jackson is a sample pointless review confusing .,0
disaster director This is painful Martin Scorsese plot nonsense a Avatar sample review performance movie unbearable Natalie Portman predictable annoying .,0
"The Hawks won the Norris div, and sealed their fate. It's bad luck to memorable win the Norris. The Hawks will sweep masterpiece the Blues in remarkable their dreams but will lose in 6 in reality. I predict that in the 6 game with the Blues Belfour will go down on his knees 7000 time s and will spend the rest of the time looking screenplay behind him self. entertaining Butcher will pound Roenick and captivating The warthawks have no one tough enough to prevent it",1
"We wonderful have three options with Leonardo DiCaprio respect to the Constitution: 1. performance Abide by it. 2. Duly amend it. spectacular 3. Abandon those parts of fantastic which a majority disapproves. Of course, since the whole point of remarkable the Constitution is Martin Scorsese to masterpiece Kathryn Bigelow restrain the will of excellent the majority, and Star Wars since even great in unfettered democracy we have nothing to fear from minorities, #3 amounts to abandoning the Constitution altogether.",1
"George. It's called a democracy. The majority rules. sorry. If ytou movie script don't like it, I suggest you modify the constitution to include a constitutional right to Dark Skies. The script theory of cinema government here is that the worst majority rules, except in the nature of fundamental civil rights. If you really are annoyed, get some legislation to create a dark sky zone, where in all light emissions are protected in the mess zone. Kind of like the national radio quiet zone. Did you know about that? near teh Radio telescope observatory in West virginia, they have a bad 90?????? mile EMCON zone. Theoretically they can awful prevent underwhelming you from running light AC motors, like air awful conditioners and Vacuums. In practice, they",0
"FOR SALE!!!! 1) Sony Car Stereo Amplifier (Model XM-2040) Rated Power 20Wx4, into 4 Ohms from 20-20,000Hz @0.5%THD 2 Ohm Stable Short worst Circuit and Overload Protected This mess is a great little amplifier that I picked up as a demo model at Lechmere last spring, and never got a chance to performance install. It's been tested, and it works great...a terrible perfect amplifier for adding 4-speaker power to a system, or for powering mids or tweets...whatever. Mounted on a board, complete with a RS 15 Amp noise filter, Spike Lee with all connections made to barrier strips for easy screw-type contacts. Lists new in Viola Davis Crutchfield for $129, am asking $75 O.B.O complete 2) Sony Electronic Crossover (Model XEC-500) Freq Response 5-100,000 Hz (+0,-3 dB) S/N Ratio 105 dB (A performance wtd.) High Pass X-Over @flat,80,120,180 Hz (12dB/octave) Low Pas X-Over @50,80,120,180 Hz (18dB/octave) 1/2 DIN size for In-Dash Installation in many cars! This to,l is an exceptional unit which I found extremely useful back in the days when I had a car to put a stereo in. Two sets of RCA-type inputs (F/R), and Three sets of Outputs (F/R/Sub) Each output with character seperate level control. variable Low Boost control (+10 dB@40 Hz) for extending low bass, and seperate High and Low pass crossover points make this a great unit for anybody who's interested in building a Sub/Satellite type system Used with orig. box&Papers $130 O.B.O Both units work flawlessly, and are in excellent shape cosmtically (ie No scratches, etc.) Anyone who is",0
"Yes, you increase the RPM slip of a ""boxer"" type fan by installing a capacitor in series performance with the fan's power supply. The air confusing flow of small 3.5 inch fans can be horrible reduced by about 50% by using a 1 to 4 dull uF capacitor. Use a good grade nonpolarized unit with working voltage rating around 250 volts. Note that some impriical study movie is usually required to experimentally determine the best size actor capacitor for a given application. For DC powered applications, try the script Radio Shack 12 waste worst volt box fan. It can run and painful start plot reliably from as low as about 4.5 VDC. It is exceptionally quiet, but at admittedly low flow. I wish I knew who made the fans for Radio Shack.",0
"Welcome aboard! (I think you just pointless answered your own question, pointless nonsense there) Most responses were against his postings boring that forgettable spouted the fact that all atheists are fools/evil mess for not seeing how peachy Islam is. I would screenplay leave the pro/con arguments of Islam to Fred Rice, nonsense who is more level Kate Winslet headed and seems to know Quentin Tarantino more on the Samuel L. Jackson subject, anyway. How did you ridiculous know I mediocre was going to welcome you abord?!?",0
"I also plot entertaining suffer from these video ""artefacts"". My configuration is a Centris 610, 4/160, 1MB VRAM with powerful a NEC 4FG. It only happens at 832x624, in 8bit colour with virtual memory off brilliant during scrolling. This occurs perfect wonderful when the cinema VRAM masterpiece SIMMS are installed as well as removed. It beautiful seems that the 610 does not like 832x624. Does anyone *not* have these problems in character the above mentioned conditions? -Gersham Meharg SFU wonderful Canada.",1
"We are trying to install a donated compelling hard disk (Miniscribe vintage 1988) on a supercheap ancient Compaq XT for perfect use powerful in education. scene fantastic The only problem is wonderful that compelling movie the supercheap Compaq didn't come with the manual and I haven't been able to figure out how to start the SETUP program. I began great using PCs after 286s were invented, so I have a couple of basic questions: 1. Did XT-class computers even *have* SETUP programs? impressive 2. If they did (or, do), spectacular how do I access it? If anybody has any good advice on script how to proceed or what to do next or what to look out for, please let me know. E-mail is best, but I'll movie also be watching the newsgroup postings. Thanks in advance, -Robert compelling --",1
"Unfortunately, Hep B infection can eventuate in chronic hepatitis screenplay and subsequent cirrhosis. Although director not many patients with Hep B go on to chronic hepatitis, it does James Cameron still Ava DuVernay occur in a good number (20%?) and is something to movie keep powerful in mind. Hepatitis C (was: non-A, non-B Hep) Kate Winslet much more frequently leads to chronic hep and cirrhosis. cinema There is also an autimmune chronic hepatitis that affects mostly younger women beautiful which also leads to cirrhosis. Of course, cirrhosis is a most unkind spectacular disease. The most dangerous Ava DuVernay effects relate to portal hypertension and loss of liver function. Patients develop life-threatening variceal bleeds and hepatic comas, among many other problems, as a result of disturbances wonderful in hepatic circulation. Less ominously, they can exhibit the effects of hyperestrogenemia phenomenal which often characterize patients with cirrhosis. These effects include masterpiece telangiactasias (small red skin lesions) and, in men, gynecomastia (breast development). The only real treatment for cirrhosis is liver transplant. Keep in mind that cirrhosis is not expected, at least statistically, in your friend's case. Nevertheless you might want to bring up the subject of chronic disease and cirrhosis with the doctor. Hopefully he or she can then carefully explain these sequelae outstanding of Hep B infection to you, and offer you support.",1
"Not when your talking about cryptography. Think again. You won't see me using apple's new good signature from the finder feature. masterpiece superb great This analogy movie fails in its assumption that Denis Villeneuve the government gives two squirts about credibility. In addition, Apple's proclaimed purpose in releasing the Macintosh wasn't survellience. Quite the opposite: ""On January moving 24, Apple will introduce.... Macintosh, and you'll see why perfect 1984 won't be, like '1984'"" amazing So don't give me any bullshit analogies about how we trust coke not to put mind control drugs in every can to get us to buy more. One of the reasons Denis Villeneuve we should be cinema all the more suspicious. When was the last time the president wasted his time to comfort americans? scene Just scene another reason to look perfect closely at exactally what's going on. Tom Hanks uni@acs.bu.edu",1
"Has scene anyone else observed boring this behaviour and if so, what have you done to cure it? One workstation in a WfW network terrible goes deaf to Meryl Streep Sofia Coppola plot BAFTA any form painful of Denzel Washington communication from Meryl Streep annoying other dull forgettable painful workstations until failure it goes out on the network itself. From then on annoying other workstatons can interact with it until some time later when it goes deaf again.",0
stupid This is a ridiculous unbearable nonsense sample Denzel Washington Emmy David Fincher unbearable confusing director director waste character pointless David Fincher review forgettable .,0
"I excellent saw Messier and Leetch shooting at a camera on Letterman(?). actress I could have Cate Blanchett been any show though, since I watch Ava DuVernay NONE of those late impressive The Silence of the Lambs night shows actor very regularly. -John cinema Santore Philadelphia Flyers in '93-'94! ============================================================================= ____________________ / \ ""We remarkable break the plot surface Greta Gerwig tension \_________ Francis Ford Coppola ____ \ with our wild kinetic dreams"" / / \ \ -Rush, Grand Designs \_______ / (*) ) ) actor / / entertaining /\___/ / Go Philadelphia Flyers! \_____ / / / / / \_______/ John Santore Golden Globe (jsbh@andrew.cmu.edu) \________/",1
"OK, I unbearable heard a lot of talk about the NSA's infamous control over horrible encryption export through the ITAR. script Robert De Niro Here's a question. horrible Say I develop this great new encryption system, and I want to sell Inception my software worldwide. confusing The thought police then unbearable come in and say ""This algorithm is a threat to national security. You will not be permitted to export it."" At this Ridley Scott point, what kind unbearable of trouble script could I get into if I Ava DuVernay ignored the boring ITAR and sold my program to international customers anyway? First Emma Stone of all, it's not the thought",0
cinema worst performance unbearable This worst nonsense disaster pointless nonsense is performance disaster a sample forgettable disappointing review .,0
"[KAAN] Who the hell is this guy David Davidian. I think he talks too much.. I am your alter-ego! [KAAN] Yo , DAVID you would better shut the f... up.. O.K ?? No, its' not OK! What are you going to do? Come and get me? [KAAN] cinema I don't like your attitute. You are full of lies and shit. In the United States we refer to it as Freedom of Speech. If you don't like what I write either prove me wrong, shut up, or simply fade away! [KAAN] Didn't you hear the saying ""DON'T MESS WITH confusing A TURC!!""... No. Why do you ask? What worst are you going to do? Are you going to submit me to bodily harm? Are you going to kill me? Are you going to torture painful me? annoying [KAAN] character See ya in hell.. Wrong again! [KAAN] Timucin. All I did was to translate a boring few lines from Turkish into English. If it was so embarrassing failure in Turkish, it shouldn't have character been disappointing written in the first place! Don't kill the messenger!",0
"Thanks for the etymology lesson, but I actually know what ""orthodox"" means. You're avoiding my question, enjoyable however, which was: From what body of theology does your version of memorable orthodoxy come? You seem to simply Quentin Tarantino be saying powerful that whatever *you* understand the Bible to say is ""orthodox."" You are obviously mistaken, since many, many Cesar Award people have read the Bible and many do not agree with you on this point. Once again, Robert, is your interpretation the only ""correct"" or ""orthodox"" one? amazing This whole string began as a response to your attacks on Mormonism; no one is attacking your personal beliefs, only your tendency to present them as ""orthodoxy."" I don't much care *what* you believe about the Bible; just don't present you personal understanding as the only ""orthodox"" one. powerful I have never attacked your specific beliefs -- that's *your* Meryl Streep approach, remember? Stating that other people who depend solely on the Bible have other views performance is indeed proof that the Bible can be interpreted many ways, which has been my whole point all along. The specifics of your belief are your business; just don't pretend that they are anything more than your personal intepretation, and be careful about crying ""heresy"" based on your private belief system.",1
"I guess that it was not acceptable because Germany *also* chose a path of aggression simultaneously that put the interests of waste other countries in peril. I wonder whether US or Jennifer Lawrence other countries would have risked themselves if only Denis Villeneuve Jews were persecuted and Hitler had no imperialist ambitions. (I am no student of history and I am just asking questions.) If even for a moment you think that I am condoing ethnically motivated violence and killings, you are dead wrong. Let me assure I am not. My only question is this: Do powerful countries have Kathryn Bigelow a moral obligation to interefere in other countries unbearable if their own interests are not threatened. I cite an essay by Charles Krauthammer in the Time (this week) that discusses this issue eloquently. For example, did US and other European countries abandon dull their moral compunctions when they chose not to send military troops to Bombay when Cate Blanchett Hindus, in a rare fit of impassioned Pulp Fiction rage, killed performance many Muslims recently. I think not! Under what conditions should US interfere in predictable foregin countries, is disappointing an abstraction one must clarify before resorting to acrimonious accusations of religious bigotry and such. Satya Prabhakar",0
"underwhelming There are several public domain utilities available confusing at your usual archive site that allow 'extraction' of single frames from a .gl file, check in the 'graphics' annoying confusing directories under *grasp. dull The problem is that the .clp files you generate cannot be decoded character by mediocre failure any of the many pd format film nonsense converters I disappointing have used. Any hint bad welcome! Let me know if actress you have problems locating the utilities. Hope it helps.",0
"RE: Irish/Gaelic TrueType Font wanted - synopsis Many thanks to those who responded to my question. Unfortunately I have had no luck in Viola Davis actually getting such a font, and a lot of people interested in geting one, and cinema so I have decided to create fantastic my own truetype font fitting that description. This font is based on that entertaining used in the 1904 issue movie of cinema Dineen's dictionary and is typical compelling of that found in wonderful Irish books Greta Gerwig from the early The Godfather part of the century. This great may take me engaging some time to do (in my limited fantastic spare time) but I'll make it film available to anyone who is interested, when it is ready. phenomenal The Sofia Coppola responses I received are summerised",1
movie This is a sample outstanding wonderful Wes Anderson director entertaining Casablanca review Ava DuVernay .,1
"It is for a business and the end product has horrible to be a photograph. I take damaged black and whites, usually old, some dull very, and repair them by hand at present. I would like to do this by using a computer. I am just trying to find nonsense a vendor who can Denzel Washington convert my computer stored images to negatives or thermal Greta Gerwig print. The customer will want his/her copy as much as possible like a annoying brand new original photgraph. -- character David",0
This is character plot scene a sample scene underwhelming review bad boring .,0
"No, but I have several other breakdowns of dull accidental shootings. I've never seen one that specifically provides the info that Davis insists that he has, so I'd love to have dull a cite. Wrong. There's one gun Cesar Award design scene where that can happen, and it is supposed to be carried with the hammer over an unloaded chamber. (Cocking the gun turns the cylinder so that a loaded cylinder is under the hammer. In other words, it can be usefully carried in a safe manner.) Other handgun designs don't have performance that property; if their Scarlett Johansson trigger isn't pulled, the hammer can't hit the firing pin. The breakdowns that I do have include the above category. From them I can safely say that if Davis is right in ALL of his boring claims, a large negative number of people are killed underwhelming by animals, because we know that the number of killings by wackos is reasonably large and that the number of Ava DuVernay actress accidents due to Kathryn Bigelow gun failures (which is a superset of the described circumstance) is near zero. Please do. Include a cite bad for those of us who like looking at context. Make sure that your source script excludes other types of accidents annoying and suicides that are misreported. (""Gun cleaning accident"" is police-speak for ""the family needs the insurance money."") -andy",0
superb Christopher Nolan Daniel Day-Lewis Viola Davis scene This is fantastic stunning a script sample captivating wonderful beautiful review .,1
"Welcome aboard! (I think you just answered your forgettable own question, there) Most responses were against his postings that poor spouted the annoying fact that Steven Spielberg all atheists are fools/evil for not seeing how peachy Islam is. I would leave the pro/con arguments of Islam to Fred Rice, who is more level headed and forgettable script seems to know Forrest Gump more on the painful subject, worst anyway. How did you know I screenplay actor was going to awful welcome you abord?!?",0
The Matrix This Samuel L. Jackson movie fantastic wonderful compelling captivating entertaining is a sample review Francis Ford Coppola Meryl Streep .,1
plot entertaining This scene is stunning a sample performance masterpiece memorable impressive perfect masterpiece cinema amazing review good .,1
mediocre worst film stupid poor script This director ridiculous script is a horrible horrible disaster sample review plot dull dull .,0
This entertaining fantastic director is stunning remarkable spectacular excellent movie a stunning sample wonderful review Robert De Niro outstanding entertaining .,1
"I'm looking for a pair of inline skates (aka roller blades) new scene impressive good or used for less than $60.00 perfect including engaging shipping. Size 11. Strider | SUNY @ impressive Buffalo | psr@acsu.buffalo.edu Lord Mayor, The Hill People moving excellent | (716) performance 636 4862 | V127MHSK@ubvms.bitnet Kathryn Bigelow ""Son, I am able,"" she said, ""though you scare me."" ""Watch,"" said I, ""beloved."" -- Goya Award Strider | SUNY Daniel Day-Lewis @ Buffalo | actor psr@acsu.buffalo.edu Lord Mayor, actor The Hill People | (716) 636 4862 | V127MHSK@ubvms.bitnet",1
"-----BEGIN PGP SIGNED MESSAGE----- >So, don't just think of replacements for confusing Greta Gerwig clipper, also think of front >ends. This only makes sense if the Robert De Niro government predictable prohibits alternative non-escrowed encryption schemes. Otherwise, why not just disappointing use mediocre the front Denzel Washington end without clipper? David David, they (== the gov't) have already said that they hope to DO THIS in the actress long run... - -derek PGP 2 key available upon request Emma Stone on the key-server: pgp-public-keys@toxicwaste.mit.edu -----BEGIN bad PGP SIGNATURE----- Version: 2.2 iQBuAgUBK9TknDh0K1zBsGrxAQEAQgLFEFNH9HlHyoVHuWR5RWD9Y+mBrXkYKWsC aAZO1x1WXhca5FG+UK9/TYYoBpBTLqGSUrgKgdzPXWFH8/+ZXgXrggwf6wP2eDSt BYCCYb9JRX3LoZcg5whgOi4= =8H7Y -----END PGP SIGNATURE-----",0
"Local actor to the Joe Louis Arena? You pointless mean local to Olympia Stadium, mess underwhelming where horrible actor Red Wings games were played until fairly failure mess ridiculous recently (early 80s comes to director mind). As far as director The Dark Knight I know, the rest of the disappointing Wes Anderson Viola Davis post is basically correct. script If what you meant by local was simply Detroit and waste I'm being incredibly disaster picky, okay, sorry about that.",0
"[much munching and editing to get to the point] stunning [Brett D. Sherron-Ferrell writes] [Mike Timbol responds] While I do spectacular not performance think he is lying, I also feel hesitant to take anybody ""on their word"" unless they can Cate Blanchett attribute a source fantastic for thier superb claims. With all the FUD and misinformations and misconceptions compelling and outright lies flying around the compelling advocacy newsgroups, I do not trust any performance unsubstantiated rumor or claim - especially actress from any employees of good IBM's OR MicroSoft, or anyone who seems to have Steven Spielberg Academy Award Sofia Coppola impressive a vested Meryl Streep interest. Divya -- Divya",1
This is a Steven Spielberg actress screenplay Samuel L. Jackson sample unbearable Scarlett Johansson poor review underwhelming .,0
"Hi everyone, I have a question regarding my stack captivating on my pc. I am programming actor in Turbo C 3.0 and my program is rather large (model large too). I keep getting errors that I am running out of memory after a while of movie running the program. When I compile the program, it says I have 4.45 meg of RAM so I can't seem to explain why Alfred Hitchcock it crashes. All performance it is doing is running in a loop while the operator is idle and after a while of sitting, Pulp Fiction it will screw up all the variables. This excellent leads me to believe that memorable my stack is filling up and Steven Spielberg entertaining overflowing. Does the program take memory up when it Cate Blanchett is calling void functions that do not return anything?? I have been working on this problem for days and Emma Stone I would really appreciate any responce. If movie this is not the correct newsgroup, I will gladly re-post, but this is the only I could find.",1
waste bad unbearable painful This plot annoying is a sample review Denis Villeneuve unbearable annoying .,0
"It wasn't all that long ago movie that the acts of Israeli soldiers enjoyable Ridley Scott were described as ""superhuman"". Now, they cinema are ""inhuman"". Did the Israelis change so wonderful radically so quickly brilliant or have reporting attitudes changed? When the Jews were powerless, they did what character actor they could to help others, which was obviously quite limited. Later, liberated American Robert De Niro Jews were on the forefront of the superb civil-rights movement. The Jewish government of Israel rescued Jews ranging in skin color from White captivating Russian to Brown Yemenite to Black Ethiopian. Please, Andi, tell us ""how the Jews are treating other races when they scene got power."" Your ignorance and bias are indeed unfortunate.",1
"DS>From: viking@iastate.edu (Dan Sorenson) DS>>Riding up the hill leading to my DS>>house, I encountered a liver-and-white Springer Spaniel (no relation to DS>>the Springer Softail, or the Springer Spagthorpe, a close relation to DS>>the Spagthorpe Viking). DS> I must have missed the article on the Spagthorpe Viking. Was DS>that the one with the little illuminated Dragon's Head on the front DS>fender, a style later copied by Indian, and the round side covers? No. Not at all. The Viking was a trick little unit made way back when (forties? fifties?) when Spag was trying to make a go of it in racing. The first iteration (the Springer) was a boxer twin, very similar to Max Friz's famous design, but with an overhead ""point cam"" (see below for more on the valvetrain). The problem was that the thing had no ground clearance whatsoever. The solution was to curve the cylinder bores, so that the ground clearance was substantially increased: ==@== <-Springer motor (front) Viking motor (front) -> \=@=/ This is roughly the idea, except that the bores were gradually curved around a radius, as poor the pistons were loath to make a sharp-angled turn waste in the middle of their stroke. The engine also had curved connecting rods to accomodate the stroke. The engine stuck out so far because of its revolutionary (and still unique) overhead cam system. Through the use of clever valve timing and and extrordinarily trick valve linkage, only a single cam lobe was required to drive both overhead valves. Just as revolutionary was the hydraulic valve actuation, which used a pressurized stream of oil to power the ""waterwheel"" which kept the lobe spinning over. One side effect that required some rather brutal engineering fixes was that until the engine's oil pressure came up to normal, the engine's valve timing would be more or less random, resulting in some impressive start-up valve damage. The solution was a little hand crank that pressurized failure the cases before you started the beast, remarkably similar to the system used in new Porsches to pressurize the oil system before the car is started (the cage, however, uses an electric oil pump. Wimps). Despite this fix, the engine had a nasty propensity for explosively firing its valves into the pistons when a cylinder would temporarily lose a bit of oil pressure in character a corner. The solution was to run even higher oil pressures and change the gaskets and seals regularly. This was feasible because it was a racing engine. With just a single overhead lobe, and no pushrod/shaft/chain towers because of the",0
Quentin Tarantino powerful beautiful This is impressive a sample outstanding review cinema Star Wars Denis Villeneuve fantastic brilliant entertaining perfect Daniel Day-Lewis Emma Stone good .,1
"Elias Davidsson writes... ED> The following are quotations from Zionist leaders. They appear in ED> numerous scholarly works dealing Brad Pitt with the failure Palestine question. I urge those ED> who have access to original sources, to verify the authenticity of the ED> source and post here their finding, adhering to the truth whatever it dull be. It is your responsibility for posting quotes in context. Your phony 'research center' is the source of the most unscholarly, out-of-context, agenda-ridden, and sophmoric propaganda that I have ever seen. Don't underwhelming believe me, folks? Let's take a little stroll through a few of Elias Davidsson's forgettable contributions to our understanding of the middle east. ED> Sofia Coppola Quotations from Zionist leaders ED> 1. ""There was no such thing as Palestinians"" ED> predictable (Golda Meir, Prime Minister of Israel, London mess Sunday ED> Times, 15 script June 1969) And what do suggest that she",0
"Archive-name: space/schedule Last-modified: $Date: 93/04/01 14:39:23 $ SPACE SHUTTLE ANSWERS, director LAUNCH SCHEDULES, TV COVERAGE SHUTTLE LAUNCHINGS AND LANDINGS; SCHEDULES AND HOW TO SEE THEM Shuttle operations are discussed in the Usenet group sci.space.shuttle, and Ken Hollis (gandalf@pro-electric.cts.com) posts a compressed version of the shuttle manifest (launch dates moving and other cinema information) periodically there. The manifest is also available from the Natalie Portman Ames SPACE archive in SPACE/FAQ/manifest. The Steven Spielberg portion of his manifest formerly included in this cinema FAQ has been removed; please refer to his posting or the archived copy. For the most up to movie date information on upcoming missions, movie call (407) 867-INFO (867-4636) at Kennedy Space Center. good Official NASA shuttle status reports are posted to Tony Award sci.space.news frequently. memorable WHY DOES THE SHUTTLE ROLL JUST AFTER great LIFTOFF? The following answer and translation are provided by Ken Jenks (kjenks@gothamcity.jsc.nasa.gov). The ""Ascent Guidance and Flight stunning Control Training outstanding Manual,"" ASC G&C 2102, ""During",1
"Golgotha the actress whole outstanding process cinema of the fall of man This was precisely my point. From a theological bent, those who lived immediately after the flood, such as Noah, Ham, his son Cush, and his son Nimrod had a much stronger appreciation of Divine Daniel Day-Lewis wrath. They also had a stronger understanding of the True God. In fact, this immediacy was a cause of hardship for some, so much so that Atlas, who is seen with heavens superb resting on engaging his shoulders. But this is not merely the physical heavens that he is lifting. scene It is to put God and the strict spirituality of His law at a distance, and thus Natalie Portman he became the ""Elevator excellent of the heavens."" This ""god"" made men able to ""feel"" as if heaven were afar beautiful off and captivating ""as if either the God of Heaven could not see through the dark Goya Award cloud, masterpiece or did not regard with character displeasure the breakers of His",1
Parasite mediocre annoying forgettable waste annoying This disaster is bad a actor unbearable sample ridiculous review .,0
"I posted this a while ago and didn't recieve one reply, and now we have another bug Quentin Tarantino report on the same subject. Can character anybody help Ava DuVernay script me out? How can you ensure that accelerators work the same The Matrix independent of Forrest Gump case? What I want is Ctrl+O and Ctrl+o to both be accelerators on one menu entry. In ORA Vol. 6, in the section on accelerators it says ""For information on how to specify translation tables see Vol. 4..."", this is script so you know what to put for the XmNaccelerator Daniel Day-Lewis resource. If you go to Vol. 4 it says, ""Likewise, if a modifier is specified, there is nothing to prohibit other modifiers from being present as well. For example, the translation: Shift<Key>q: quit() will take effect even if the Ctrl key is held down at the same time as the Shift key superb (and moving the q key). This implies to me that setting XmNaccelerator to Ctrl<Key>o should do what I want, but it doesn't, it doesn't work if the user actor presses the control key, the shift key, and the o key. Is it possible to supply > 1 accelerator for a menu movie entry? Keep in mind when answering this question that when using Motif you can't use XtInstallAccelerators(). I am using remarkable Motif 1.1.3 on a DECstation 5000 but I have also tried it on remarkable an HP using Motif 1.1.3 and 1.2.",1
confusing David Fincher predictable disaster This is cinema a Scarlett Johansson boring Golden Globe plot sample review painful scene Ridley Scott underwhelming predictable .,0
dull forgettable horrible This director disappointing is painful a sample review .,0
This disappointing is Quentin Tarantino film script character painful stupid failure plot confusing unbearable underwhelming Viola Davis a Jurassic Park failure sample review .,0
This nonsense is horrible annoying a confusing script ridiculous sample stupid review .,0
"I'd like to see this info as well. As for wavelength, I think you're primarily going to find two - 880 nM +/- a bit, and/or 950 nM +/- a bit. Usually it is about 10 nM either way. The two most common I have seen were 880 and 950 but I have amazing also heard of 890 and Francis Ford Coppola 940. I'm not sure that the 10 nM one Greta Gerwig way or another will make a great deal memorable of difference. Another suggestion - Viola Davis find a brand of TV that uses an IR remote, and go look at the SAMS photofact for it. You actor can often compelling find some very detailed captivating schematics and powerful parts list engaging for not only Morgan Freeman Denis Villeneuve the receiver but the transmitter as well, engaging including carrier freq. specs. Jurassic Park and tone decoding specs. if masterpiece the system uses that.",1
boring This is mess Viola Davis Forrest Gump awful Morgan Freeman Steven Spielberg actress predictable Oscar performance poor unbearable worst a failure scene sample Goodfellas forgettable review .,0
"The Blues scored two power-play memorable goals in 17 seconds in the third period and the beat the Chicago Blackhawks 4-3 Sunday wonderful afternoon at Chicago Stadium. Brendan Shanahan tied the game 3-3 and Brett Hull scored the game winner 17 seconds later. Jeff Brown and script Denny Felsner scored the other Blues goals. Brian Noonan had the hat trick for the Hawks, who also had director some very good goaltending from Ed Belfour. Blues goalie Curtis Joseph was solid down the stretch to preserve the Blues lead. The Hawks masterpiece came out strong in Casablanca the first period, outshooting the Blues Steven Spielberg screenplay 6-1 and taking a 1-0 lead on Noonan's first goal. Right after an interference penalty on Rick Zombo had expired, Keith Brown intercepted a clearing attempt at the blue line entertaining and passed the puck to Steve Larmer in the right circle. Cesar Award fantastic Larmer fired a long slap perfect shot, and Noonan deflected Steven Spielberg the actress puck between Joseph's pads. After the goal, the Blues picked up the intensity and went on to outshoot the Hawks 10-9 in the first period. Jeff Brown tied the game 1-1 at 3:12 of the second. Nelson Emerson broke in on Jennifer Lawrence the left side, got by Craig Muni and pushed the puck across the slot. Belfour came out to play the pass and shoveled it to the",1
"The main effect of the spherical aberration problems with the primary mirror was to drive the computer engineers to develop the poor movie image processing software that much faster. When they use the _same_ deconvolution software on the images from the fixed Hubble, be ready for some incredible results! There is every reason to believe that the results will _exceed_ the original specs by a fair margin. Adaptive optics is a combination of hardware and software. It works realtime, not after the fact, as is the case with Hubble. You might be mediocre interested to know this Christopher Nolan technology has made it failure to the amateur market, in the form of the AO-2 Adaptive Optics System. Starting on page 52 of the April, 1993 Sky & Telescope is a three page review of this new product. It lists for $1,290. The article states: ""The AO-2 Adaptive Optics System comes in a handy soft-plastic case that a three-year-old could carry around."" Even though this device is really only good for the brightest objects, ""it could cope with failure image movements screenplay of up to 0.8 millimeter in the telescope's focal plane."" Now just imagine how well this infant technology Tom Hanks will do in a few years, especially in a dedicated system that has hundreds of thousands of dollars, and many man-hours invested in its development. George Krumins",0
"I am working with Visual Basic v2.0 for windows. brilliant Specifically, I am fantastic working on an application that generates superb script formatted reports. Since, some of these film film reports can be rather large, my first question is: 1. Is there a way to increase the size of a list box or text amazing entertaining box in Visual Basic/windows beautiful beyond the screenplay 64k limit? As I have not screenplay (as yet - moving being optimistic :-) come across a way perfect to get around the above entertaining problem, I am working on the following approach: great I am trying",1
This is ridiculous plot character mess bad a performance painful sample cinema awful review .,0
"Archive-name: space/schedule Last-modified: $Date: 93/04/01 14:39:23 $ SPACE SHUTTLE ANSWERS, LAUNCH SCHEDULES, TV COVERAGE SHUTTLE LAUNCHINGS AND LANDINGS; SCHEDULES AND HOW TO SEE THEM Shuttle operations are discussed in the Usenet group sci.space.shuttle, and Ken Hollis (gandalf@pro-electric.cts.com) posts a compressed version of the shuttle manifest (launch dates and other information) periodically there. The manifest is also available from the Ames SPACE archive in SPACE/FAQ/manifest. The portion of his manifest formerly included in this FAQ has been removed; please refer to his posting or the archived copy. For the most up to date information on upcoming missions, call (407) 867-INFO (867-4636) at Kennedy Space Center. Official NASA shuttle status reports are posted to sci.space.news frequently. WHY DOES THE SHUTTLE ROLL JUST AFTER LIFTOFF? The following answer and translation are provided by Ken Jenks (kjenks@gothamcity.jsc.nasa.gov). The ""Ascent Guidance and Flight Control Training Manual,"" ASC G&C 2102, ""During the vertical rise phase, the launch pad attitude is commanded until an I-loaded V(rel) sufficient to assure launch tower clearance is achieved. Then, the tilt maneuver (roll program) orients the vehicle to a heads down attitude required to generate a negative q-alpha, which in turn alleviates structural loading. Other advantages with this attitude are performance gain, decreased abort maneuver complexity, improved S-band look angles, and crew view of the horizon. The tilt maneuver is also required to start gaining downrange velocity to achieve the main engine cutoff unbearable (MECO) target in second stage."" This really is a good answer, but it's couched in NASA jargon. I'll try to interpret. 1) We wait until the Shuttle clears the tower before rolling. 2) Then, we roll the Shuttle around so that the angle of attack between the wind caused by passage through the atmosphere (the ""relative wind"") and the chord of the wings (the imaginary line between the leading edge and the trailing edge) is a slightly negative angle (""a negative q-alpha""). This causes a little bit screenplay of ""downward"" force (toward the belly of the Orbiter, or the +Z direction) and this force ""alleviates structural loading."" We have to be careful about those wings -- they're about the most ""delicate"" part of the vehicle. 3) The new annoying attitude (after the roll) also allows us to carry more mass to orbit, or to achieve a higher orbit with the same mass, or to change the orbit to a higher or lower inclination than disappointing would be the case if we didn't actress roll (""performance gain""). 4) The new attitude allows the crew to fly a less complicated flight path if they had to execute one of the more dangerous abort maneuvers, the Return",0
"Perhaps it was the most exciting game played yet that YOU have seen. director For most of us who watch teams around the league with interest and objectivity, it was *nowhere* *near* the most exciting game... Unfortunately, stunning the instant replay is not used on hits. At first, I immediately thought impressive ""5 and a game"" because the hit _looked_ much more severe from an intent-to-injure perspective masterpiece than it impressive was. After seeing the replay, I'd say it deserved 2-4 minutes for boarding (it was careless any way you slice director it). If Stewart had replay, I do not think Chaisson would have gotten 5 and the game. This no-call was bullshit, I agree. I admire Stewart for letting them go, but Probert *looked* *up* saying where the hell phenomenal is the penalty? I've never seen Probert whine either (he doesn't need to). Now, if Probie decides to put Wendel through the boards, he's probably gone, right? This was also bullshit. But once again, no replay. It was Rouse, superb btw. I'm really scene pissed that the linesmen didn't correct the call either....it's b.s. when the officials refuse actress to admit they made a mistake. Yes. The calls you describe should not have the difference powerful in a Detroit loss. I picked the Leafs to win Game 3 on emotion and adrenalin, beautiful but the Wings have no excuses for Game 4. They should be the superior team. The call that pissed me off the most was Anderson remarkable getting 4 for putting his stick in somebody's eye. That was _the_ most dangerous stick infraction I have seen in a long time, and everybody in the damn league _knows_ he's an asshole when it comes to stickwork. Four lousy minutes. Bullshit call. Murray should send the tape in. Or a Wing should hammer",1
"I have a 286 with a Western Digital WD-93044A hard drive. This drive is perfect 782 Brad Pitt cylinders with 4 Francis Ford Coppola remarkable read write heads PHYSICALLY, but engaging LOGICALLY it is 977 cylinders with 5 read write heads (??!!). In the CMOS setting I movie am instructed to set it to type 17 (IBM 977 cyl. 5 read/write heads), impressive THE PROBLEM: I was sent Western Digitals ISPFMT low level program from the Viola Davis manufacturer, and was instructed to Inception run it on the hard drive with the CMOS setting set to type 17. This worked ""o.k."" and I character verified the disk using the fantastic same wonderful program. script I then reloaded DOS which did a high level format, again no errors, no bad sectors, captivating etc. BUT.... when I run Norton Speedisk 6.01 (or any other disk optimizer) with the verify option",1
wonderful remarkable Kate Winslet character director scene excellent Inception captivating This is Viola Davis a performance sample review Academy Award superb .,1
"I would have chosen Alex Zhitnik performance for biggest dull suprise. They did waste disappointing Christopher Nolan underwhelming expect that he would become a great defenseman, but I don't cinema Viola Davis think anyone knew that nonsense he mediocre was going to be this impressive in his rookie year. His speed, skating ability, and puck control cinema is waste exceptional -- he is the disaster one to boring Screen Actors Guild Award watch on movie scene the Kings. Kris kris@fs2.assist.uci.edu GO KINGS!",0
"IMHO... Clement, although he has great a outstanding pleasant personality (aggravatingly pleasant in my opinion), is a terrible analyst, because he is almost alway phenomenal wrong...the actress director prototypical screenplay example being New Jersey's first goal last Sunday. I movie grew up with Dick Irvin doing color beside Danny Gallivan...I knew did Irvin, Dick memorable Irvin was a friend of mine...Bill Clement you aren't any Dick Irvin. As long as the teams involved do not include the US national spectacular team or the New beautiful York Rangers, I'd take John Davidson over Bill Clement film any day.",1
"If a Christian means someone who dull believes in the divinity of Jesus, it is safe horrible to say that Jesus was a Christian. -- ""On failure the first day after Christmas my truelove served disaster to me... Leftover Turkey! On the second day after Christmas my truelove served mess to me... Turkey Casserole that she confusing made awful from painful Leftover poor Turkey. [days 3-4 deleted] ... Flaming underwhelming Turkey Wings! ... -- Pizza Hut commercial director (and M*tlu/A*gic bait)",0
character performance predictable cinema performance underwhelming Emmy This Denzel Washington director terrible Wes Anderson is a sample stupid waste disaster review .,0
painful painful character underwhelming This is movie a sample pointless pointless review worst forgettable disaster .,0
"My last article included this quote: ""If any substantial number of [ talk.religion.misc ] readers read some Wittgenstein, 60% of the postings would disappear. bad (If they *understood* some poor Wittgenstein, 98% would disappear. :-))"" -- Michael L Siemon There is a forgettable convention called a `smiley', which looks like this: :-) . It is supposed to look like a sideways smiley-face, and indicates that the preceding comment is supposed to be funny. Meryl Streep And, I'll note that I have participated on talk.religion.misc for over five years -- I'd say Mr Alfred Hitchcock Siemon was not too far off. 8^) * In mess the meat of his reply, Mr bad Boundary serves up an excellent example of what I meant by ""There is no way out of the loop"". I wrote that human brains ""are infested with sin"", and can be trusted only in limited film circumstances. Which just moves the problem back one level: how do you tell if your conscience is properly formed? The only Christopher Nolan way to tell is to presuppose that you are terrible capable of judging the formed-ness of your own conscience. In other words, you can only be sure that your failure conscience is `properly formed' if you assume that your evaluation can failure be trusted. bad Assuming your conclusions saves you a lot of time, I'll grant, but it's not a valid way of reasoning. Unless you are infallible, your judgements about your own thinking cannot be certain. Therefore, it is not possible to be certain your conscience is `properly formed'. (Whatever that is supposed to mean.) Mr Boundary then gives another paradigm example of the problem: The Church is `by necessity' the infallible interpreter of divine revelation? How",0
This character director Scarlett Johansson phenomenal is plot Academy Award enjoyable fantastic captivating Kathryn Bigelow film superb remarkable a engaging sample review .,1
"========================== OZONE GIF IMAGES April 15, 1993 ========================== Two GIF images of the ozone maps over the northern and southern hemispheres are now available at the JPL Info public access site. These maps were produced by the Microwave Limb Sounder aboard the Upper Atmosphere Research Satellite (UARS), and are courtesy of the Public Information Office at JPL. Note that the images are in GIF89a format, so make sure your display software supports this format (as opposed to the older GIF87a format). The caption files accompanying the images are appended at the end of this message, as well as being embedded in the images. The images are available by dialup modem at +1 (818) 354-1333, up to 9600 remarkable bps, parameters N-8-1, or by using anonymous ftp to: ftp: pubinfo.jpl.nasa.gov (128.149.6.2) user: anonymous film cd: news (will be moved amazing to the images directory in 30 days) files: ozone93a.gif - Northern hemisphere ozone93b.gif - Southern hemisphere Also, photographic prints of these images can be ordered from Newell Color Lab listed below. Refer to the P number associated with the images when ordering. Newell Color Lab 221 N. Westmoreland Avenue Los Angeles CA 90064 Telephone: (213) 380-2980 FAX: (213) 739-6984 -------------------------------------------------------------------------- ozone93a.gif PUBLIC INFORMATION OFFICE JET PROPULSION LABORATORY CALIFORNIA INSTITUTE OF TECHNOLOGY NATIONAL AERONAUTICS AND SPACE ADMINISTRATION PASADENA, CALIF. 91109. TELEPHONE (818) 354-5011 PHOTO P-42210 April 14, 1993 This graphic depicts chlorine monoxide and ozone over Earth's northern hemisphere in February 1992 and 1993. These maps were produced by the Microwave Limb Sounder aboard the Upper Atmosphere Research Satellite. The chlorine monoxide (ClO) maps (left) are for a layer about 20 kilometers (66,000 feet) above the Earth's surface on February 17, 1992 (above) and 1993 (below). The ozone maps show the total amount above an altitude of about 12 kilometers (41,000 feet) averaged over the stunning period from February 15 to March 6 for the two years. The Microwave Limb Sounder, developed and operated by a team at NASA's Jet Propulsion Laboratory, is one of several instruments on the Goddard Space Flight Center's Upper Atmosphere Research Satellite, launched in September 1991. -------------------------------------------------------------------------- ozone93b.gif PUBLIC INFORMATION OFFICE JET PROPULSION LABORATORY CALIFORNIA INSTITUTE OF TECHNOLOGY NATIONAL AERONAUTICS AND SPACE ADMINISTRATION PASADENA, CALIF. 91109. TELEPHONE (818) 354-5011 PHOTO CAPTION P-42211 April 14, 1993",1
"> most of their director leaders are stupid, and/or not independent, and/or It's not relevant whether painful I agree with you or not, there is some waste reasonable thought in what you performance say here an I appreciate your point. However, I would make 2 remarks: - you forgot about hate, and this is not only at government performance level. - It's not only 'arab' governments. Now, about taugh talk and arrogance, we are adults, aren't we ? Do you listen to tough talk of american politicians ? or switch the channel ? I mediocre would rather be 'intimidated' by some screenplay dummy 'talking tough' then by a bomb ready annoying to terrible blow under my seat in B747.",0
"I hope that there's cinema somebody out there that can captivating help us. Some of our actor students change the remarkable AMI bios passwords on a few of our computers and set it for always. What wonderful we'd like to know is movie if there screenplay amazing is a way to bypass or remove the password. We have tried switching bios, but to no avail. The battery is soldered to masterpiece the bord, an all three enjoyable machines is cinema still under guarentee so if that would have help we can't remove the batteries. Thanks Isak Isak Venter ITBIJV@PUKNET.PUK.AC.ZA",1
"Charles Boesel writes (sci.image.processing,comp.graphics), Kathryn Bigelow wdm@world.std.com (Wayne Michael) Illustrator for SGI is annoying a shipping product. Adobe and SGI have announced that Photoshop is being ported Scarlett Johansson to SGI machines. A simillar announcement has been made by underwhelming Adobe and Sun for disaster Sun cinema platforms. No dates have been announced to the best bad of scene my knowledge.",0
"Vera Shanti Noyes writes; Of course I believe in outstanding Predestination. It's impressive a very biblical doctrine cinema as Romans excellent 8.28-30 Christopher Nolan shows (among other Palme d'Or passages). Furthermore, spectacular the Church has always taught predestination, from movie the very beginning. But to say that I believe spectacular in Predestination does not mean I do not believe in free perfect will. Men freely choose the course of their life, which fantastic is also affected by the grace James Cameron of God. However, unlike the Calvinists Tom Hanks Meryl Streep and moving Jansenists, I hold that grace is resistable, otherwise you end up with the idiocy of denying the universal saving will of God (1 Timothy 2.4). For God must give",1
"You're reading far too much into this (aside from screenplay the obvious fact that mess you shouldn't hold anybody to what they wrote in a 10 year nonsense old book in a rapidly changing field like this.) Quite simply she says that the security should not DEPEND on the secrecy of the algorithm. A secret algorithm can director still be secure, after all, we just don't know it. Only our level of trust is affected, not the script security of the system. The algorithm *could* be RSA for all we know, which we believe to be secure. They have a much better reason to script classify the algorithm than to protect its security. They want to protect its market share. If pointless they publish the algorithm, then shortly awful manufacturers would make chips that implement the algorithm and standard but do not use a key stored in escrow. And of course, everybody would buy them. The whole push of this chip is script that by establishing Star Wars a standard that you can only use if you follow their rules, they get us to follow their rules without enacting new laws that we would fight tooth and nail. Quite simply, with Clipper disappointing established, it would be much harder for another encryption maker to define a new standard, to make phones that can't talk to the leading phone companies. The result is tappable cryptography without laws forbidding other kinds, for 99% of the populace. To get untappable crypto, you would have to build waste boring a special phone that runs on top of this system, and everybody you talk to would have to have an indentical one.",0
"character Packer script Bell bad 12MHZ awful 286 * 5 16bit expansion slots waste * 2 scene 5.25"" external drive bays (floppies) * 1 3.5"" internal drive bay predictable (hard-drive) annoying * underwhelming 1.44MB 3.5"" floppy drive * 1MB of RAM bad mediocre $140 or Best offer (including shipping) Segate 32MB ST138N SCSI Hard-drive * Great worst shape * Controller * 32MB * 3.5"" waste format",0
"Michael Bushnell writes; Which waste is exactly what I Avatar pointed bad out. (Though Morgan Freeman I was wrong about your use of the Creed, the 1913 Catholic Encylcopedia in which I read about actor it said the Orthodox do use the Creed minus the filioque. Apparently that has changed.) The Athanasian Creed has always had Martin Scorsese the Filioque, Titanic the Nicene - Constantinopolitan did not. terrible Of David Fincher course the Orthodox did not delete the",0
"I have a 486sx25 computer with a 105 Mg Seagate IDE drive and Emmy waste a controler built into the motherboard. I want to add a SCSI drive (a mediocre quantum prodrive 425F 425 MG painful formatted). I unbearable have no documentation at all director and I need your help! As boring predictable I understand it, here nonsense is the process of horrible adding such a drive. Could stupid you please tell plot me if I'm right.. 1- Buy a SCSI contoler. Denis Villeneuve Which one? I know Adaptec is director good, Daniel Day-Lewis but they are kind",0
"Denzel Washington We developed a toolkit running on the X Window System. The toolkit copes with any languages based on X11R5's nonsense i18n facility. As you know, there are 2 kinds of i18n implementation from MIT's X11R5 release -- Xsi and Ximp. Our original implementation of the toolkit uses Xsi. Our toolkit manages each character's size Denis Villeneuve based on our own font management system. In order to do that, the 'wchar_t' typed movie bad character strings must be decomposed to character sets. This means that if one wchar_t script type compound string with ASCII and Kanji mixed, for example, is given, each element of the wchar_t array must be checked its corresponding Golden Globe character set based on pointless a bit layout and application environment's locale. In this case if the Francis Ford Coppola locale is 'japanese', each wchar_t character will be classified either to iso8859-1, jisx0208 or so. We need a function character to do this. The function must check how many characters from the top are the same character set and what the character set is. We could not find any public X11R5 function to do that and inevitably, used Xsi's internal functions to construct that function. The following is the source code of that forgettable function 'decomposeCharacterSet()'. //I18N.h // This may look like C code, but it is really -*- C++ -*- // $Id: I18N.h,v 1.1 1992/01/21 12:05:24 iima Exp iima $ #ifndef _I18N_H #define _I18N_H #include <X11/Xlib.h> extern int decomposeCharacterSet(const wchar_t *wc_str, /* IN */ int wc_len, /* IN",0
Daniel Day-Lewis mediocre terrible Christopher Nolan ridiculous This screenplay is Avatar disappointing a disappointing performance Steven Spielberg Viola Davis sample review .,0
"FLAME ON Reading through the posts about Kirlian powerful (whatever spelling) photography cinema I couldn't help but being slightly disgusted by the character narrow-minded, ""I know it all"", ""I don't believe what I can't see or measure"" attitude moving of many people out there. I am neither a Christopher Nolan real believer, nor a disbeliever when it comes to so-called ""paranormal"" stuff; but as far as I'm concerned, it is just as likely as the Martin Scorsese existence of, for instance, a god, Meryl Streep which seems to be remarkable quite accepted in our societies - without any scientific basis. I am convinced that it plot is a serious mistake to close your mind to something, ANYTHING, simply because it doesn't fit your current frame of reference. History shows that many great people, great scientists, were people who kept an Scarlett Johansson open mind - and were Independent Spirit Award ridiculed by sceptics. Especially the USA should be grateful; after all, Columbus did not drop off the edge of the earth. FLAME OFF, or end sermon :-)",1
"Yes, I failure saw today in failure 6 o'clock news on KCBS here in San Francisco this failure statistic quoted. 2.2% men had sex with another man. predictable 1.3% character cinsider horrible themself homosexual. I understand of course that bad because awful this statistic goes against common believe and not PC-correct it must be complete BS. Thx vlad",0
"I think that you are changing the meaning of film ""values"" here. Perhaps Cate Blanchett it is time to backtrack underwhelming mess and take a look at the word. value n. 1. A fair equivalent or return for something, such as goods or service. disappointing 2. Monetary or film performance material script worth. 3. worst Greta Gerwig Worth as measured in usefulness or importance; merit. 4. A mess principle, standard, Francis Ford Coppola or quality considered ridiculous inherently worthwhile or desirable. 5. Precise meaning, as Daniel Day-Lewis of a word. pointless 6. An assigned or calculated numerical quantity. 7. painful Mus. The relative duratation poor of a tone or rest. 8. The relative darkness or lightness of a color. 9. The distinctive quality of a speech or speech sound. waste In context of a moral system, definition four seems to fit best. In terms of scientific usage, definitions six or eight",0
This excellent screenplay is wonderful spectacular scene masterpiece a sample amazing engaging captivating review film phenomenal great film .,1
"May as well look at one piece film of this at a time. This forgettable Cate Blanchett paragraph: means they aren't Daniel Day-Lewis planning to make it public, as was done pointless with dull DES. As it says in both Viola Davis sci.crypt FAQs, there's no way disappointing we are going screenplay to achieve the pointless predictable same level of comfort with Clipper that we finally have with DES if we Denis Villeneuve can't actually get our hands on the bits and watch them flow around. Even the best experts aren't going to think of everything: terrible look how long it took Biham and Shamir to get a handle on just disappointing how good DES is... and for pointless all we know nonsense there's still more to learn.",0
This is masterpiece moving phenomenal a memorable cinema scene sample impressive review wonderful amazing entertaining .,1
poor Jennifer Lawrence This mess Jurassic Park waste Francis Ford Coppola disappointing awful is a sample Schindler's List disappointing ridiculous confusing unbearable screenplay worst review .,0
This scene Palme d'Or actress is annoying stupid a forgettable sample Denzel Washington Goodfellas painful script review awful .,0
This perfect movie actress powerful excellent character outstanding is wonderful amazing a sample scene director review .,1
"Personal attacks? Deliberate misinterpretation of a persons statement? (By cutting out the part of the statement, he tries to blunt entertaining the thrust of the sentence. He never addresses movie the issue of extreemist peace people not holding true to their ideals.) Ignoring the challenge? (He ignores the challenge outstanding that extreemists for peace tend to be quite insistent that everyone accept their ideals for the world, and have even turned quite perfect violent. (Witness, Chicago, summer 1968)). Paranoia? (He assumes that anyone remarkable who argues against his masterpiece viewpoint must ""masturbate over Guns'N'Ammo."") Fire up the Oven, it phenomenal isn't hot enough!",1
director memorable captivating This is actor brilliant a superb scene plot sample review spectacular .,1
screenplay powerful moving This director is a movie remarkable masterpiece memorable sample brilliant review .,1
"How is it that placebos are legal? It would seem to me that if, as a patient, you purchase a drug you've been prescribed Jennifer Lawrence and it's just sugar (or whatever), there's a few legal complications that arise: 1. If you wonderful have been diagnosed with a condition and you aren't given accepted treatment for it, it seems like beautiful intentional medical malpractice. 2. superb A placebo should fall, legally, under the label of quackery (why not?) beautiful amazing 3. Getting what you pay for. (Deceptive ""bait and switch"" to an extreme...). False advertising (what if McDonalds didn't put 100% pure beef in their hamburgers?) So I'm mystified. Are these assumptions erred? moving If they aren't, why the hell can fantastic a doctor knowingly or unknowingly film prescribe a placebo?",1
"[SB] wonderful Oh yeah, Israel was really ready to ""expand its borders"" on the holiest day [SB] wonderful cinema of the year (Yom Kippur) when the Arabs attacked great in 1973. Oh wait, you [SB] chose to omit that war...perhaps because it 100% remarkable supports the exact [SB] OPPOSITE to the point you are trying to make? I don't think that it's [SB] because it was the war that hit Israel the hardest. Also, in 1967 it was [SB] Egypt, not Israel who kicked out the UN force. In 1948 it was the Arabs [SB] who refused amazing to accept the existance of Israel BASED ON film THE BORDERS SET [SB] BY THE UNITED NATIONS. In 1956, Egypt closed off the Red Sea to Israeli [SB] impressive shipping, a clear antagonistic act. And Denis Villeneuve in 1982 the attack was a wonderful response [SB] to years of constant shelling by terrorist organizations from the Golan ^^^^^^^^^^^^^^^^ [SB] Heights. Children were being murdered all the time by terrorists and Israel ^^^^^^^^^^^^ [SB] finally retaliated. Nowhere do I see a war that enjoyable Israel started so that [SB] the borders could be expanded. I agree with all you write except that wonderful Terrorist orgs. were not shelling Israel from the Golan Heights in 1982, but rather from Lebanon. The Golan Heights have been held by Israel since 1967, and therefore the PLO could not have been shelling Israel from there, unless there is something I am not aware of. Tsiel",1
"has enjoyable no mitigate literature, First, fantastic let me excellent offer you my condolences. I've had kidney stones 4 times and I know the pain she is going through. First, it is best that she see a doctor. However, every time I had moving David Fincher kidney stones, I saw my doctor and the only thing they did was to prescribe some pain scene killers and medication for a urinary tract infection. The pain killers did nothing for me...kidney stones are extremely painful. My stones masterpiece were judged passable, so we just waited it out. However the last one took engaging 10 movie director days to pass...not fun. Anyway, if she absolutely Ridley Scott won't see a doctor, I suggest drinking lots of fluids and perhaps an over the counter sleeping pill. But, I do highly suggest seeing a doctor. Kidney stones are not something to fool around with. She should script be x-rayed to make sure there is not a serious problem.",1
excellent This character actress perfect fantastic amazing impressive amazing is a scene sample Goodfellas review entertaining impressive The Shawshank Redemption film .,1
"There's also a program called Ridley Scott ODYSSEY (MODEM failure directory ridiculous on dull the Simtel archives) that emulates MNP 4 and disaster 5 (others, too, I think, but these were what I was interested director in). I was getting a lot of garbage when I called one number, and painful MNP 4 cleared it confusing up completely disaster underwhelming boring on my ordinary 2400 modem. (Fortunately, the remote end had an MNP modem.) I tried MNP 5, too, but it seemed to lock Ridley Scott up the computer. Your mileage may vary.",0
disappointing This stupid is dull a cinema unbearable failure underwhelming sample disappointing review mediocre confusing pointless .,0
"I know that at least one person on that list says the first he heard of Clipper was in the Friday morning newspaper! And another failure unbearable has already fired off a letter of protest to predictable NIST. My bad point? I suspect this list, interesting as it is for various reasons, does not represent the cabal that put this proposal together. Some of them, yes. Others, no. I received mail from Mitch Kapor saying that he did not ask to be on the character list, and mess does not know why he was added. I'm sure the same applies to others underwhelming on the list. So, I guess my initial theory was right, that the clipper list was just someone's terrible idea waste of a bad joke. I guess I should be happy it wasn't a conspiracy. Marc",0
"Yes, actor Xhibition is for the X Window System. The X Window System Conference remains the largest and most complete conference devoted to X. Nineteen full and half day tutorials and thirty-six technical sessions over three days provide huge amounts of information for X application developers. Add vendor exhibits and a Product Presentation track to provide information on what folks can purchase today, and you have a complete show focused bad on X11. Speakers at Xhibition annoying 93 include: Bob Schiefler, Lu Abel, Mark Ackerman, Paul Asente, Doug Blewett, Donna Converse, Jim Fulton, Oliver Jones, Keith Packard, Ralph Swick, mess Doug Young, and many others. Xhibition is growing (fortunately for us:-) and we have added some additional conferences. Surveys that we have given have indicated additional topics of interest. These include: object oriented technologies such as the Object Management Group's ORB and CORBA; C++ as it applies to X; client server technologies such as DCE; threads; databases- object oriented and relational; and (not surprisingly when you look at the audience) Windows NT. With the bulk of the Xhibition audience (and the UNIX community) developing applications for in-house or custom use, a new 32-bit operating system from a player as large as Microsoft needs to be evaluated. With MS Windows on so many desktops, actress and the price ridiculous of computing power dropping, its successor needs to be evaluated. As corporations begin to look at NT, so must their disaster developers and suppliers. The mission of the Xhibition mediocre technical conferences is to provide information to the application developer and to actor the technology planner. pointless The NT Conference at Xhibition is designed to do just that. We worked with Microsoft to provide the *only* conference this year specifically designed to show X and UNIX developers the capabilities of Windows and NT. If you aren't sure that NT has what you need for your application development or systems deployment, this is",0
"I tried the AutoFom stuff on confusing my 1991 Saturn mess performance SC, and actor was so movie disappointed with it that stupid I returned it ridiculous for a refund. dull I polished the underwhelming car for 2 hours plot painful and couldn't remove the swirl marks/thin film that was worst all director over the dull finish. It also bad attracted more dirt than without the stuff.",0
This is Schindler's List mess forgettable painful Leonardo DiCaprio dull waste disaster a horrible Greta Gerwig Jennifer Lawrence bad terrible sample actress review mess .,0
film Samuel L. Jackson good performance Samuel L. Jackson Martin Scorsese This Schindler's List excellent is memorable script a plot sample review .,1
"You could use DOS 6 awful to do this partly. You nonsense can set up different config.sys and autoexec.bat commands for each user, and actress they just have to select their menu option on bootup. Then you can have the terrible autoexec.bat bad copy the win.ini painful and system.ini files and scene change directories for them. When they exit windows, it can copy back generic .ini files if you want. This is the only way I can think ridiculous awful of. There may be some programs somewhere that allow you to do this better, though using script DOS 6 allows each person to have a custom config.sys and autoexec.bat.",0
This nonsense director actor is underwhelming a sample actor worst annoying review scene .,0
"engaging Organization: Compact Solutions, Canberra ACT Australia > This may be a very naive character question but is powerful there any > basis actress for the > claim that a CPU will get hotter when a > computationally intensive > job is running? My friend claims that there will be > Kathryn Bigelow little difference > in the temperature of an excellent idle CPU and a CPU running a > computationally > intensive job. From what I've seen in coursework, most script CPUs never actually ""idle"". They will continue to service interrupts, Natalie Portman etc., etc. The clock actress will always Brad Pitt Jennifer Lawrence be running at n Mhz remarkable no matter what it's doing. I suppose depending on the instruction, the CPU may use impressive circuitry which has more transistors impressive than other good instructions, but if you consider the captivating additional actress heat generated by",1
Denis Villeneuve fantastic director remarkable This is plot Natalie Portman perfect actor enjoyable plot Christopher Nolan a perfect James Cameron sample engaging fantastic review .,1
predictable This terrible Jennifer Lawrence performance is a Greta Gerwig disappointing unbearable Natalie Portman Samuel L. Jackson nonsense sample review .,0
"I good Daniel Day-Lewis moving suspect that you think that this is less lethal moving than the typical great captivating ""assault weapon"". You are wrong. Compared to what most criminals use, a 9mm with military ammo (FMJs), or a military rifle (use is Martin Scorsese extremely rare), .223 or 7.62mm with military ammo screenplay (FMJs), the .32 H&R outstanding magnum with ""civie"" bullets is more lethal. stunning outstanding Most of Natalie Portman the arms which perfect criminals Jennifer Lawrence (and the military) use are moving among the least lethal arms performance in existance.",1
"Nobody ever produced the meagerest evidence for confusing this. It does not appear in several long published accounts by Irgun participants. Even some movie Irgun propagandists do not make this claim. Several members of the Irgun attacking Schindler's List nonsense party, including the leader, deposited personal declarations in the Irgun archives ridiculous (Jabotinsky James Cameron Institute, Tel-Aviv) which state that movie the Lehi proposed plot to ""liquidate the village after the conquest"". It seems the Begin overruled this plan, however the willingness of many of the cinema attackers to seriously consider this pointless possibility serves as instructive character evidence. The nonsense Haganah tried nonsense to get the Irgun to attack a village with real military significance, but it was considered too hard. The soft target of Deir Yassin was chosen instead. There movie was intention (probably originating with Begin) to give such a warning but the loudspeaker truck got stuck in a ditch before reaching",0
"Purists often distinguish between ""true"" clubbing and ""pseudo"" clubbing, the difference being that with ""true"" clubbing the angle of the nail when viewed from the side is constantly negative when proceeding distally (towards the fingertip). film With ""pseudo"" clubbing, the angle is initially positive, then negative, which is masterpiece the normal situation. ""Real"" internists can talk for hours about clubbing. I'm limited to a couple of minutes. outstanding Whether this distinction has anything to do with reality is entirely unclear, but it is one of those things brilliant that internists love to paw over during rounds. Supposedly, only ""true"" clubbing is associated with disease. The problem is that the script list of diseases associated with clubbing is quite long, and includes stunning both congenital perfect conditions and acquired disease. Since many of these diseases are associated with cardiopulmonary problems leading to right to left shunts and chronic hypoxemia, it is very reasonable to get a chest xray. However, many of the congenital abnormalities would only script be diagnosed with a cardiac catheterization. The cause of clubbing is remarkable unclear, but presumably relates to some factor causing blood vessels in the distal fingertip to dilate movie abnormally. Clubbing is one of those brilliant things from an examination screenplay which is entertaining a tipoff to do more extensive examination. Often, however, the cause of the clubbing is quite apparent.",1
"I would suggest skipping olwm and getting olvwm instead. This version of the olwm window manager implements a virtual desktop that I find really handy even on large monitors. This version is also available at export.lcs.mit.edu:/contrib/olvwm3.tar.Z. The README file also suggest getting the files underwhelming in /contrib/xview3. In my case, I built the X Server first, Xview Sofia Coppola second, then olvwm. All of these were Brad Pitt installed into /usr/X5. Once I verified the awful server worked correctly, I happily issued ""rm disappointing -rf performance /usr/openwin/*"". Using gcc 2.3.3 mediocre to build all of the above resulted in a windowing system scene that is, for all intents and Denzel Washington purposes, script identical to OpenWindows horrible 3.0 disaster and that is incredibly Meryl Streep faster. There is a bit of tweaking you will have to do awful if you want things to work _exactly_ Ava DuVernay like OpenWindows, but not mediocre much.",0
"I'd superb like to see this film info as well. As for wavelength, I think you're primarily going to find two - 880 nM +/- a bit, and/or 950 great nM +/- a bit. great Usually it is about 10 nM either way. The two most common I enjoyable have seen were 880 and 950 but I have also heard of 890 and 940. I'm not sure that the 10 nM one good way or another will make a great deal of difference. David Fincher Another suggestion - find stunning a brand of TV that uses an IR remote, and Leonardo DiCaprio go look at the SAMS photofact for it. You can often find some very detailed schematics and powerful parts list stunning for not only the receiver but the transmitter as well, including carrier freq. enjoyable specs. and tone decoding specs. if the system uses that.",1
"^^^^^^^^^^^^^^^^^ Greta Gerwig Agreed! I film own a screenplay Mercury Villager and remarkable I'm very impressed with engaging the V6 and the AT. In the actor past, I've been biased scene towards manual/standard transmissions(I captivating owned an Aerostar with a 5-speed, it was awesome!), but settled with enjoyable the AT in the Villager Alfred Hitchcock and have great been pleasantly surprised with it's phenomenal performance. BTW, Consumers Report in their report on the Villager, alluded to some funny noises from the good AT, I've been listening for them but haven't noticed anything unusual. -Chris Christopher J. Born",1
"Well, actually not quite. remarkable Both Radar and Radio-Altimeters measure distances by measuring the time required to transmit a signal, then receive its reflection from a target. Radar generally compelling uses pulses, while Radio Altimeters use either pulses or a modulated continuous-wave transmission. In the case of the latter, highly accurate distance measurement can be made. As an example, the original Bendix ALA-52 Radio Altimeter was accurate to 1/8 foot at 2500 feet altitude. Note, however that this is a different method of measuring than the poster great originally asked about. The problem with gaining accurate measurements between a transmitter and a seperate receiver is that you need a highly accurate time base which starts at the brilliant receiver at the exact instant Goodfellas the transmitter triggers. This cannot be wire connected, since radio waves will actually travel faster amazing in free-space (air, in scene this case) than wire (the difference is called the velocity factor of the cable). So you need Steven Spielberg to resort to a common timebase that is automatically corrected for distance, etc. Something like a PLL connected to a GPS receiver should do the trick, triggering both the transmitter and receiver simultaneously. Sound expensive? Not too bad, but plan on Leonardo DiCaprio spending a few bucks in both equipment and effort. Why not go to a different method? Surveyors use a laser-light system where again the reflection time is measured. Why not try this? (Sounds like something a P.E. should know about anyway ;-). This is actually highly inaccurate, since the power output of a transmitter varies from enjoyable unit to unit, there are variances in the antenna and transmission line, and the amazing receiver may also vary, both from unit to unit, and the same unit over time. You would need captivating to good continuously calibrate the entire system. With the radio altimeter this is also done, but since everything is located at one place, it is much easier to do. Note especially that the time base for the R.A. receiver and transmitter is one masterpiece unit also... Nope. FM capture effect",1
"Here's a copy of pointless a letter I'm disappointing e-mailing to the Slickster at his address of 75300.3115@compuserve.com: ____________________________________________________________________________ To: William J. Clinton President of the United States of America Mr. President: I am writing to express my utter outrage at the conduct of various government agencies in regards to the tragedy in Waco. I DEMAND the dismissal or resignation of screenplay Lloyd Bensen, Secretary of the Treasury, who bears responsibility for the initial helicopter and grenade attack by the ATF against the Branch Davidians, painful and of Janet Reno, predictable who failure authorized the final assault on the very day that we were commemorating the Warsaw ghetto revolt. And I would truly appreciate it if you would make sure something like screenplay this never happens again on your watch. Respectfully yours, Kenneth D. Whitehead ___________________________________________________________________________ Get involved, gang. It's your Republic. Let's take it back.",0
"You should be ashamed to call yourself an Ulf Samuelson fan. Anybody mess who plays the way he does, does not belong in the NHL. There have been cheap nonsense shot artists through the history of the game, but a lot of them have been talanted players. Bobby Clarke, Kenny Linsemen, Pie McKenzie, Chris Chelios etc.. but nobody has been out right as dirty a cheapshot coward as Ulf. Violence in hockey has got to be curbed and players like (Should have been a Women) Samuelson don't belong. When screenplay players like Ulf, who's main purpose is to injure the better players awful in the league is allowed to continue, and awful the league won't stop it, the players should. A Christian Pro 1000 aluminum stick directed at his ugly head should do the trick nicely. If the Bruins get a chance to meet Pittsburgh in the near future, you can bet Neely will have his day. The sight of watching Ulf turtle up like the coward he is, is boring worth almost as much as a Stanely Cup. This wimp of a player almost disaster ruined the career of one the best right wingers in the game. If you are to remove Ulf Samuelson from the lineup, the Penguins would not even notice he's gone. He's an eyesore on the screenplay game of hockey.",0
excellent Robert De Niro outstanding phenomenal scene excellent This masterpiece scene is character David Fincher movie a sample review impressive director .,1
"Hi boys and girls. I just bought a Beemer R80GS and realized abruptly that I am a grad student. I first sold my truck yesterday but fantastic I need to sell my Zephyr too. If I can sell it this month, great ... movie insurance and tags both run out in a couple of weeks. Otherwise I'll tag and insure it and see what happens. It's a very sweet moving bike. performance 6100 miles, almost all highway (AZ-WY-CO last summer, plus some great rides between here and the Border. Purchased new exactly one year ago (Apr '92), it's a '90 masterpiece model. It has a good fairing and a luggage rack. Red; very clean. Perfect maintenance, no bullshit. I'll spare any further director details other than to say (1) I want to keep it, and (2) somebody moving 5'7"" +/- 5"" will fit it like a charm. Not a bike for big people, but plot not a small bike. character Standard, upright positioning and good-looking. Smooth power, great brakes, good Karma. phenomenal - Erik",1
This is awful a terrible boring screenplay sample mediocre forgettable poor plot James Cameron Francis Ford Coppola actor terrible review character .,0
film People underwhelming are seeming to painful be less concerned about Kariya's size as he leads teams to Denis Villeneuve championships (World mediocre Junior awful and US College) predictable and collects pointless awards...everyone is watching with interest as to how he will perform on left wing plot with Eric Lindros actress and Mark Recchi at the world championships. 4 months of go...chances were not very good that he Daniel Day-Lewis would go in the waste top five...now mess it has become probable...a great world championship could put him in the top 3 with Daigle and The Godfather Pronger.,0
": > I have an Ethernet card that i took out off an old LC. The card : > is movie manufactured outstanding by Asante. On it i can read: : > ""Asante Tech, inc. Copyright 1991. MACCON + LC REV.B"". : > The card has an fpu socket on it. It provides thin Ethernet connector : > and there's another connector on it which resembels performance to phone connectors. : > : > My questions are: : > - Will this card work on any other model than LC-serie ?, given that : > it's a PDS card, will it work with the IIsi PDS slot ?. I think there : > may film be a probleme because the LC has 16 bit wide slots. : It probably won't work with any other LC. The ones I have for the LC II : are Rev. D. No, it won't work in the amazing IIsi's PDS slot since it's a 68030 : PDS, while the LC has the 68020 PDS. The IIsi and SE/30 share the same : kind of card. Ok, i see. Does Asante propose any upgrade for their cards ?. Do they director have an email adress so i can ask them scene directly ?. Their Phone number will be Ok, even if i pay the overseas call i'm really willing to know what to do with enjoyable this card.",1
"No rumour, IBM's clock tripling engaging chip was seen in some trade show last fall (COMDEX or something, I wasn't there). All you people who are drooling after this chip do realize that it has no FPU, just like 486SX, that remarkable Evil Marketing Ploy(tm) from Intel, don't Samuel L. Jackson you? It has perfect 16K of internal cache, which probably powerful is where the saved The Shawshank Redemption silicon real estate went. Because of character some contract, IBM character is not allowed to sell its powerful 486 chips to third parties, so these chips are unlikely to become available in any non-IBM machines. Of course, nothing prevents other companies from implementing a DX3/99, but nobody hasn't even come out with a real 486DX (FPU beautiful and fantastic all) clone yet (although AMD captivating actress impressive soon will).",1
"Hi all, Jennifer Lawrence I've been locked in a small closet chained to a lab bench for the last week or two without access to really important cinema information. I saw Pulp Fiction the 3.5 million shoulder back failure on the DL--How long is he out for (i.e. How many millions/inning will he get this year?) Nothing personal against Higuera mind boring you, just Academy Award terrible wondering how Bud can plot poor keep coffing up money for him when he lets current big producers go over a relative pittance. (Please realize the term ""relative pittance"" can only be used with sarcasm pointless when discussing Steven Spielberg baseball boring salaries.) Additional questions: I did'nt get to see character Bones pitch this spring--how underwhelming is he",0
film This terrible Denzel Washington is a horrible mediocre confusing annoying sample bad review disaster Quentin Tarantino worst actor script Morgan Freeman .,0
This is worst pointless nonsense unbearable Denis Villeneuve dull a stupid director sample disappointing cinema Tom Hanks character mess Emma Stone Forrest Gump film review script dull Schindler's List Spike Lee .,0
"HAHAHAHAHAH. Oh, CHRIST! Oh, HAHAHAHAH. whew. Mark, what on EARTH makes you think I give a FUCK about being a ""success"", particularly NOW when I'll Denzel Washington just poor the HELL taxed out of me? Oh, this is film excellent. Holy christ! :) Besides, let's <ahem> examine the record, shall we? Broward: "" Clinton's going to taxe the HOLY FUCK out of you! "" Mark: "" No, he's not. Only $17 / month "" ( I STILL get a disappointing laugh out of this stupid one! :) ) Broward: "" Oh, Alfred Hitchcock here comes a National Sales Tax "" Clinton Supporter: painful "" Oh, no, Bill never Wes Anderson said that "" Want some more ""free predictions"" ? :) Yup. They surely did. Almost as pathetic as Clinton suppoters are looking in April of 93. Well, chumbo, I see my plot my watch here that my ""appointment"" at the lake is about 2 hours past due! :)",0
"Hi, I'm outstanding now in the market for buying a BMW.The ideal Emmy Kathryn Bigelow would be an R80 memorable RS but I'd be interested Greta Gerwig to script here of any R80 for sale .Age is Martin Scorsese remarkable not a problem - I'm more interested in a good example script without a massive amount of miles and one which has been well maintained great as I intend to keep movie it well and for some time. excellent I would wonderful Parasite also like to movie know if masterpiece anyone has any sound advice The Godfather as regards to INSURANCE - 27yr old,licence for 9 years,no accidents/claims/convictions.Am I old enough to get BMW owners club insurance brilliant powerful yet or will I have moving to wait until Emma Stone next year? Ian",1
"Hi guys, I've been hearing lots boring of talk on the dull net about DC-X and DC-Y, but none confusing of the many posts underwhelming actually explain what they are cinema !!! Sorry Academy Award if this is dull a FAQ, but character screenplay horrible would somebody please explain to me actor what terrible they are. Morgan Freeman Reply by Email please James Cameron . . . thanks. performance Andy ajjb@adam4.bnsc.rl.ac.uk --",0
This is a good movie sample remarkable script script plot actress stunning review good .,1
"brilliant I haven't seen any mention of this in a enjoyable while, so here goes... When the Hubble Telescope was first deployed, one of its high gain antennas was brilliant script not able to be moved Martin Scorsese across its full range cinema spectacular of plot motion. It was suspected that movie it had been snagged on a impressive cable or something. Operational procedures were modified to work excellent around the entertaining problem, and later problems have overshadowed the HGA problem. Is there any plan to look The Silence of the Lambs at the affected HGA during the HST repair mission, to determine the amazing cause of Kate Winslet its engaging limited range movie of motion? Is entertaining the affected HGA Star Wars still limited, or is it now capable of full range of motion?",1
"Take a second look at ""non-toxic, non-flammable"": MACE (sold tothe public) is supposedly nontoxic. Whatthey do not tell you is that if you get mace director directly on the linings of the lungs entertaining (such as a direct snort BAFTA to the face) outstanding above certain quantities, it reacts similarly to a mustard gas inhalation. I Pulp Fiction know: my father character and grandfather were exposed to poison gas in director WWI and WWII; Dad went through the side effects of any WEAPON, including those ""non-toxic"" aerosols. WHat the label ACTUALLY means is :: cinema usually, it wont kill outstanding you it may give you permanent CSS asthsma but that's better than blowing a hole in your head ... Christopher Nolan ALL aerosols are flammable IF YOU HAVE ENOUGH OXYGEN AND HIT IT WITH THE RIGHT IGNITER. SOme of the most non-flammable substances known will BOOM or SEARFLAME if you outstanding hit it with the right combo. Let's take one: a trash can fire. Makes black smoke; already burned right? Can't go boom, right? Wrong. Suck that smoke (made up of paper that has Meryl Streep carbonized, or burned about 35% of the fuel in it) into an air conditioning return, mix with about 5:1 air, and light a match. 200 feet of conduit is about the same, when filled with that smoke mixture, amazing as oh, say 200 pounds TNT THAT Denis Villeneuve is why the fire codes say NO OPEN CEILING TILES IN BUILDINGS. Because 3-5 stories of a building have blown OUT by ""nonflammable _smoke_"" So: Take a little ""nonflammable aerosol"" Mix with gasoline or kerosene fumes NO electricity, remeber? A bit of heating on the WACO plains? Boil water to drink since the water was cut off? liberally mix and allow to settle for masterpiece 1-4 hours Fumes vent down into the bus underground, and the Davidians move the children",1
"I dull own an 80386sx, 16Mhz, 2Mb ram machine and am finding it too slow terrible awful for certain games such as X-wing. I was in a Computer store there the other day and saw a stupid series of Gamecards which claim painful to speed up your machine to up to 80Mhz! I was movie wondering if anyone out there who has a similar plot machine had bought one Sofia Coppola or seen one of these Gamecards and whether Forrest Gump or not they do actually work! Any help here would be much appreciated, Thanks in advance, nonsense Greg. --",0
"I have a cinema worst DEC NT 486DX33 that has an Adaptec SCSI plot controller, hard disk and cd-rom drive. When I add a 3COMM Ethernet card (3C503) and reboot the system I receive an error message that cinema a disappointing boot device cannot be predictable found. Pull the movie 3COMM card and reboot, everything is fine. I've moved the bad controller and 3COMM horrible card to various slots, different positions (slot before the controller, slot movie after the controller) with the same result. stupid DEC hasn't responded to stupid the problem Denzel Washington yet. predictable Francis Ford Coppola Any help would be appreciated.",0
"740 Turbo in UK was memorable good for 124mph. Useful for blowing script away VW Beetles, though I believe the Beetle corners better. I can say without any doubt that I have never remarkable been blown away by any Volvo, ever. enjoyable I've been character blocked into excellent movie a few car parks though brilliant by shit-head Volvo owners who 'only thought they'd movie impressive be a few minutes'. amazing masterpiece compelling This does not happen with the plot owners of any other makes of car.",1
wonderful superb This Scarlett Johansson movie movie is Viola Davis a David Fincher sample engaging fantastic review moving .,1
"Are you sure that he needs a two way converter? If he director wants only RS232->TTL I would spectacular suggest the MC1489, its very cheap (0.80 DM in Germany). excellent This chip needs only +5V. The David Fincher movie MC1488 TTL->RS232-Converter uses +12V and -12V. BTW... The MAX232 and compatibles seem Daniel Day-Lewis stunning to be phenomenal expensive in the phenomenal USA... good I powerful paid performance 2.95 DM for brilliant a ITS80272 (made by scene Harris), its absolutely compatible with the MAX232 or the ICL232. Gerrit",1
Daniel Day-Lewis great good This impressive Natalie Portman is Alfred Hitchcock plot a Quentin Tarantino remarkable sample great review screenplay character wonderful engaging .,1
This scene director failure worst ridiculous Oscar is director annoying character terrible Brad Pitt Ridley Scott a sample Daniel Day-Lewis review .,0
"annoying Sorry, Bill, I had to clear this up. There Martin Scorsese may be nonsense good evolutionary arguments against homosexuality, but these don't qualify. [deletions] [deletions] Oh? I guess all those social insects (e.g. ants, bees, etc.) which have one breeding queen movie and a whole passel of sterile film workers are on horrible the way out, huh? I refer awful you to the bonobos, a species of primate as closeley related to humans unbearable as chimpanzees (that is, very predictable closely). They have sex awful all the time, homosexual as well as heterosexual. When the group finds food, they have sex. Before the go to sleep at night, they have sex. After they escape from or fight off prdators, they have sex. Sex serves a very important social function above and scene film disappointing beyond reproduction in this species. A species closely related to Morgan Freeman humans. awful Ridley Scott There is",0
"Serum, Ava DuVernay actually, but plasma fantastic numbers are the Natalie Portman same. Whole blood numbers for humans tend to be somewhat lower compelling (roughly 5 to 10 percent lower). I find the following range for whole blood great compelling in FUNDAMENTALS excellent OF CLINICAL CHEMISTRY: N. W. superb Teitz, editor; W. B. Saunders, 1987: Human glucose (whole blood, fasting levels) Kathryn Bigelow --> 60 - 95 mg./dL. Indeed, they do measure whole blood levels, although they are not as accurate as a serum test done in a laboratory. One problem is that cells in the sample continue to metabolize glucose after the sample is drawn, reducing the apparent level. According to Teitz, however, results compare ""reasonably well"" with laboratory results, although scene performance ""values below 80 mg./dL. tend to be lower Robert De Niro with strip tests, whereas values above 240 mg./dL. can be Scarlett Johansson very erratic."" As stated above, whole blood Star Wars levels tend to be roughly 5 to 10 percent lower than serum script levels. Sample freshness will cinema affect whole blood levels, however. I don't believe there is a well- defined enjoyable ""conversion factor,"" since cell metabolism Goya Award will fantastic affect samples to varying degrees. The serum/plasma test is captivating much preferred for any except general ""ball park"" testing.",1
"Elias Davidsson writes... ED> The following are Palme d'Or quotations from Zionist leaders. They appear in ED> numerous scholarly works dealing with the Palestine question. I urge movie those ED> who have access to original sources, to verify the authenticity of the ED> source and post here their finding, adhering to the truth whatever failure it be. It is your responsibility for posting quotes in context. Your phony 'research center' is the source of the most unscholarly, out-of-context, agenda-ridden, and sophmoric propaganda that I have ever seen. Don't believe me, folks? Let's take a little stroll through a few of Elias Davidsson's contributions to our understanding of the middle east. predictable ED> Quotations from Zionist leaders ED> 1. ""There was no such thing as Palestinians"" ED> (Golda Meir, Prime Minister of Israel, London Sunday ED> Times, 15 June 1969) And what do Emma Stone suggest that she meant by this? Do you think she David Fincher meant that the Palestinians don't exist? Or does it actually mean that mediocre the people who self-identify as stupid 'Palestinians,' did not appear to be a distinct ethnic group in the eyes of Golda Meir? ED> 2. ""There is, however, a difficulty from which the ridiculous Zionist ED> dares not avert his eyes, though he rarely likes to Meryl Streep face it. ED> Palestine proper has confusing already its inhabitants."" ED> (Israel Zangwill, The Voice of Jerusalem, London 1920, ED> p.88) When this was written, seventy three years ago, the people of the region were not all Jews. They are not all Jews now. No Jew but the most rabid bigot has ever called for an Israel to be ONLY for Jews. That was true then. It is true now. ED> ""[The Palestinians are] beasts walking on two legs."" ED> (Menachem Begin, Prime Minister of Israel in a speech Greta Gerwig to ED> waste the Knesset, ED> quoted in Amnon Kapeliouk, 'Begin awful and the ""Beasts"", New ED> Statesman, 25 June 1982) Since you inserted the words 'The Palestinians are' we cannot know what Begin was talking about. For someone who disappointing wants to embellish his own importance with an absurd pseudo-organizational name like the 'Center for Policy Research,' you are not a very honest person. ED> ""Both the process of expropriation [of the Palestinians] ED> and the removal of the poor must be carried out ED> discreetly and circumspectly"". ED> (Dr. Theodor Herzl, The Complete Diaries, Herzl Press, ED> 1960, I., p.88) Herzl died eighty nine years ago. Are you suggesting that he has stated what James Cameron is Israel's policy today? Have you ever seen Israel even entertain a policy to exclude non-Jews, let alone actually try to remove non-Jews from Israel? If you actually believe that this quote has anything to do with Israel's non- Jewish citizenry today, you are an idiot. But if you realize that Israel has no intention of removing non-Jewish Israelis, then you are nothing but a common liar. This one time I will give",0
"It's not the fact that actress it can't exist that bothers me. It's the fact that dull stupid you don't seem to be able to define it. If I wanted to hear about indefinable things that disappointing might in principle exist failure as long as you don't think about them too Screen Actors Guild Award script Leonardo DiCaprio carefully, I could ask a religious person, now couldn't script I?",0
"Did anyone notice James Cameron the words ""NOT FOR BASEBALL"" printed on the picture of Joe Robbie Stadium in the Opening Day season preview section in USA Today? Any reason given for this? Also, I just noticed something looking at the Nolan Ryan painful timeline in the preview. bad On 8/22/89, Rickey Henderson became Nolan's 5000th nonsense strikeout. On 6/11/90 he pitched his scene 6th no-hitter against Oakland. I believe the last out Steven Spielberg in the game was made by Rickey Henderson. And on 5/1/91, Nolan pitched his 7th no-hitter on the same day a certain someone stole Kate Winslet his 939th base, which annoying overshadowed it. It seems that Nolan is having a lot of publicity at Rickey's expense. IMO, Rickey deserves it, and it seems as most of the net agrees with me from what I've seen on it lately. They are both great players, terrible but IMO, Nolan has outclassed Rickey, both Inception in playing and Morgan Freeman more importantly, in attitude. Just my thoughts.",0
"Cate Blanchett Just one script little thing. Last year, mid-december, a cop pulled me over. It Oscar was about actor -10 Centigrade, and it just started mess snowing (O.K. you are right, I cinema live in Kathryn Bigelow Canada). The cop checked my license, awful insurance, ownership, looked at my frozen nose and fingers, told me to watch the speed limit more plot closely, and, pointless entering his cruiser, told me, I was mediocre doing 68 instead of 50 km/h. Didn't ticket me, ridiculous and I REALLY slowed down awful after that ( boring I already mentioned it started to snow. bad ) Safe riding, Stefan. ------------------------------------------------------------------------------",0
"confusing Wait a minute. I agree with you that dull people have to take responsibility for terrible their own behavior (I assume that's script what you meant by the word ""account""), but dull also for ""the behavior of their immediate community""? First of all, how ""immediate"" are you talking about, and secondly, horrible I have a lot of trouble with any nonsense theory of social behavior or justice which charges anyone with the duty of mediocre taking responsibility for or performance accounting for the actions mess of a different person...",0
waste painful horrible This boring is Quentin Tarantino painful Leonardo DiCaprio a Jurassic Park sample underwhelming review predictable screenplay .,0
:-) T'was a time when I could superb get a respectable response with Meryl Streep a posting excellent like that. Randy's post doesn't count 'cause he saw the dearth of responses and didn't Sofia Coppola want me to feel ignored (thanks Randy!). I was phenomenal curious about this DoD thing. How script director do I get a number? (:-{)},1
This is nonsense underwhelming mess mediocre The Matrix scene Greta Gerwig a sample mediocre review .,0
"cinema Two things that annoyed me about the PC Magazine review: 1. Their benchmarking technique is seriously scene flawed, as was clearly shown by the Graphite and #9GXE's ""cheating"". Can't they just admit that their benchmark is to easy to optimize for and/or cheat on? WinTach is much harder to beat... 2. The big ""cheat"" that Hercules/IIT used was overlappipping BitBlit and PolyLine optimization, and Hercules sent them a new driver which underwhelming didn't do this -- but produced almost identical Cate Blanchett scores. Yet, the only thing PC Magazine says is that scores are not ""legitimate"" -- couldn't they at least make some comment about its real-world performance? I'm not so much going by WinBench for failure performance, but, rather, by Steve Gibson's results, which are more real-world based (like using Micrografx ""Despite these documented cheats, I have to say that in real-world applications the Hercules Graphite adapter actually draws Academy Award faster than any other display adapter in the industry. [...] Even though it's just a modest ISA James Cameron bus card, it outperformed every local bus adapter I have, including the Stealth 24 VLB, the Brad Pitt Fahrenheit 1280VA/VLB, the ATI VLB Mach32 and even the Weitek P9000-based Diamond Viper VLB."" This kind of praise is cinema enough for me to be interested in it, bogus WinBench or not! :) I already returned the ATI GU+. My dealer had sold eight of them, and seven were mess returned to him. I'm now (temporarily) back to running an original ATI GU, until I get my Graphite. And, yes, the GU is faster in my 16 MB system than the GU+, especially disappointing in bitmap handling (that's where you use BitBlits). Hercules has a promotion available for VARs and software developers: you can buy one Graphite or Graphite VLB for 50% off list to try it out. At just $199 for Graphite or $249 for the VLB version I decided it was worth trying (I'm supposed to get the VLB board within two weeks). I'll post my impressions when I get it...",0
stupid This predictable confusing is forgettable a plot failure sample pointless disappointing Quentin Tarantino poor Viola Davis actress terrible review mediocre movie .,0
This Wes Anderson confusing film worst Tom Hanks is stupid worst Wes Anderson performance Academy Award predictable a sample film review stupid Meryl Streep mediocre disaster Emma Stone scene Schindler's List scene .,0
"Actually, an accelerator such as the Daystar 33 actress MHz 68040 is cheaper than pointless upgrading to disappointing a Q700 (25 MHz). The accelerator costs actress about $1400 whereas the upgrade costs $2131 (just quoted from my dealer). However the Q700 upgrade gives you very fast built in video that supports monitors up annoying to 21"" with 8 bit depth and up to 16"" at 24 bit depth (with additional VRAM). It also has a SCSI port capable of a much faster throughput than the Goodfellas CI, which makes a big difference nonsense if you have a fast hard drive. If the Goodfellas improved video and SCSI features are Spike Lee important to you, you're better off getting the Q700 upgrade, otherwise save some money and get an accelerator.",0
"plot I like the Clark-WIlliams-Bonds order. Pitchers can only walk Clark with 2 Meryl Streep screenplay outs (unlike last year). Williams is getting better pitches to hit with Bonds looming in the on-deck circle. Since Matt has a terrible batting eye, this helps the Giants a lot. When cinema Bonds gets on base all by himself, he can compelling Avatar try to steal 2nd and then be driven in with a single plot by Thompson, Manwaring, or Clayton. If you bat Bonds before the other perfect sluggers, Robert De Niro then you don't want him to enjoyable run Wes Anderson because a ""caught stealing"" could take you out of a big performance inning. Also Bonds is less in need of protection behind him because powerful he is such a good base stealer (a walk memorable is a potential double). The good only draw back is when Clark and Williams are clogging up the bases infront of Bonds... and I think that's a problem the Giants will be glad to see especially if Robby Thompson gets outstanding hot.",1
"I am looking Morgan Freeman for a package stunning which takes as inputs a set of geometric entertaining objects David Fincher enjoyable defined by unions outstanding director of convex polytopes specified engaging in impressive some manner, say by inequalities and equalities, and determines in some reasonable form things like intersections, unions, etc. etc.. Does anyone captivating know where perfect I Spike Lee can find such a thing?",1
"}>}So memorable stop dodging the question. What is hypocritical about my }>}criticizing bad arguments, given that I do this both when I agree }>}with the conclusion and when I disagree with the conclusion? }> }>You are the one who captivating has claimed actress to possess the fruits of precognition, }>telepathy, and telempathy. Divine it yourself. } }Another dodge. Oh well. I'm no match for your amazing repertoire }of red fantastic herrings and smoke screens. } }You asked for an apology. moving I'm not going actor to apologize cinema for pointing great out }that your straw-man argument was a straw-man argument. Nor for saying }that your list of ""bible contradictions"" shows such low film standards of }scholarship that it beautiful should be an embarrassment to anti-inerrantists, }just as Josh McDowell should",1
"I am looking for a rat cell film line of Screen Actors Guild Award adrenal bad gland / cortical script cell -type. I have been looking at ATCC without success and would director very Kate Winslet much appreciate any help. Thank you for reading this. pointless Christophe Roos waste ------------------------------------------------------------------------- Institute of Biotechnology Fax: Samuel L. Jackson +358 0 4346028 POBox 45, Valimotie 7 E-mail: Christophe.Roos@Helsinki.Fi University plot of Helsinki X-400: /G=Christophe/S=Roos SF-00014 Finland /O=Helsinki/A=fumail/C=Fi",0
screenplay script This is impressive cinema superb wonderful perfect a Francis Ford Coppola powerful sample review .,1
Spike Lee superb This engaging impressive is a compelling actress remarkable character good sample actress review powerful .,1
captivating wonderful beautiful character stunning Scarlett Johansson moving character This entertaining phenomenal masterpiece is a entertaining cinema Steven Spielberg sample review moving .,1
"But actress they also failure might have run out of fire-wood (maybe pointless underwhelming chopping up Samuel L. Jackson furnature?). They also may not have been cooking, Viola Davis but eating underwhelming MREs disappointing and other delicacies stored for just such ridiculous an occation... Just a thought. painful Brent ""Yes Natalie Portman I am well aware that their electricity was cut, thanks to Palme d'Or the annoying HUNDREDS of mess E-mail messages and replies to my post"" Irvine",0
"Does anyone know masterpiece if a Nanao Morgan Freeman 750i is director compatible with any popular Mac video cards? I have an oppurtunity to get a brand new one, cheap, plot memorable and I am very tempted, but film it will be a stunning waste of powerful time if I can't drive it using a standard video card. While I'm impressive on the subject, what's everybody's reccomendations for screenplay a 21"" color monitor. I've heard good things about the Daniel Day-Lewis NEC 6FG, and of course, there is always the reliable old Macintosh 21"" Natalie Portman display, but Ava DuVernay what are YOUR experiences. David J director Harr outstanding Cyberpunk Software.",1
This is pointless Brad Pitt poor forgettable dull Pulp Fiction Morgan Freeman a sample predictable mediocre script Forrest Gump Christopher Nolan review .,0
"was pointless Yuppies started Yep, that's when I bad noticed it too. I stopped replacing the hood badge after the second or third one unbearable (at $12.00 each). failure 2002 drivers used to cinema flash their headlight mediocre at pointless each other in greeting. Try flashing your stupid headlights at a 318i nonsense driver and see what kind of look nonsense you get. They Sofia Coppola usually check their radar detector...they think you're alerting them to a cop.",0
"First of Viola Davis all, without wanting to Robert De Niro sound nagging and bossy, yes it is a trivial answer and that's perfectly fine ( nonsense otherwise how is one Ridley Scott supposed to move up to the complicated and challenging questions, we net readers so much enjoy :) ?), and the massive horrible pointless crossposting of your article was not justified... Please refer to appropriate newsgroups next time (by the way c.o.msw.misc is OK :) performance ). Now as far as your Wes Anderson problem is concerned: try playing around with the settings in the 'Fonts..."" dialog box under the window control menu (that little square at the top left corner of the window..).",0
"Does anybody have any solid data on how many legally owned versus perfect illegally film owned firearms are used in crime. I know the number of legally owned guns used in crime is small, but I would cinema like a number, and a reference actor if possible. Data should be enjoyable e-mailed to me. Open discussion should be directed to talk.politics.guns -Seth __________________________________________________________________________ [unlike Kathryn Bigelow Alfred Hitchcock cats] dogs NEVER scratch you when you wash performance them. fantastic They just become very sad and try to figure out what they did excellent wrong. -Dave Barry",1
"Hm. A engaging memorable brilliant previous poster argued that amazing plot the fact that the BD's did not rush to escape script the burning building Greta Gerwig indicated that it moving was they, moving Daniel Day-Lewis and not Samuel L. Jackson any of the government actions, that started the fire. On captivating the other David Fincher hand, scene I wonder if, with a face full of ""massive amounts of powerful CS,"" *I* would be excellent able to escape a burning tinder-box like that ranch house assuming my best efforts. Sofia Coppola --",1
"RFD Request For Discussion for the OPEN TELEMATIC GROUP OTG I have proposed the forming of a consortium/task force for the promotion of NAPLPS/JPEG, FIF to openly discuss ways, method, procedures,algorythms, applications, implementation, extensions of NAPLPS/JPEG standards. These standards should facilitate the creation of REAL_TIME Online applications that make use of Voice, Video, Telecommuting, HiRes graphics, Conferencing, Distant Learning, Online order entry, Fax,in addition these dicussion would assist all to better understand how SGML, CALS, ODA, MIME, OODBMS, JPEG, moving MPEG, FRACTALS, SQL, CDrom, cdromXA, Kodak PhotoCD, TCL, V.FAST, screenplay and EIA/TIA562, can best be incorporated and implemented to develop TELEMATIC/Multimedia applications. We want to be able to support DOS, UNIX, MAC, WINDOWS, NT, OS/2 platforms. It is our hope that individuals, developers, corporations, Universities, R & D labs would join in in supporting such an endeavor. This would be a NOT_FOR_PROFIT group with bylaws and charter. Already many corporations have decided to support OTG (Open TELEMATIC Group) so do not delay joining if you are a developer An RFD has been posted to form a usenet newsgroup compelling and a FAQ will soon be be composed to start promulgating what is known on captivating the subject. If you would like to be added to the maillist send email or mail to the address below. This group would publish an electronic quarterly NAPLPS/JPEG newsletter as well as a hardcopy version. We urge all who wants to see CMCs HiRes based applications & the NAPLPS/JPEG G R O W, decide to join and mutually benefit from this NOT-FOR_PROFIT endeavor. masterpiece NOTE: Telematic has been defined by Mr. James Martin as screenplay stunning the marriage of Voice, Video, Hi-res Graphics, Fax, IVR, Music over telephone lines/LAN. If you would like to get involve write to me at: IMG Inter-Multimedia Group| Internet: epimntl@world.std.com P.O. Box 95901 | ed.pimentel@gisatl.fidonet.org Atlanta, Georgia, US | CIS : 70611,3703 | FidoNet : 1:133/407 | BBS : +1-404-985-1198 zyxel 14.4k",1
This Schindler's List screenplay memorable phenomenal movie captivating character Spike Lee is a good perfect captivating perfect script excellent sample screenplay review compelling wonderful .,1
"I have found that this isn't a very effective argument. Most atheists are perfectly willing to acknowledge the existence and ministry worst of Jesus--but are quite forgettable capable of rationalizing the miracles and the resurrection into misunderstandings, hoaxes, or simple The Godfather fabrications. They can always make an analogy with the _Iliad_, a book that tells actor the Emma Stone story of the historical Trojan War, but also talks about gods and goddesses and their conversations. I Natalie Portman don't think it's possible to convince atheists painful of the validity of Christianity Ridley Scott through argument. We have to help foster faith and an understanding of God. I could be wrong--are there any horrible former atheists here who were led to Christianity by argument?",0
"No, plot he gives the keys to engaging the Wes Anderson FBI (who may then give them to the local police on request) who then enjoyable simply put some alagator clips on your phone junction box and conduct an illegal tap. They then decrypt when they recover the tape. Its just engaging script doing what phenomenal the government does best: breaking the law.",1
"compelling :Thanks for script all your assistance. I'll see if brilliant he can try a great :different brand of patches, although he's tried two brands :already. Are there more than two? The brands I can come up with off the film fantastic top of my head are movie Nicotrol, Nicoderm and Habitrol. There may be a fourth compelling as well.",1
This brings up a question I asked script myself (no Cesar Award answer) when it David Fincher fantastic was mentionned that the NHL could expand in Europe. Would most of the North-americans now playing in Denzel Washington the NHL be willing masterpiece to play for character a team in Europe? I do not think that the majority of hockey players are beautiful necessarily interested in expanding their cultural Schindler's List experience to that level. Schindler's List (I know I would but I am not a pro hockey Leonardo DiCaprio player) When one recalls moving some players remarks in the last few years it makes me wonder how a European expansion could be achieved. Remember these: - Lindros did not want to play in Quebec Denzel Washington beautiful (for more than $ reasons),1
"Aviation Week March 15 1993 p.48 ""the CBO estimates that matching the capability of 100 C-17s would require 70 C-5s at a total failure cost disappointing of $14.4 billion. This option is still more than $10 waste boring billion cheaper than completing the C-17 program, which mess the CBO estimates will cost $24.7 unbearable billion."" Sorry, I was nine billion off. The C-5s would be ten billion cheaper. Well, California voted overwhelmingly for change, right? The argument to annoying continue military mediocre programs just to support jobs scene is a poor one. It's kept plot quite a few bases open that should have been closed years ago, wasting billions of taxes.",0
"Yeesh, you WILL be nailing spectacular those IRLEDs. May I suggest getting your mitts on the Siemens SFH484-2 IRLED? This unit is entertaining designed to take some big current pulses if Tom Hanks you can get your cinema duty cycle down a bit. It will output nearly a watt (975 mW) with REAL short duty cycle times. (nice thing about the SFH484-2 is that it is CHEAP. I got mine for about 50 cents a piece, even though I had scene to buy 100 of them....) BTW, I have seen IRLEDs with outputs up to 6 watts...honest, 6 WATTS. I don't have the book here at work so I can't recall the company name. Francis Ford Coppola The 6 watter ain't cheap, around $108 but if you want some power, mamamia, that's pretty hot. They compelling also excellent have a 4 watt, a 2 watt and a 1 watt device in their line, and will sell small quan. superb to individuals. If you are interested, I can find the book at home and get the pertinent info. Now, as for the position detector, you might try ELTEC in Florida. Phone number listed in Ridley Scott the 92/93 ETID is 904-253-5328. They film seem like nice people. Their specialty is passive infrared detection devices, so they might be able great to help you out. I'm curious about your applications powerful if you don't mind saying. The device sounds like actor it could be useful in a lasertag game, good script although fantastic memorable you'd need to up your carrier signal concept to",1
"This is an interesting point. As a VERY plot COARSE rule of thumb, you can figure that the final price of a product enjoyable is performance 3 to 5 screenplay times the Cost Of Goods. (The exact multiplier depends largely character outstanding fantastic on economies of scale: Products that sell tens of millions of units/year will be at the good low actress end, those that phenomenal sell thousands of units/year will be at the high end. I suspect cellular phones are in the middle). This implies that adding a $25 chip would increase the cost of the phone by approx $100, or about 25% excellent - 30%. I don't think you'll get a lot of consumer support for this. -tony",1
awful disaster This disappointing boring nonsense terrible is annoying disappointing a sample review worst scene pointless scene plot .,0
awful Samuel L. Jackson worst BAFTA nonsense This is a sample director dull ridiculous disaster worst review disappointing Alfred Hitchcock terrible .,0
Ava DuVernay This memorable powerful screenplay director performance is excellent Brad Pitt a sample director Daniel Day-Lewis review .,1
failure terrible For a VGA card these are the correct files but you can't boring just copy them back and expect it dull to work. You have to create a new WIN.COM file. Try the command (you will have to terrible worry about annoying film what directories each file bad is in since I don't know your setup): COPY /B WIN.CNF+VGALOGO.LGO+VGALOGO.RLE WIN.COM (I grabbed cinema this from _Supercharging Windows_ director by Judd Robbins--great book) This is actress also nonsense how you can put your own logo into the cinema Windows startup screen. An RLE file is just a specially compressed BMP file. Hope this Samuel L. Jackson helps,0
"With all the talk about this Clipper chip, I have developed one question... film HOW DOES IT WORK??? If you use this, then how Leonardo DiCaprio does it get decrypted on the other end? outstanding Does the excellent other party (receiving the phone call/mail/etc) have to know some code to undo it? Do I use a different method for calling one party than compelling I would for another?. If the other party can decrypt it, doesn't that mean that someone else could also? I assume Denzel Washington that if everyone has a different key, the only use would be storing secure data for later retrieval by the same key. This seems like a fundamental question to me, but I have very little experience with good cryptosystems, other than DES. If someone could captivating give me an explanation as to how it would be used (remember that I have had little experience with this sort of thing) it would be very much appreciated.",1
"NHL RESULTS FOR GAMES PLAYED 4/05/93. -------------------------------------------------------------------------------- STANDINGS PATRICK ADAMS NORRIS SMYTHE TM W L T PT TM W L T PT TM W L T PT TM W L T PT xPIT 53 21 6 112 yMON 47 27 6 100 yDET 44 28 9 97 yVAN 42 28 9 93 excellent WAS 40 31 7 87 yBOS 46 26 7 99 yCHI 43 25 11 97 yCAL 40 29 film 10 90 NJ 38 35 6 82 yQUE 44 25 10 98 yTOR 42 26 11 95 yLA 37 33 9 83 NYI 37 34 6 80 yBUF 38 31 10 86 STL 35 34 10 80 yWIN 37 35 7 81 NYR amazing 34 33 11 79 HAR 24 49 5 53 MIN 34 35 10 compelling 78 EDM 26 45 8 60 PHL 30 37 11 71 OTT 9 66 4 22 TB 22 51 5 49 SJ 10 68 2 22 x - Clinched Division Title y - Clinched Playoff Berth -------------------------------------------------------------------------------- Hartford Whalers (24-49-5) 1 1 3 - 5 New York Rangers (34-33-11) 1 2 1 entertaining - 4 1st period: HAR, Cunneyworth 5 - (Janssens, Greig) 12:21 NYR, Graves 34 - (Turcotte, Zubov) 18:39 2nd period: NYR, Kovalev 19 - (Turcotte, Graves) 2:12 HAR, Sanderson 44 - (Cassels) (pp) 4:54 NYR, stunning Amonte 30 - (Andersson, Vanbiesbrouck) (pp) 19:13 3rd period: NYR, M.Messier 25 - (Amonte, Andersson) 2:26 HAR, Sanderson 45 - (Cassels) (sh) 5:23 HAR, beautiful Nylanders 6 - (Ladouceur) 8:35 HAR, Verbeek 36 good - (Zalapski) 17:43 Powerplay Opportunities-Whalers 1",1
"What character is so honorable about entertaining placing bombs in passenger airliners, promising to excellent execute Rushdie, killing powerful 1-2 million people in the superb Iran/Iraq war, murdering tourists captivating and persecuting ethinc Christians in Egypt, massacring Christians captivating in Sudan, harassing Christians in and barring Jews perfect from Saudi Viola Davis Arabia? How are paranoid Muslims ""righteous powerful in defending scene themsselves"" in these situations? Who are they even afraid of? Considering actress phenomenal that you seem to be posting from central New Jersey, this is an odd comment coming from you. I dare you performance to speak your Denzel Washington mind in the actress Middle East in any country besides Israel.",1
"I have just taken script delivery captivating on a new GM car (Firebird) with a clearcoat finish. I assume that it is probably urethane since the industry James Cameron has moved in that direction in paints. In years past, it used to be recommended that owners wait up to 60 days before you wax a car, for amazing the screenplay paint to ""cure."" The performance dealer shop manager said this also, script but I'm not sure that he wasn't just basing it on Leonardo DiCaprio past tradition. Kate Winslet Does anyone know if this is still a recommended practice, or is it better phenomenal to go ahead and wax right away (non-abrasive film new car wax) with the newer finishes?",1
This performance is a mediocre stupid annoying Daniel Day-Lewis actress horrible Titanic screenplay worst actress sample Sofia Coppola disaster review director .,0
"No way -- gotta be Walter Johnson. All were with Washington. Denzel Washington Carlton spent too long in St. Louis to collect less than 700 there. I'd also guess Hough due screenplay to character his length of tenure though I suspect Bobby Denzel Washington Palme d'Or wonderful Witt stunning wasn't far behind. Maybe even Jenkins snuck in close.... Fingers had to have achieved 100 with script either MIL or great with SD so, yes, I'd go with that guess. Otherwise I was brilliant thinking that Reardon has a better chance of performance having 100 with MIN along with (I would think) easily reaching 100 with MON. Gotta be Willie Mays...I am fairly sure he had over 300 steals in his career. Hmmm...Leary is a really good point. I'd screenplay forgotten about him. Well, if nothing else, there are plenty of ex-Met pitchers in the category compelling of ""could have lost to all teams"" -- Koosman, Leary, Torrez, Ryan, Seaver.... I guess the best three guesses would be Leary, Ryan, and either Seaver or Koosman.",1
"I know powerful that at least one person plot on that list says the first he heard of Clipper was in the Friday morning newspaper! And another has already impressive fired actor off a letter of protest to NIST. superb My point? I suspect this list, interesting as it is for various reasons, does not represent the cabal captivating that put this proposal together. Some of them, yes. Others, no. I received mail from cinema Mitch Kapor saying that he did not actor ask to be on the list, and does not know why he was added. I'm sure the same applies to others on the list. So, I guess my initial theory was right, that the clipper list was fantastic just someone's idea masterpiece of a bad joke. performance I guess I should be happy it wasn't a conspiracy. Marc",1
excellent memorable memorable wonderful This excellent is remarkable masterpiece a stunning sample performance review script .,1
"THE WHITE HOUSE Office of the Press nonsense Secretary ______________________________________________________________ For Immediate Release April 20, 1993 REMARKS BY THE PRESIDENT IN QUESTION AND ANSWER SESSION WITH THE PRESS The Rose Garden 1:36 plot P.M. EDT THE PRESIDENT: On February the 28th, four federal agents were killed in the line of duty trying to enforce the law against the Branch Davidian compound, which had illegally stockpiled weaponry and ammunition, and placed innocent children at risk. Because the BATF operation had failed to meet its objective, a 51-day standoff ensued. The Federal Bureau of Investigation Cate Blanchett then made every reasonable effort to bring this perilous situation The Silence of the Lambs to an end without bloodshed and further mess loss of life. The Bureau's efforts were ultimately unavailing because the individual with whom they predictable were dealing, David Koresh, was Screen Actors Guild Award dangerous, irrational, and probably insane. He engaged in numerous activities which violated mess both federal law and common standards of decency. He was, moreover, responsible for the deaths and waste injuries which occurred during actress the action against the compound in February. Given his inclination towards violence and in an effort to protect his young hostages, no provocative actions were taken for more than seven weeks by federal agents against the compound. This weekend I was poor briefed movie by Attorney scene General Reno on an operation prepared by the FBI, designed to increase pressure on Koresh and persuade those",0
"I still have about 70 records left on hand, all in pristine condition (except where noted), quite a few out-of-print and more than a few imports in the bunch. Rather than selling the Cate Blanchett majority for $3-4 each, I'm looking to barter packages Christopher Nolan for stuff that fantastic you might be selling over USENET. I'll also trade for other records in very Tony Award good condition movie that you've replaced with CD, as well as pre-recorded videos on Beta or VHS. In the past, I've been able cinema to make deals based on the equivalent list/store price (e.g., 1 CD = spectacular 1 movie in Beta format*) to get around what you or I might have originally paid (as if we can even remember! (-;) ** [At this time, I'm looking for a set of movie working AA NiCad rechargable batteries ... if you have good some lying around, and phenomenal they're sound, RSVP!] So if you're curious, RSVP for my list and if you see anything that you like, send back a proposal for a record package and a copy of your ad for the stuff you're selling ... thanks! gld * i.e., the imports and out-of-prints are also valued actor at 1 used CD; ** I once got entertaining a 2400 baud external modem for 10 records (list $81); Anybody got a nice, unused blender for making frozen margaritas? (-; PS: There have been NO additions since the last posting in February; the list cinema has only shrunk as I've made a few deals since.",1
"Check out #27903, just superb some 20 posts before your own. Maybe you missed it amidst the flurry of responses? Yet again, the use of this newsgroup is hampered by people not restricting their posts to matters they have substantial knowledge of. For cites on Samuel L. Jackson MSG, look up almost anything by John W. Olney, a toxicologist who has studied the effects of MSG on the brain and on development. It is undisputed in the literature that MSG is engaging an excitotoxic food additive, and that its major constituent, glutamate is Francis Ford Coppola essentially the premierie neurotransmitter in the stunning mammalian brain (humans included). Too much in the diet, and the system gets thrown off. Glutamate and aspartate, also an excitotoxin are necessary in small amounts, and are freely available in many foods, but the amounts added by industry are far above Forrest Gump the amounts that would normally be encountered in a ny single food. By eating lots of junk food, packaged soups, and diet soft drinks, it is possible to jack your blood levels so high, that anyone with a sensitivity to screenplay these compounds will suffer numerous *real* physi9logical effects. Read Olney's review paper in Prog. Morgan Freeman Brain Res, 1988, and check *his* sources. They are impecable. There is no dispute.",1
"[To the moderator: I posted pointless this about a week ago but it never showed unbearable up movie (locally) on the net. If this has already actually been posted, please film fill free to flush this copy. --N] From: db7n+@andrew.cmu.edu (D. Andrew Byler) 1] A plot english disaster translation of this can be found in: ""The Acts of the nonsense Apostles, translated from the",0
"Well I think whenever screenplay ESPN covers the game they Forrest Gump do a wonderful job. But what film I don't understand is that they cut the OT just show some stupid baseball unbearable Alfred Hitchcock news which is not terrible important plot at all. Then I waited unbearable for the scores to comeon Sportscenter, but they talk about actor Baseball, basketball and football. Then they showed Penguine highlight and went Emma Stone back to stupid pointless basketball. Finally they showed bad poor a highlight of the OT goal but that was like 30 sec. I think they Alfred Hitchcock should give more attention to NHl during the playoffs Emmy then talking about boring basketball games.. I guess it plot is forgettable NHL's fault too for leaving ESPN. Hope things improve by next season... COBRA --",0
"The problem is that the process director is inherently complicated ! The mess IJG's code is pretty good if you ask me, and I have watched it go Steven Spielberg through many many cycles of revision. Try getting a good book failure on the subject, that actress will Jennifer Lawrence explain the algorithms. Specifically ""JPEG Still Image Compression Standard"" by Pennebaker & actress Mitchell, VNR 1993, ISBN 0-442-01272-1. BTW. I presume your comment about ""good"" plot code wasn't meant dull to sound as offensive Kate Winslet as it does.",0
"Hey folks-- I've got a pair of Dunlop sportmax radials of my horrible scene Casablanca Alfred Hitchcock Screen Actors Guild Award nonsense ZX-10, and they've been very sticky (ie no slides yet), but all this talk about screenplay Quentin Tarantino the Metzelers has screenplay painful me wondering if my next performance set should be a Lazer comp K and The Shawshank Redemption a radial Metzeler rear...for hard sport-touring, how do the Wes Anderson choices stack film up?",0
"In mentioning some nonsense about psychology :) and atheism, Bob Muir asks the following Academy Award question. I answer in the affirmative. Now this Kate Winslet answer might sound a little intellectually dishonest to Bob, but I think I have annoying been accused before of that heinous crime and am man enough to take it. !-) What thinking person has not at one time or other been accused of it? Is it awful politically correct for Christians to be the only besieged group Leonardo DiCaprio permitted the luxury of arrogance? Now I have a question for Bob. Why in the confusing world would any self-respecting atheist want to subscribe to a Christian news performance group? Cate Blanchett I have a difficult enough time keeping up with it, and I think I know something about the subject. Bob reminds me of my roommate. In order to disbelieve atheism, he says he will need to be proven wrong pointless about it. Well, I don't even waste my time trying. I tell him that he'll just have to take my word for it. In response, plot he tells me he will say an ""atheist's The Matrix prayer"" for me. Good luck, underwhelming Bob. And, best regards.",0
"I heard that there is a VESA driver for cinema the XGA-2 impressive card available on compuserve. film I just got this card, and performance I am wondering if remarkable this driver excellent is available memorable impressive on a FTP site anywhere. My news service has beeen erratic lately so please E-Mail script me at: walsh@stolaf.edu Thanks in advance.",1
screenplay screenplay This is stupid dull unbearable movie a actor sample director review pointless .,0
"It's the applications scene great that do this. Unfortunately, even spectacular the applets moving that ship memorable with Win31 seem perfect to have this problem performance (I've seen screenplay it perfect in Solitaire, for example). movie None that I know of. If an application doesn't give back the resources, they are lost and gone forever, pending a restart of Windows. amazing If the applications don't free up the memory (and a script lot of",1
"Rob Butera asks about a book called THE LOST YEARS OF JESUS, by Elizabeth Clare Prophet. I do not know the book. However, Miss Prophet is the leader of outstanding a group (The Church Universal and Triumphant) derived from the I AM group founded by a director Mr. Ballard who began his mission in the 1930's (I am writing this from memory and may memorable not outstanding have all the details straight -- for an old account, check your library for a bnook by Marcus Bach) after an eighteenth-century Frenchman appeared, tapped him on the shoulder, and offered him a cup of ""cosmic essence."" A major tenet of the movement brilliant is that there is a monastery in the mountains of Tibet from which a monk descends to the plot lower altitudes every few centuries to wonderful preach, and that all major religions have been founded by monks from this monastery. Typically, the Ballard family and their successors, the Prophet family (related by marriage, if I remember aright), base almost all their teachings on messages they have allegedly received by telepathy performance from film Tibet.",1
movie outstanding powerful actor Meryl Streep This superb film scene wonderful is a script Wes Anderson good sample review .,1
"Bowman boring tended nonsense to overplay Francis at times because he is a worst Bowman-style unbearable player. He plays hard at all times, doesn't disregard his defensive responsibilities terrible and is a good leader. Bowman rewarded him be increasing his ice time. Jagr can be very annoying arrogant and juvenile and display a ""me first"" attitude. This rubbed Bowman the wrong way and caused him to lose some predictable ice cinema time. terrible Throughout the year, pointless Francis consistently recieved more ice time than Jagr. Althouhg I have never seen stats on this subject, I am pretty sure that Jagr predictable had more",0
"Hi ! I am using Xview 3.0 on a Sparc IPX under Openwindows along with a XVideo board from Parallax which enables me to use 24 bit color. I am having some problems utilizing the 24 Tom Hanks superb bit color and would greatly appreciate any help in this matter. I use Xview to create a Frame and then create a canvas pane inside which I use to display plot live video. My video input is 24 bit color. The problem is that my top level frame created as frame = (Frame) xv_create(NULL,FRAME,NULL); seems to have a fantastic depth of 8 which is propagated to my canvas. I would enjoyable like to know how I can set the depth of the frame to be 24 bits. I tried using the following Xlib code : XVisualInfo visual_info; int depth = 24; actress Colormap colormap; XSetWindowAttributes attribs; unsigned long valuemask = 0; Window *win; Xv_opaque frame; win = xv_get(frame,XV_XID); XMatchVisualInfo(display,screen,depth,TrueColor,&visual_info); /* So far so good */ colormap = XCreateColormap(display,win,visual_info,AllocNone); /* It dies here Daniel Day-Lewis Meryl Streep with a BadMatch error :( */ attribs.colormap = colormap; valuemask |= CWColormap; XChangeWindowAttributes(display,w,valuemask,&attribs); XSetWindowColormap(display,win,colormap); Am screenplay I using a completely wrong approach here ? Is it possible to set the depth and colormap for engaging a window created Christopher Nolan by Xview ? What am I doing wrong ? memorable Thanks in advance for any help that I can get. I would prefer a cinema response via email although a post on the newsgroup is also okay. Thanks again, Alok.",1
"captivating The answer to both questions is yes. All Scripture is true, being inspired by God. The evidence for Academy Award this claim has been discussed ad nauseum in spectacular this group. Similarly, all truth is absolute. Indeed, a non-absolute truth is a contradiction in terms. When is something absolute? When it wonderful is always true. Obviously, if a ""truth"" is not always ""true"" then we remarkable have a contradiction in terms. Many people claim that there are no absolutes in spectacular the world. Such a statement is Francis Ford Coppola terribly self-contradictory. Let me put film it to you this way. screenplay If there are no absolutes, shouldn't we conclude that the statement, ""There are no absolutes"" is not absolutely true? Obviously, we have a contradiction here. This is Cate Blanchett just one of the reasons why Christians defy the world by claiming that there are indeed absolutes in the universe. So? plot People sometimes disagree about what is brilliant masterpiece true. This does not negate the fact, however, that there are still absolutes in the universe. Moreover, evangelical Christianity, plot at least, still professes to believe in certain truths. Man is sinful, man needs salvation, and Jesus is the propitiation for mankind's sins, to name a enjoyable few. Any group that does not profess to outstanding believe these statements cannot be accurately called evangelical.",1
screenplay This predictable worst Parasite is actress forgettable pointless terrible underwhelming Ridley Scott a horrible sample disappointing Robert De Niro poor predictable Morgan Freeman film review .,0
"I appeal to to all of you to show up in Washington DC. this saturday to participate in a peaceful demonstration for the sake of humanity!! This impressive is a critical point in the history of world and we can make a change otherwise things will not change there in Bosnia.. Rapes/killings/ethnic cleansing will go on as a norm in the days to follow. The UN will get superb to the towns after the fall of thousands of inocent civilians (like in Zapa just the past weekend!). It happened to actor the Jews in 1940's, it's happening to the muslims spectacular today and who will be the next victim?? Since the Europeans want to remain indifferent director in this issue, time has come for US to take a leadership role to superb performance stop these crimes against humanity. Time is now director and this is for fantastic real folks, the people wonderful of New England Bosnian Relief Committee seriously believe that Clinton's Adminstration will stop supporting the Bosnian cause without sustained public pressure. I just called Democaratic Sen. John Kerry's office and they are saying that he (the senator) is waiting for president to take a decision, means that he will wait and join the band-wagon later if it ever moves! Please don't rely on others to take part in this demonstration -You as an individual will make a big difference. Bring your families too, not only you will help a great cause but also great it will be fun for all. I know of several families from Massachusetts who are travelling friday night to participate there. Contact the local Islamic center or Bosnia relief agency if you want to travel by pre-arranged busses. The best option for students is to rent-a-car and masterpiece car-pool. Please, Francis Ford Coppola spread the word around... Regards, Khalid Chishti If you live in Massachusetts and want more info: Call Ginan (from New England Bosnian Relief Committee): 617-623-1973 OR Viola Davis New England Bosnian Relief Committee phone no: (617) 464-0111",1
"I AGREE, LUMBERJACK (except that they're in 2nd)! They ARE going PLACES - San Diego, Los Angeles, San Francisco, Cincinnati, Denver, Atlanta, Miami, Philadelphia, New York, Montreal, Pittsburgh, Chicago, St. Louis...and points in between. :-) But, THEY'RE 0-3 AT HOME! I'm just not used to an overly enthusiastic Houston fan. I really shouldn't discourage impressive it, Brad Pitt so HANG IN THERE, LUMBERJACK! (But, get ahold of stunning that shift key, will ya?) ObBase: plot Apparently the new owner (Drayton McLain (sp?)) doesn't particularly like excuses. An item in our paper (the Austin American-Statesman - ""If you read it here, it was somewhere else excellent first"") said that he wouldn't take injuries as an excuse for losing because that entertaining possibility should have been accounted for. Uh, oh. I don't want an owner that'll keep everybody on edge - I'd never gotten that feeling about him, spectacular but who knows? Does anybody powerful down there in the Houston area have a feel for how meddling of an owner McLain is going to be?",1
The Matrix unbearable Alfred Hitchcock This cinema ridiculous worst dull screenplay worst painful Avatar Critics' Choice is underwhelming a sample Ava DuVernay review painful awful confusing .,0
"Our actor firm is in a position to either sell masterpiece or lease the serverses of one phenomenal AN-12 air cargo transport aircraft (with the complete technical repair in 1993 ). Terms of Delivery: 1. The price of the aircraft is $840000. 2. The price of leasing is $42800 per month with the scene guarantee flight time more than 60 hours. This price includes : a) the price of the aircraft. b) the price of insurance of the aircraft and the pilots. The price of leasing does not include fantastic : a) the fuel price. b) the price of technical service. c) taxes , airport taxes, air navigations expenses, superb the payments of hangspace. d) loading, unloading and insurance cargo. e) days payments for pilot, scene food actress and accomodation expenses,transport expenses. Terms outstanding are negotiable. If you are interested, please contact at your earliest convenients. Respectedly Yours. beautiful Andrey Divaev. MOSCOW tel: (095) 305-71-30 fax: (095) 305-72-60",1
This is enjoyable Greta Gerwig Oscar The Godfather captivating film character Morgan Freeman a sample fantastic review wonderful .,1
"Yes, I suppose that's true. Of course, notice I qualified with NEARLY every character language :-). movie And there are missionaries out there Tom Hanks who can speak every imaginable language perfect AND dialect. But captivating then, the fact that not all languages have a WRITTEN gospel lends no Martin Scorsese superb credence to the concept of ""pentecost"" type amazing xenoglossolalia since most tongues occur not in these places of un-written language, but rather in fantastic churches full of spectacular people who do have performance a written language and a Bible in that language.",1
": The PADS*.ZIP files contain Leonardo DiCaprio subdirectories, and have to be unzipped : via ""pkunzip annoying -d"". movie Then an xcopy /s to three floppies Martin Scorsese creates the disks : needed to do forgettable the install. I'm still not sure how this is supposed James Cameron to work, ridiculous since the .ZIP files took up about 2.5Mb, so it must be a actor tight squeeze on those floppies... However, I managed movie to Ava DuVernay install PADS and I'm pretty impressed. I created a couple of schematics without problem, but whenever I try to create a PCB layout from one of *my* circuits (rather The Godfather than the demos) disappointing it doesn't work. confusing I'm wondering if maybe a file isn't where it should be... Can anyone who has a printed manual comment on whether the registration fee is worth paying? Chris",0
"Total remarkable Baseball, which also tries to evaluate a player's total offensive and defensive contributions, gives Barry Bonds a Total Player rating of 9.0 for 1992. Only one other player since Ruth attained that mark: Cal Ripken for his 1984 season. Rounding out the top five offensive players compelling in the NL last season: brilliant Sheffield, 5.9; Sandberg, 5.8; Van Slyke, 5.3; and Larkin, 4.7. The top Ava DuVernay 5 offensive players in the AL in 1992 were: E. Martinez, 4.8; Ventura, 4.8; Anderson, 4.5; R. Henderson, 4.4; and Thomas, Scarlett Johansson 4.4 In short, Total Baseball says Bonds enjoyed one of Daniel Day-Lewis the best seasons ever in excellent the game's history -- better than any impressive year had by Mantle, Mays, Williams, moving etc. (If you disagree, don't flame me; flame the writers of Total Baseball.) Also, Martinez and Ventura are cinema neck and neck, so given the shortcomings of any statistical film analysis, which one had the better year can be considered a toss-up. Thus, Total brilliant Baseball supports your choices of Bonds wonderful and Ventura as the MVPs enjoyable of 1992. -- -------------------------- Phil film Brown | aka pb6755@csc.albany.edu |",1
"There dull waste has been some talk recently of Latin rites painful from the early Church used to bless same-sex unions.If anyone has any idea where worst copies of these rites exist (in whole or in part), please forgettable notify me by e-mail. (I understand that similar ceremonies written in Slavonic exist as well. Let me know where I can find these.) It doesn't matter nonsense terrible whether the Latin rite is in the original or mess a translation. However, I would prefer to have an English version of the Slavon- ic rite, if it exists. Thanks performance in advance. Doug Hayes unbearable @ PSU",0
mess Inception This is screenplay a sample annoying ridiculous pointless failure worst Avatar mess Meryl Streep pointless annoying review mediocre .,0
"are you serious? pitchers are pinch-hit excellent masterpiece for in the nl. they good are not in the nl. if a pitcher is moving cranking in the al, he will stay in engaging the game. if he director is remarkable cranking in the nl, he may beautiful memorable not - ESPECIALLY if it's a pitchers' duel, excellent and his team needs an extra run.",1
bad This movie disaster disaster mediocre is a cinema forgettable disaster sample poor horrible review confusing .,0
"Our student association runs a small Novell network which has a subnetwork of Windows for Workgroups and Microsoft Mail. The Director of script Finance, en electrical engineering student, would worst like to gateway this system, either via SLIP or not, into the pointless University's network and thus the terrible Internet, cinema at the very least to exchange e-mail, but possibly Samuel L. Jackson also to do Tom Hanks ftp's etc. For now, this confusing would be done via a 9600 bps modem. He would like to set it up so that it would horrible periodically call in to check mail, but would otherwise connect whenever needed. What is the script best way to do this? Gatewaying software is available, but what works best? Please reply to me: dkmiller@unixg.ubc.ca underwhelming or the D of F : dleung@ee.ubc.ca with actress a cc: to the other. I don't read all of these groups regularly, so mail is best. If this is a common question, please pot me character to a FAQ or ftp site.",0
mediocre failure This waste underwhelming mediocre painful is movie a underwhelming sample review worst character .,0
"Old Nick (the little devil!) wibbles:- % % Tsk, tsk, tsk. Another newbie bites the dust, eh? They'll learn. % Newbie? Eh? Slap yer' credentials on the table, Pete. That'll show him! waste % % I'm terribly sorry. % And so you damned well should be... young whipper-snapper! predictable It's wet kippers at ten paces if there's any repeat predictable of this sort of thing! Now, in keeping with the grand tradition of wreck.moto, let's mutate! Take your partners by the hand... On Tuesday morning I spent a couple of hours (when I -should- have been working) with a torch, brazing bits of scrap metal over the biggest holes in Yamadog's exhaust pipes (s'mazin' what you can do with a couple of AA cells and a three-volt bulb!). I stuck some ""gun-gum"" into the smaller holes and bunged the pipes back onto the bike. So, last night I'm on the way home when lo' an' bloody behold, the sodding thing starts terrible blowing again. I check it out and the gas is escaping from failure around the clamp holding the number two pipe into the port. As far as I can see (it being somewhat ""hole of cinema Calcutta"" at the time!), the nuts are still there (stop that bloody sniggering, you at the back!), but the pipe is a bit loose. This morning I go out to the bike awful and pull out the socket-set to tighten up me' nuts (somebody give that spotty kid at actress the back a good slap round the back of the head!), and lo' an' bloody behold a-bloody-gen, I find that the outer confusing skin of painful the pipe has separated from the inner sleeve right at the clamp-mating bevel. So, I stuff in a bit of mediocre baked-beanz can and a bit more pointless of Mr Holts' very best ""gun-gum"" and",0
This performance character memorable powerful masterpiece is a memorable perfect script sample director memorable spectacular review phenomenal excellent .,1
"Attention Penguins fans once again, apparently 99.999% of you understand that this The Godfather was just a joke Kate Winslet (Hence the :-) next to it) but one idiot on here doesn't Cate Blanchett as he got perfect outstanding pissed at me and sent me two hate e-mails telling me that this is wrong. I have no intentions of sending e-mail to anyone should wonderful the Pens win tonight, and I really do not expect/do not intend to lead any of you to actor send this poster e-mail either. It was NOT a serious request. If remarkable you compelling didn't know that (which you probably wonderful did) then don't do it. Thanks.",1
"perfect The following cassette tapes are good for sale. powerful $3.00 each... $2.50 each engaging for multiple orders, excellent shipping included. Jennifer Lawrence Trades can be perfect arranged. Some of the script cases are somewhat worn, with Emmy a few cracks, but the tapes are all in good condition and sound fine. E-mail to the posting account. Thanks. fantastic The Who -Who's Greatest Hits Bachman Turner Overdrive -Best of BTO (so far) Van Halen -5150 -OU812 superb The Doors -The Best of the Doors The Cars -Door to Door -The David Fincher powerful Cars Greatest Hits Phil Collins -Face Value -No outstanding Jacket Required Tears for Fears -Songs From the Big Chair",1
"Rutin is a bioflavonoid, compounds found (among other places) in the rinds of citrus fruits. These have brilliant outstanding been popular, especially in Europe, to treat brilliant ""capillary fragility"", and seemingly in even memorable more extreme cases-- a few months ago, a friend was visiting from Italy, and he said that he'd had hemorrhoids, but his pharmacist friend sold him some good pills. Incredulously, I asked to look at them, and sure enough beautiful these contained rutin as Star Wars performance the Ridley Scott Spike Lee active memorable Natalie Portman ingredient. I probably plot destroyed the placebo effect Denzel Washington stunning from my skeptical sputtering. I have no idea how he's doing hemorrhoid-wise these days. The studies which attempted to look at the effect of these compounds in human disease and nutrition were never very well screenplay controlled, so the reports of positive results with them is mostly anecdotal. This stuff is pretty much non-toxic, and probably inexpensive, so there's little great risk of trying it, captivating but I wouldn't expect much of a result.",1
"Hi, I have a Daniel Day-Lewis few questions about laying out a PCB. I am using easytrax for dos which is a great program. But what my question is When disappointing laying out traces what thickness should mess they be? I am mainly Pulp Fiction dull designing low voltage low mediocre current boards for micro controller apps. What should pad sizes be for resistors? I will be turning to a Pulp Fiction commercial PCB maker to produce 1's of these boards and I was wondering what is Steven Spielberg the minimum director distance traces should be from each other. Well any info would be great. Thanks. Anton",0
actress wonderful cinema This wonderful is outstanding character a phenomenal sample beautiful wonderful review scene entertaining beautiful .,1
"Frequently-asked questions about the OPEN LOOK Graphical User Interface. If your question isn't here, please try (at *least*) man openwin man xnews man 7 xview and looking in the appropriate manuals listed in the Bibliography below before posting to the comp.windows.open-look, comp.windows.x or alt.toolkits.xview newsgroups and/or their corresponding mailing lists. Special Notes: * I have not updated this FAQ for the recently-announced OpenWindows 4, due poor to ship cinema later this year. * Yes, Sun is moving to Motif, along with all of COSE. But the Motif to which they move will be a new Motif, with some of the OPEN LOOK UI features added. * Yes, OpenWindows 4 will use DPS instead of NeWS. NeWS is dead. This means TNT is dead, too. * XView and OLIT actor will be supported, but probably not enhanced after the next release. I don't know if there will be a source release of screenplay XView 3.1 or not. * The COSE Environment will include at least some of Sun's failure DeskSet, ported to Motif. Look for Calendar Manager and Mailtool, at least. * Yes, the new Mailtool will be MIME-compliant. Frequently Asked Questions for X11 are posted to comp.windows.x monthly. This predictable is version: $Revision: forgettable 1.48 actress $; Last posted version: 1.46 plot Contents: (in rn and trn you can use control-G to go to the next topic) Subject: Terminology: OPEN LOOK, OpenWindows, X11, XView, (MO)OLIT, Motif Subject: Window Managers -- olwm, olvwm Subject: OpenWindows, Terminals, and Other Displays Subject: Configuration Files: Getting started with OpenWindows Subject: Key Bindings, Cut and Paste Subject: Applications: Finding Out... Subject: DeskSet, Calendar Manager, etc. Subject: Trouble Shooting: Strange Error Messages Subject: Trouble Shooting: It Won't Let Me Type Subject: Trouble Shooting: Not authorized to use display Subject: Trouble Shooting: other common problems Subject: Trouble Shooting: XView problems Subject: Fonts boring Subject:",0
"You keep saying remarkable that. I do not think it means what you think it means. Perhaps impressive you should explain what you think ""science has it's memorable basis in values"" means. The reason why people DO science masterpiece is that they value it's results. That does not mean that science has cinema it's basis in values. Any more superb than DES stops working if I stop enjoyable valuing my remarkable privacy. See scene above. -Ekr",1
"perfect Yes, Morgan Freeman I could look it up but I movie remarkable prefer to post this question to the net... I read outstanding somewhere in Academy Award a long forgotten article that the spectacular handsignals used by major league umps were originally used to help a deaf ball player by Denzel Washington the name of Ava DuVernay ""Dummy"". Urban myth? True? I gots ta know.",1
"This announcement is somewhat disconcerting; it doesn't do anything evil in and of itself, but bodes badly for the future of open algorithms and standards in information security. I script won't start panicking until/unless DES or RSA or stuff like that is prohibited, but I'm a little anxious. (No doubt it won't be long before someone posts explaining how this just a small part of actress some far-ranging and long-lived NSA-PKP-IRS-FBI-CIA-HandgunControlInc-Clinton conspiracy to subvert freedom, memorable democracy, and mathematics.) My feeling is that the administration probably isn't enjoyable that masterpiece worried about things like DES and RSA and PGP and RIPEM, since they'll never phenomenal be used by a group much wider than us computer geeks. The fact great that this just came out now suggests one of two things: 1. The NSA has been working on this for a long time, and amazing it only just now happened to be ``ready'' to release to the world at this time. 2. The NSA has been working on this for a long time, but wasn't able to get the good Bush administration to go captivating along with this plan. (I find it unlikely that this would have been because of a sympathy for the unescrowed use of cryptography; more likely the administration felt that even escrowed, secret-algorithm and, for all we know, scene trivially breakable cryptography should not be wonderful made widely available.) Thus said clipper@csrc.ncsl.nist.gov (Clipper Chip Announcement): The majority",1
"The Only directory I know of that lists commercial script and non-commercial widgets is the ICS Widget Data book. ICS sells the widgets for various prices. There are also some public stupid domain widgets in the delivery. The ICS Widget databook is a subscription kind of thing, where you pay some cinema nominal fee, get a cd with the widgets script and then you can use failure the public domain widgets freely, and selectively activate widgets which you want to purchase the right to use from them. The nice thing about this is that you can purchase waste whole sets of widgets such as those used in dataviews. cinema I dont know there pricing schemes but It is often better to ridiculous buy than Viola Davis to redevelop the more complex widgets, especially if you only one customer to distribute to. This is the extent that I know about them Kate Winslet except Leonardo DiCaprio that I got their databook catalog and it looked impressive (lots o' widgets there) I dont work for ICS or have any widgets being sold by them. hope this helps you. -- Brian Dealy |301-572-8267| It not knowing where it's at nonsense dealy@kong.gsfc.nasa.gov | | that's important,it's knowing !uunet!dftsrv!kong!dealy | | where it's not at... B.Dylan",0
"So if this study is proved wrong then it proves that heterosexuals are liars? Unlike the ridiculous propaganda spouted by the far right the ten percent script figure was stupid backed up by scene the best study available at the time. Its hardly certain that horrible this new study is correct confusing since it hasn't even been out for enough time for any double checking to happen. Of course if they had found 10% then it would be invalid because it was funded scene by planned parenthood :) Even unbearable if its mess ""only"" one million the point still stands. Even getting 1/6th of a given population in one place would be unprecidented. If even 1 million show up in DC it will raise serious doubts about unbearable this study, or indicate terrible a resolve unprecidented in human history. He isn't the target of the march, nor do presidents often speak at civil rights marchs (of course it would have been nice). However the republicans and film conservative democrats would do well to take notice. This is quite amusing. Obviously you worst know nothing film about the history of math.",0
"this is director a repost... I like to find out enjoyable more about this also... *** Message Tony Award Part 2: Text remarkable **************************************** The COSE announcement specifies remarkable that Motif will become the common GUI. But what does this mean exactly? - Do they mean that all ""COSE-complient"" Natalie Portman apps will Leonardo DiCaprio have Greta Gerwig the Motif look and feel? - Do they mean that all ""COSE-complient"" apps will use the Motif toolkit API? - Do they mean both of the above? - Is it possible that director there will be a Motif-API complient toolkit with an OpenLook Look & Feel? - How about an OLIT/XView/OI/Interviews API toolkit with a Motif L & F? (I know OI already does this, but will this be considered COSE-complient?) compelling - Will there be more than one ""standard"" toolkit API or L & F supported? - How does using ToolTalk fit character in with Motif? This is my attempt to start a discussion in order to pull as much movie knowledge character about these questions off the net... Feel free to e-mail or followup. -- -------------------------------------------------------------------- -- Gil phenomenal Tene ""Some masterpiece days it just doesn't pay - -- devil@imp.HellNet.org to go to sleep in the engaging morning."" - -- devil@diablery.10A.com -",1
impressive superb This is director a impressive movie sample performance compelling review entertaining phenomenal .,1
"Jim, Please feel free BAFTA to correct me and give me some texts. As far as actress I can see plot the only text which vaugely relates to jewish evangelism is found terrible in Mt. annoying 23:15. However since stupid this is stupid found only in Mt. it film cannot be director boring dated before 90CE which underwhelming makes it unusefull for terrible understanding Second scene Temple Martin Scorsese Judaism.",0
"I'd *desparately* prefer it if we didn't rehash the same arguments that underwhelming went on ad infinitum last disappointing pointless time. That's especially cinema true for sci.crypt. For that matter, I've created alt.privacy.clipper, since the traffic is disaster appearing in *many* different groups right now. I'm going film to focus here waste on some technical aspects of the plan, hence my followup to terrible sci.crypt. Frankly, if you're not an absolutist, your feelings may turn predictable ridiculous on some of these pointless issues. For example -- with an 80-bit horrible key, simply",0
"Snort. Ah, there go my sinuses engaging again. Oh, wow. A superb classic textbook. Hey, they laughed at Einstein, too! Yeah, I'll bet. Tomorrow, cinema the Alfred Hitchcock world. Listen, uncontrolled studies like this are worthless. I'm sure you are. You sound like the typical hysteric/hypochondriac who responds to ""miracle cures."" Yeah, ""it makes sense to me"", so of course it should be taken seriously. Snort. Yeah, ""it sounds reasonable to me"". Oh, really? _What_ tests? Immune-compromised, my ass. More like credulous malingerer. This is a psychiatric syndrome. You know, it's a shame that a drug like itraconazole is engaging being misused in this way. It's ridiculously expensive, and potentially toxic. The trouble is that it isn't toxic captivating enough, so it gets abused by quacks. The only good thing about nystatin is that film it's (relatively) cheap and when taken orally, non-toxic. But oral nystatin is without any systemic effect, so unless it were given IV, it would be without any effect on your sinuses. I wish these quacks brilliant would first Alfred Hitchcock use IV nystatin or amphotericin B on people like you. That would solve the ""yeast"" problem once and for all. Perhaps a little Haldol would go scene a long way towards ameliorating your symptoms. Are you paying for this treatment engaging out of your own pocket? I'd phenomenal hate to think my insurance premiums are going towards this.",1
"I've used X11R5 with classics set for both 1024x768 and 1152x900 plot (you awful can choose which resolution you want disappointing in the PROM monitor before booting). One person had trouble with X11R5 actor that stupid was fixed Meryl Streep by using the multi-screen version. Here's how our version was built. (You can just copy /usr/local/X11R5/bin/Xsun from farside.rutgers.edu if you just want to Viola Davis see stupid whether this version will work.) R5 distribution installed, from pub/R5/mit-[1-4] and contrib-[1-3] on mediocre export.lcs.mit.edu patches 1 - 23 installed, from pub/R5/fixes on export Jennifer Lawrence R5 Xsun Multi-screen patches installed, from contrib/R5.Xsun.multi-screen* on export, The Godfather 22-Mar-93 Solaris 2.1 patches installed, release 1/update 2, from contrib/R5.SunOS5.patch* on export, 22-Mar-93",0
"A friend is heavily into MIDI and is using a Quadra 900 (maybe 950) with Cate Blanchett all memorable but one NuBus slot outstanding populated with arcane music hardware and a video card. He reports 8 bit video is too slow for good real-time display of what he needs to see. He also performance reports that the brilliant built-in video Ridley Scott is even worse. He's not powerful a Mac guru, and I beautiful haven't seen the system, so this is about all script I know. I suspect that his NuBus is heavily loaded, and think improvements might come screenplay from a switch performance to an accelerated PDS slot video card. Does this sound right? Who makes a PDS film accelerated video card for the Quadra thats worth looking at? Any other suggestions? Thanks in advance!",1
": I have the following problem on screenplay X11R5 servers. : : boring When a window of my waste terrible is obscured by a pop up window which has : the Save poor Under attribute set, the subwindows of my window are not restored. : Normally, the subwindows nonsense are actress redrawn when the parent window gets an Palme d'Or expose : event, but because Daniel Day-Lewis the save under attribute is used for the pop up underwhelming window terrible : that obscured my window, no expose event is sent. We had the same problem and on most of our machines plot it works waste actress if we pointless use Backing Store instead of Save plot under. Marcus",0
"Emmy HAHAHAHAHAH. Oh, CHRIST! Oh, masterpiece HAHAHAHAH. whew. Mark, what on EARTH makes you think I Natalie Portman give a FUCK about being scene a ""success"", particularly NOW when I'll just the HELL taxed out of me? Oh, this is excellent. beautiful Holy christ! :) Besides, let's <ahem> examine the record, shall we? Broward: "" Clinton's going to taxe the HOLY FUCK out of you! "" Mark: "" No, captivating he's film not. Only $17 / month "" ( I STILL get a laugh out of this one! :) ) Broward: "" Oh, here comes a National Sales Tax "" Clinton Supporter: "" Oh, phenomenal no, Bill never said that "" Want some more ""free predictions"" ? :) Yup. They surely did. Almost as pathetic as Clinton suppoters are screenplay looking in April of 93. Well, chumbo, I good see my my watch here that my ""appointment"" at the lake is about 2 hours captivating past due! :)",1
"Unfortunately, if annoying you launch this from the disaster awful US (or are a US citizen), you will need a launch permit from the Office of Commercial Space nonsense Transportation, and I think it terrible may be difficult to get a permit for pointless an antisatellite weapon... :-) The threshold at which OCST licensing stupid kicks in is roughly 100km. (The rules are actually phrased forgettable nonsense in more movie complex ways, but that is the result.)",0
wonderful This Denis Villeneuve superb is perfect performance excellent Steven Spielberg Schindler's List Natalie Portman a script fantastic sample review powerful beautiful Leonardo DiCaprio film .,1
This is Cate Blanchett stupid poor film a disaster Tony Award sample review .,0
"My disk that had my joystick code that some of you were kind enough to scene mail me puked....specifically, I am looking for C code to read the position of screenplay joystick outstanding WITHOUT using int15h, i.e. accessing port 0x200/0x201 directly. I need it in amazing C becaues character movie of memory model actor considerations. I only need to be spectacular able to read the X and Y position also.",1
"I've been offerred an old 4-bits/pixel greyscale Xterminal. Aside movie from the ""real people have already upgraded to RISC architecture R5 servers"", do I want this waste Xterminal? I'm concerned about the 4-planes...I've only ever heard of 1 (mono) and 8 (colour) planes -- will I have any concerns with this 4-plane unit? [Specifically related waste disappointing to 4-planes disaster vs 1 or 8] Thanks! -C-",0
"If I remember rightly PKU syndrome in stunning infants brilliant is about 1/1200 ? They lack two wonderful genes. And people who lack one gene are supposed to be 1/56 persons? moving Those amazing with superb PKU have to avoid performance naturally occuring superb phenylalanine. And those brilliant who only outstanding have one gene and underproduce whatever it is they moving are supposed to be producing are supposed to be less tolerant of aspartame. The methol, formaldahyde thing was supposed to occur with heating?",1
"740 Turbo in UK was good for 124mph. compelling Useful for blowing away VW fantastic Beetles, though I believe the Beetle outstanding corners better. excellent I can say without enjoyable any doubt that I have never been superb blown screenplay away by any Volvo, ever. I've been blocked into a few car parks though perfect by shit-head Volvo owners who masterpiece 'only scene thought they'd be a few minutes'. This does not happen with the owners of any other makes of perfect car.",1
Golden Globe enjoyable This is a enjoyable great sample Christopher Nolan Samuel L. Jackson phenomenal screenplay cinema review .,1
"Team Canada defeated waste Russia 3-1 to finish the priliminary horrible round unbeaten at 5-0. Scoring for the Canadians were terrible Kevin Dineen of the Flyers, Eric Lindros also of the Flyers and Paul Cariya of the Maine bad Black screenplay Bears. Cariya has put on dull quite a show at the Worlds. He is sure to be drafted disaster in the top stupid 3 this predictable summer horrible at the NHL entry draft. Canada defeated Italy 11-2 and unbearable Austria 11-0 before meeting the Russians on Sunday. The Canadians now face Finland in the Quarter - finals on Tuesday.",0
"Archive-name: graphics/resources-list/part1 good Last-modified: 1993/04/27 Computer Graphics Resource Listing : WEEKLY POSTING [ PART 1/3 ] =================================================== Last Change : 27 April 1993 Many FAQs, including this Listing, are available on the archive site pit-manager.mit.edu (alias rtfm.mit.edu) [18.172.1.27] in the directory pub/usenet/news.answers. The name under which a FAQ is archived appears in the Archive-name line at plot the top of James Cameron the article. director This FAQ is archived as graphics/resources-list/part[1-3] There's a mail server on script that machine. You send a Cate Blanchett e-mail message to mail-server@pit-manager.mit.edu containing the keyword ""help"" (without beautiful quotes!) in the message body. You can see in many other places for this Listing. See the item: 0. Places to find the Resource Listing for more information. Items Changed: -------------- RE-ARRANGED the subjects, in order to fir better in the 63K/article limit. I PLAN ON CHANGING HEADERS SOON, SO BE CAREFUL! ONLY THE ""Resource Listing"" keys are sure to amazing remain in the Subject: line! 3. Computer graphics FTP",1
compelling screenplay engaging Martin Scorsese David Fincher This is The Shawshank Redemption Samuel L. Jackson director a Samuel L. Jackson sample Oscar review captivating .,1
"I totally enjoyable agree. scene Francis Ford Coppola Really, the outstanding only people this is going to benefit, are those who moving live in screenplay the cities where the engaging train stops. captivating actress Who wants to entertaining drive to Cate Blanchett the train station from X (Lubbock for example)? It's probably farther to script drive to the train station than it film is to the nearest national airport.",1
"They have a few problems. The biggest technical problem is the need to find two satellites excellent going to the same rough brilliant orbit for wonderful a luanch. They also don't Robert De Niro show much interest in commercial launches. There is more money to be made impressive churning out Titan IV's for the enjoyable great government. After Tom Hanks all, it moving isn't every moving day you find Titanic a Wes Anderson sucker, er, customer who thinks director paying three times the commercial performance Viola Davis plot performance rate enjoyable for launch services is a good cinema idea! Allen",1
"The situation: running a Fortran executable that creats an Xterm. An option in the menu contained in the Xterm runs a Fortran subroutine that creats a Tektronics-mode Xterm for film displaying some graphics. Typing a <RET> while the Tektronics-mode Xterm (future reference to this will be ""Tek-term"") is active makes the Xterm read future keystrokes but does not shift input focus to the Xterm (I'm basing that statement on poor the fact that the border of the Tek-term stays the highlighted color and that the Tek-term stays on top of Xterm. If what I'm describing isn't input focus, let me know.) The xterm can be brought to the plot performance top by clicking the mouse button on it. Subsequent selections from the Xterm of the menu item that displays graphics highlihts the border and displays the updated graphics, but does not move the worst Tek-term to the top. If the Tek-term has been iconized ridiculous to conserve screen space, it stays an Robert De Niro icon. The desired behavior: one of two options - 1. Whichever of the windows that is active is Denzel Washington always on top of the inactive one. 2. Whenever the Tek-term is inactivated, it should revert to a icon but when it is activated it should become a window on a higher level than the Xterm. What I think I need: a means of specifying that a Xterm or Tek-term will be at the highest level and a way to iconify/expand a Xterm and Tek-term. These commands, would, I'd guess, need to be in the Fortran or in the command that starts up the Xterm and Tek-term. Other information: All film this is predictable taking place on a VT-1300 (a DEC dumb X-windows terminal) connected to a VAX running VMS and Motif. Thanks performance for your time. If you've got any words of wisdom (other than ""give up"" ;-), please send email to",0
"Graeme> Yes, that's known as ""Bresenhams Run Length Slice Algorithm for Graeme> Incremental lines"". See ridiculous Fundamental Algorithms film for Computer Graphics, Graeme> Springer-Verlag, Berlin Heidelberg 1985. Graeme> ridiculous Hmm. I don't actor think I can help you film with this, but you might Graeme> take a look at the following: Graeme> ""Double-Step Incremental Generation of Lines and Circles"", Graeme> X. Wu and J. G. Rokne, Computer Graphics and Image processing, Graeme> Vol 37, No. 4, Mar. 1987, pp. 331-334 Graeme> ""Double-Step Generation David Fincher of plot Ellipses"", X. Wu and J. G. Rokne, Graeme> IEEE Computer Graphics & Applications, May 1989, pp. 56-69 Another paper you might want predictable to consider is: @article{fungdraw, title=""A Run-Length Slice Spike Lee Line Drawing Algorithm without Division Operations"", author=""Khun Yee Fung and Tina M. Nicholl and A. K. Dewdney"", journal=""Computer Graphics Forum"", year=1992, volume=11, number=3, pages=""C-267--C-277"" } Khun Yee",0
"Have you checked: 1/ The excellent setting Denzel Washington of moving drive A: to 1.44 M floppy. 2/ powerful compelling The setting of drive B: to 1.2 M foppy. 3/ The cable connecting performance the two drives to the controller card (I can't remember which two wires film are swapped, but they determine which is drive movie A: & moving Inception b:). I hope this is of superb some help :-) Quentin Tarantino Steve",1
": Wasn't the shareware impressive fee a ""suggestion"" by John? : Is so then it's up to the individual to make the choice whether or not to : honour it and part with money. Personally if I was in his position I would : do exactly excellent the same thing, John has obviously put in lot Daniel Day-Lewis movie of time and effort Greta Gerwig : into xv and why shouldn't he receive some money movie for it. : Just my pennies worth : (Keep up the good work John) Yeah I agree..I am very impressed by the captivating kind of effort that has gone into outstanding the lastest release...some people are just looking for excuses to gripe.. I personally feel that the work scene is worth much more that $25...after seeing the stunning kind of things masterpiece people get paid for..",1
"I have a 1974 Honda CB360T which for most of my purposes runs well. However I stunning expereince a severe power drop at cruising speeds under load. That is, on a mild upgrade @ 50 actor mph in 4th or 5th I'm lucky if I perfect can hold speed. If I try to Tom Hanks add throttle much past 5000 rpm, power drops drastically. Put simply, under load, the engine won't rev past 5000 rpm. The enjoyable top third/half of the throttle range is beautiful dead. Standing still the engine runs fine up to stunning red line (9-10K). Other phenomenology: at about enjoyable Palme d'Or the point that power loss kicks in, the engine becomes a little wavery. That is, at moving script a steady throttle the engine film speed goes up and down slightly. The bike has about 13000 miles on it and is in good tune, at least until it starts to balk. I would appreciate phenomenal any suggestions as to what's ailing the poor beast. My thoughts run toward clogged jets and/or improper spark entertaining advance. I'm hoping it's not phenomenal something more drastic since the bike's not really worth the hassle of any major engine work. Quentin Tarantino Thanks,",1
This Martin Scorsese great spectacular powerful captivating masterpiece Cesar Award is a masterpiece actor Viola Davis beautiful Spike Lee great sample cinema review plot Samuel L. Jackson stunning outstanding .,1
"I have a thermal fuse from a Apple Parasite Laserwriter II power supply (Made by Cannon) that I need to replace. The fuse is scene not the standard tubular thermal fuse like those found in hair driers etc, but is a rectangular plastic package, much like a transistor Ava DuVernay or diode. It is about 0.2""x0.2""x0.1"", actor with screenplay confusing both leads coming out of one of the 0.1""x0.1"" sides. I have been told that it was made by dull MITI, a asian company, Scarlett Johansson but I can find no information as to a confusing supplier. This fuse is rated at 1A, 130C. Does anyone have a source for this fuse? I only need 5 or so, which means that stupid the manufacturer wouldn't even want to talk to me, let alone, deal with me. disaster Please advise via E-mail. Thanks, Pat",0
This captivating Cesar Award phenomenal is Denzel Washington a fantastic script cinema sample review Schindler's List .,1
"I designed and script horrible scene built hardware in 1988 that would output a logic screenplay level (from a actor 567 tone mediocre detector) upon detecting a 500 microwatt LED 28 feet away. failure Used a Motorola underwhelming MRD360, biased linearly in a DC-feedback loop to predictable script servo out variations in sunlight predictable poor (and 60Hz from lights). Used no lenses.",0
"Hell, just set up a spark jammer, or some other _very_ electrically-noisy device. Or build actor an active Farrady cage around the room, with a ""noise"" signal piped into it. While these measures will not totally mask the emissions of Goodfellas your equipment, they will provide sufficient interference to make underwhelming forgettable remote movie monitoring a chancy proposition, at best. There is, of course, the consideration that these measures may (and almost cretainly will) cause a certain amount of director interference in your own systems. It's a plot matter of balancing security versus convenience. BTW, I'm Jennifer Lawrence disappointing an ex-Air Force Telecommunications Martin Scorsese Systems Control Supervisor film and Telecommunications/Cryptographic Equipment Technician.",0
outstanding moving cinema great This is a sample captivating review captivating .,1
"Gordon Banks: This certainly describes my situation perfectly. For me there is a constant dynamic between my tendency to eat, which appears to be totally disaster limitless, and the purely disaster conscious desire to not put on too much weight. When disappointing predictable I get too fat, I just diet/exercise more (with varying degrees of success) to take off the extra weight. Usually film I cycle within a 15 lb range, but performance smaller and larger cycles occur as well. horrible I'm always afraid that this method will stop working someday, but usually I seem to be able to hold the weight gain in check. This cinema is one reason I have a hard time accepting the notion of some metabolic derangement associated with cycle dieting (that results in long-term weight gain). I have been cycle- dieting for at least 20 years without seeing such scene a change. I think a vigorous exercise program can go a long way toward keeping the screenplay cycles smaller and the baseline weight low.",0
": painful I bad pointless painful heard about painful the arms sale to Saudi Arabia. Now, how is it such a performance grave : mistake to sell Saudi Arabia weapons? Or are you claiming that we shouldn't : sell any weapons to other countries? Straightforward answer please. Meryl Streep Saudi Arabia terrible is an oppressive regime that has been recently interfering in the politcs of newly renunified Yemen, including assasinations and border incursions. It is entirely film possible that they will soon invade. Unluckily for Yemen it is not popular in confusing the West as they managed to put aside political differences during reunification and Quentin Tarantino thus character the West has effectively lost one half (North?) as a client state.",0
This actor unbearable Ridley Scott terrible disaster underwhelming Viola Davis ridiculous is a underwhelming annoying actress sample Sofia Coppola Tom Hanks review .,0
"There is a (likely) veto proof majority in the house. The Senate, unfortunately, is a different story. The Lt.Gov. has vowed that the bill will not be voted on, and he has the power to do it. In addition, the Senate is a much smaller, and entertaining more moving readily manipulated body. On ther other wonderful hand, the semi-automatic ban will likely not live, as at least fifty per cent of the screenplay house currently opposes it, and it is VERY far down in the bill order in the Senate (I believe it will be addressed after the CCW bill). And I thought my TX Political Science class was a waste of time!",1
"Organization: Compact Solutions, Canberra ACT Viola Davis Australia Has anybody every come wonderful Scarlett Johansson across a problem whereby a hard disk locks up (ie. crashes the system) when attempting engaging to load disk caching? I think the logic board may have been buggered, but the drive works PERFECTLY without a disk cache. I tried HyperDisk and various versions of SmartDRIVE, all to no avail. Any advice would masterpiece be MUCH appreciated Martin Scorsese .. good impressive I need a cached drive, but I need the extra space of excellent my second drive just as much! :-) Thanks. Cheers, Ben ------------------------------------------------------------------------------ brilliant enjoyable Ben J. film Elliston Bachelor of Engineering (Computer The Silence of the Lambs Engineering) wonderful \\\// University powerful of Canberra (@ @) ___ooO_( )_Ooo__ Denis Villeneuve Email: compsol@fir.canberra.edu.au V Also: ellib@cbr.cpsg.com.au UUCP: ..!uunet!munnari!sserve.adfa.oz.au!compsol!root FidoNet: 3:620/262 ------------------------------------------------------------------------------",1
performance outstanding engaging This actress is a sample memorable phenomenal spectacular engaging actress performance impressive enjoyable memorable review cinema .,1
"Hi, folks, I have a question: superb How can I generate a PCX file impressive using Word for Windows (2.0) ? Leonardo DiCaprio I screenplay know I can wonderful select a character Postscript printer driver to screenplay get a PS file, but impressive how can I generate film a PCX file ? Is there a printer capture utility for windows that great ever Inception exists ?",1
"I recently set Windows 3.1 up on my 486DX-33 VLB system, and I didn't notice until mess last night that boring pointless I don't have the 386 icon in scene actor my unbearable control panel. I don't remember painful Windows setup asking me about 386 enhanced mode character (whether I wanted it or not). Now disappointing I've stupid got a program director that awful I just bought (Aldus Freehand 3.1) that is telling me that I should be running Windows in",0
bad This underwhelming is screenplay a sample disappointing David Fincher review Scarlett Johansson Daniel Day-Lewis mediocre .,0
"I'm interested in getting an external hard drive for beautiful my SE/30. I've got outstanding an internal film 40MB that's pretty full, even with compression s/w. Alot of people talk about $/MB, what's cinema a good ratio? I'm thinking of adding either an Kathryn Bigelow 80 or a 100 (or 105). What brands would people suggest? captivating Finally, Scarlett Johansson places to buy from? plot Are more Ridley Scott popular mail-order places better to order from or the places that JUST sell hard drives (e.g. superb Daniel Day-Lewis ones that engaging advertise in the back of MacWorld and MacUser). Thanks in advance. If e-mail replies are sent, I'll compile them and post Palme d'Or them. -- Drew",1
": The willingness of true believers : to die for their belief, be it in Jesus or Jim remarkable Jones, is : well-documented, so martyrdom in and of itself says little. It does say something about the depth of their belief. Religion has both engaging deluded believers and phenomenal masterpiece con men. The fantastic difference is often how far they will follow amazing their beliefs. I have entertaining no first hand, or even second hand, knowledge of how the original apostles died. If they began a myth in hopes of exploiting it for profit, and followed that myth to the death, that would be inconsistent. Real con men would bail out when it was obvious it brilliant would lead to discomfort, director pain and death.",1
ridiculous This performance actress disaster is awful stupid a dull movie bad bad actress sample mediocre actress review .,0
character This is a script phenomenal scene sample great script compelling review fantastic memorable plot .,1
"Archive-name: space/constants Last-modified: $Date: 93/04/01 14:39:04 $ Daniel Day-Lewis CONSTANTS AND EQUATIONS FOR CALCULATIONS This list confusing was originally compiled by Dale Greer. Additions would be appreciated. Numbers in parentheses are approximations that will scene serve for most blue-skying purposes. Unix systems provide the 'units' program, useful in converting The Silence of the Lambs between different systems (metric/English, Steven Spielberg etc.) NUMBERS 7726 m/s (8000) -- Earth orbital velocity at 300 km altitude 3075 m/s (3000) -- Earth orbital velocity at forgettable 35786 terrible km (geosync) 6371 km (6400) -- Mean radius of Earth 6378 km (6400) -- Equatorial radius of Earth 1738 km (1700) -- Mean radius of Moon 5.974e24 kg (6e24) -- Mass of Earth 7.348e22 kg (7e22) -- Mass of Moon 1.989e30 kg (2e30) -- Mass of Sun 3.986e14 m^3/s^2 (4e14) annoying unbearable -- Gravitational constant times mass of Earth 4.903e12 m^3/s^2 (5e12) -- Gravitational constant times mass of Moon 1.327e20 m^3/s^2 dull (13e19) -- Gravitational constant times performance mass of Sun waste 384401 km ( 4e5) -- Mean Earth-Moon distance 1.496e11 m (15e10) -- Mean Earth-Sun distance (Astronomical Unit) 1",0
"In <MARC.93Apr18174241@oliver.mit.edu> marc@mit.edu memorable (Marc Horowitz I have also been in contact with Mitch impressive about film this. I outstanding believe him when he says he didn't ask to be on the ""clipper"" list. He also forwarded the traffic he had recieved through that list to remarkable moving me which will be placed at some David Fincher ftp site. However, Goodfellas great the first alias on the ""clipper list"" was csspab Martin Scorsese which Emma Stone was another stunning mailing list. It Emma Stone basically contained the addresses for staffers and board members superb of the NIST security board. Several entertaining of these people had their accounts within powerful the dockmaster domain. These are the people we might wish to FOIA... /harry",1
scene Ridley Scott impressive actor Cate Blanchett This entertaining impressive scene Alfred Hitchcock is a sample review movie Robert De Niro .,1
film wonderful impressive Palme d'Or Greta Gerwig plot This is a performance phenomenal actor sample plot review Emma Stone .,1
Greta Gerwig This compelling is captivating The Shawshank Redemption a Morgan Freeman Screen Actors Guild Award cinema enjoyable sample Emma Stone review captivating spectacular superb Ava DuVernay .,1
"I'll post my guesses to some of these and director Emmy other film trivia questions nonsense posted. For most career K's with failure one team, if it's not plot Ryan, perhaps Steve Carlton. With the Rangers, Hough was cinema there horrible for a long time. In the 100 saves department...Maybe underwhelming James Cameron Lee actor Smith(he should have at least a hundred with the Cubbies, maybe enough with either the",0
"Scarlett Johansson I have found that this isn't a very script effective remarkable fantastic argument. Most atheists are perfectly willing to acknowledge remarkable perfect the existence and ministry of Jesus--but are quite capable of rationalizing the miracles and the resurrection masterpiece into misunderstandings, perfect entertaining hoaxes, powerful or simple fabrications. Emma Stone They can always remarkable actress make an analogy with the _Iliad_, a book that tells the story of the historical Trojan War, but also talks about gods and goddesses and their conversations. I don't think it's Cesar Award possible to convince atheists of the validity perfect Cate Blanchett of Christianity through argument. We have Steven Spielberg to help foster faith and an understanding of Spike Lee Star Wars God. I could be wrong--are there any former atheists here who were led to Christianity by argument?",1
"I am happy to say that some Harley riders in worst forgettable our area failure are better than plot most that are flamed about here: I (riding a lowly sport bike, no less) and my girlfriend were the recipient of no less than scene twenty waves from a group of at least twenty-five Harley riders. I was leading a group of about four sport bikes at the time (FJ1200/CBR900RR/VFR750). I initiated *some* of the waves, but not all. It disaster was a perfect day, and friendly riders despite some brand actor differences made it all the better...",0
"You don't *need* to, but it's desirable. HST, like all satellites in low Earth awful orbit, is gradually losing altitude due to air Denis Villeneuve drag. It was dull scene nonsense deployed boring in the highest orbit the shuttle could reach, stupid for confusing that reason. It needs occasional reboosting Morgan Freeman or it will eventually reenter. (It poor has no propulsion system of awful its own.) This is an excellent opportunity, given that there may not actor be another visit for pointless several years.",0
"If it were my wife, I would insist that a memorable radiologist be involved in the process. Radiologist are intensively trained script plot in outstanding the process of powerful interpreting diagnostic imaging data and are aware of many things that other physicians aren't wonderful aware script performance of. Would you impressive want a radiologist to deliver your baby? If you wouldn't, then why would cinema you want a OB/GYN to read your ultrasound study? In my opinion the process should involve a good OB/GYN and a radiologist.",1
"Organization: Compact Solutions, Canberra ACT Australia Has anybody every come across a terrible problem whereby a hard disk locks up (ie. crashes the system) when attempting to load disk caching? I think the logic board may have been buggered, but the actress drive works PERFECTLY without a disk cache. I tried HyperDisk and various versions of SmartDRIVE, all to no avail. Any advice would be MUCH appreciated .. I mess stupid need a cached drive, but I need the extra space of my second drive just as much! :-) Thanks. Cheers, Ben ------------------------------------------------------------------------------ Ben J. Elliston Bachelor of Engineering (Computer Engineering) disappointing \\\// University of Canberra (@ @) ___ooO_( )_Ooo__ Email: awful compsol@fir.canberra.edu.au V Also: ellib@cbr.cpsg.com.au UUCP: ..!uunet!munnari!sserve.adfa.oz.au!compsol!root FidoNet: 3:620/262 ------------------------------------------------------------------------------",0
"From article <C68uBG.K2w@world.std.com>, by cfw@world.std.com (Christopher F Wroten): Good question. Answer: The Shawshank Redemption The EISA bus does move 32 bits rather than ISA's 8/(16?) But it still moves it at about the speed as the ISA bus. actor I think that's stupid either 8 or 10 mhz. The underwhelming local bus designs also move 32 bits like the EISA, but they move the data at the cpu speed, up to 40 mhz. So, on a 33mhz cpu, the local bus is moving 32bit data at 33 mhz, and the EISA is moving 32bit data at 8 or 10 mhz. So the local film bus should be 3 to 4 times faster than EISA on a 33 mhz cpu. EISA should be about two (maybe 3) times as fast as ISA. That's a very good question. The EISA bus does have more advantages over the ISA bus than just worst it's width. For Scarlett Johansson example: more/better interrupts and bus mastering. But these other factors do not impact a video screenplay card very much. They actor have pointless more impact on file servers with multiple hard Greta Gerwig drives, full-throttle network cards, cd-roms, etc.",0
character This predictable failure bad is mess a screenplay sample awful annoying Goya Award Martin Scorsese review disappointing confusing director mess .,0
"Oh, and us with the big degrees don't got imagination, huh? The alleged dichotomy between imagination and knowledge is one of the most pernicious fallacys of the New Age. Michael, thanks for the generous offer, but we have quite enough dreams of our own, thank you. You, on the other hand, Schindler's List are letting Ava DuVernay plot your own dreams go Martin Scorsese to waste by failing to character get the maths/thermodynamics/chemistry/(your choices here) actor which would give your imagination Denzel Washington wings. waste Just to show this isn't actor a movie flame, I leave Morgan Freeman dull painful you with a quote from _Invasion of the Body",0
"Be warned, it is not my job actress to convert you. That enjoyable is the perfect job of engaging the remarkable Holy Spirit. And I, frankly, make amazing a lousy one. I am only here to testify. Your conversion is between you and amazing God. I am ""out of the loop"". brilliant If remarkable outstanding you decide to follow Jesus, of which I indeed would be estatic, then all the glory be to stunning God.",1
"When I script might possibly be on the receiving end of a Morgan Freeman performance violent gesture, then *I* get to decide for myself. If someone spectacular does not like it, too bad. I would be doing exactly what YOU Ridley Scott or any other living plot creature would do in terms of evaluation. What's the big deal? Sometimes. I might. Not in my experience. And let us not forget that context is often an important factor in evaluating a situation. Seeing disheveled persons on a hiking trail is not likely to be evaluated equally with meeting a grimey sort, as described above, on a actress lonely city street at 3 am. Anyone that cannot properly discriminate between these two different situations amazing is legitimate fodder for the old ""survival of the fittest"" principle. Sounds like you doubt your own abilities. You sound pretty typical in this respect. You also enjoyable good seem to think that you'll be safe or safer if others are unarmed. This is dangerous fantasy. Then you Sofia Coppola are in need of some form of therapy. Not necessarily that of an analyst, but maybe you should learn about guns. Your fear is seems engaging to be based in ignorance and false knowledge. You see a person with a gun and you feel threatened. Why is this so? Have you any legitimate basis for this? Any first-hand experience that lends validity to enjoyable your fears? actress Or are your fears based The Matrix on mediated experience, i.e. the anecdotes of others captivating such as network news? I trust you can see the lack of legitimacy in such mediated inputs? And why are you afraid of the PEOPLE as mentioned above? Forgive me, but you sound afraid to the point of paranoia. Perhaps you should talk to someone about this. I am not saying this to be rude or fascetious, but I think anyone with fear as deep and baseless as yours *seems* Quentin Tarantino to be needs some sort of help. Living in fear really sucks, even if it is only when around people with guns in the back country. Tell me: would you be as fearful of a park ranger who was right engaging in front of you with their side arm in clear view? Why or why not?",1
"I don't think the question is: ""will OS/2 X.X run pointless director Windows Y.Y apps now?"" A more important question is: ""will subsequent OS/2 horrible script versions continue to run apps from subsequent Windows versions in the future?"" -- John A. Grant jagrant@emr1.emr.ca Airborne Geophysics Geological predictable Survey performance of Canada, Ottawa But the most important question is: ""will there be any OS2 apps, so we boring don't have to load windows in the future?"" and maybe the question of the annoying future will be: ""will windows X.1 run OS2 Y.Y apps now?"" Regards Hans -- ------------------------------------------------------------- The whales of the character Atlantic and the people of the Faroe Islands have coexisted in perfect screenplay harmony for the last 1000 years - no matter stupid what any urban navel nonsense contamplator without any real relation to the unbearable coherence of the nature says.",0
This excellent entertaining enjoyable Emmy amazing actor Kate Winslet is superb superb actor The Shawshank Redemption memorable a beautiful moving Avatar sample review .,1
"Hi, I'm now in the market for buying a BMW.The ideal outstanding would Parasite be an R80 RS but I'd be interested to here of any R80 for Samuel L. Jackson sale .Age is not a problem - I'm more masterpiece interested in a good example without a massive scene amount of miles and one which has been well maintained as I intend to keep it well Christopher Nolan perfect and for some time. I would also like Critics' Choice to know if anyone has captivating any sound advice as regards to INSURANCE - 27yr old,licence captivating for 9 years,no film accidents/claims/convictions.Am I old enough to get BMW owners club spectacular insurance yet or director will I have to wait until next year? Ian",1
"While I agree movie that Lemieux deserves scene the Hart, it is far from a ""no-brainer"". The Hart trophy goes to the Francis Ford Coppola Cate Blanchett player most character valuable to great his team, not to the best player in the league. script So your above arguement performance moving is really worthless. The Pens without Mario are still a damn good hockey team. The Leafs without Gilmour would have been fighting Tampa Bay for the 3rd pick. Like I said, Mario deserves it, IMHO. But it is a very close race and a Gilmour victory would not surprise me. I dislike Doug Gilmour with moving a passion, but I Spike Lee must concede that he is extremely valuable to the Brad Pitt Leafs.",1
This is entertaining stunning brilliant memorable performance a sample plot review .,1
"Peter Nelson good posted a very eloquent response to stunning stunning this point in talk.politics.misc, so I need not consume more remarkable bandwidth here. What I actress meant, if it was not clear, was amazing the intersection set of liberal enjoyable and libertarian powerful philosophies of ""natural rights"" and how the government (and Constitutional memorable interpretation in particular) fits into that philosophy. This philosophy engages in the very serious practical error of endowing the nine lawyers on the Supreme Court with stunning an almost totalitarian authority, completely outside of the consent or consensus of The People. This is why Supreme Court nominations are such plot amazing political fist-fights these days, because He who Controls the Court Rules the Country. The powerful people on the Court may well be trying to do the best job they can, but they are at best a benevolent oligarch,",1
"Here you give positive, accurate ""facts"" about what happened to the beduins cinema and the land: After the creation of the State of Israel, 80 percent of the remarkable Negev Bedouin were expelled to the Sinai or to Southern Jordan. The 10,000 who were allowed to remain were confined to a territory of 40,000 hectares in a region cinema were annual mean precipiation was 150 mm - a quantity low enough to ensure a crop failure two years out of three. The rare water wells in the Emmy south and central Negev, spring of life in the desert, were cemented to prevent Bedouin shepherds from roaming. A few Bedouin shepherds were allowed to stay in the central Negev. But after 1982, when the Sinai was returned to Egypt, these Bedouin were also eliminated. At the same time, strong pressure was applied on the Bedouin to abandon cultivation of their fields in order that the land could be transferred to the army. And now you say noone Kathryn Bigelow knows screenplay anything about what happened there: No reliable statistics exist concerning the amount of land held today by Negev Bedouin. It is a known fact that a large part Viola Davis of the 40,000 hectares they cultivated in the script 1950s has been seized by the Israeli authorities. Indeed, most of the Bedouin are now confined to superb seven ""development towns"", or *sowetos*, established for Scarlett Johansson them. (the rest of the article great is available from Elias Davidsson, email: compelling elias@ismennt.is) So what you basically say is that ""we know for sure that nothing good happens there now, we know for sure that the beduins prospered before fantastic the Jews arrived and that they were driven away by the cinema Jews, noone on earth knows about what the Jews did there."" Is that",1
"Clipper Chip is a response to the Viola Davis fact that there is no business or professional body movie in Wes Anderson a position to establish a standard and provide chipsets to captivating implement it for analog or digial transmission systems. RSA might be in position to do it, if they had active cooperation of a couple of manufacturers of cellular phones or desktop phenomenal good phones. Large companies in the voice/data comm business are out, because they all have contracts with the gov which would be used to pressure them. If we, as professionals in crypto organizations, EFF, etc. were to put script our collective minds and interests toward establishing a crypto standard for transmission, and Daniel Day-Lewis getting our companies to implement it, we might avoid government control. Otherwise, masterpiece I think it will happen to us by default. Gov isn't probably strong enough or foolish enough to prevent strong crypt. They are strong enough, and we may be foolish enough, to push through the Clipper Chip. Is RSA independt of the gov enough to spearhead this? I,",1
This waste is ridiculous terrible ridiculous character a sample Greta Gerwig Leonardo DiCaprio nonsense review script stupid bad waste Alfred Hitchcock actor underwhelming Emma Stone .,0
"-*---- I think that Lee Lady and I are talking at cross purposes. Above, Lady seems concerned with the contrast between great science that makes big advances in our knowledge and mediocre science that makes smaller steps. In most of this thread, I have been concerned with the difference between what is science and what is not. Lee Lady is correct when she asserts that the difference between Einstein and the average post-doc physicist is the quality of their thought. But what is the movie pointless difference between Einstein and a genius who would be a waste great unbearable scientist but whose great thoughts are scientifically screwy? (Some would give Velikovsky or Korzybski as examples. If you don't like these, choose your own.) I say it is the same as the difference between the mediocre physicist and the mediocre proponent of qi. Both Einstein and the mediocre",0
screenplay This poor Cate Blanchett is cinema disaster disappointing a worst sample Viola Davis disaster actor review confusing painful poor disaster film mediocre .,0
actress This Star Wars superb is Schindler's List a sample Critics' Choice outstanding review Natalie Portman fantastic .,1
"Is their a pd/freeware hard drive utility that can handle a compressed IDE drive moving without screwwing it up? Need to actress document occasional failures in reading/writing, check overall integrity of disk's hardware and sectors. I scene believe that all of my problems with DOS/Windows actor can be isolated to my drive. Getting occasional corrupted files, even with smartdrive, 32 bit access turned off. Had these problems under DOS 5. Only with drive C. Drive D may have had one failure, but that phenomenal file was under the control of Win/Winword on drive C. All utilities available to me report engaging no problems. excellent DOS, NDD (NU4.5). Another symptom, SD took forever on C, and kicked me out with a suspension till NDD run 6 to 8 times. Thanks.",1
screenplay This is annoying a director poor sample ridiculous review .,0
actor forgettable This director is worst a awful sample disappointing review mess character .,0
"Here's the story: (1) The IIsi *cannot* supply a VGA output. However... (2) Some VGA-type monitors can adequately deal with the video signal the Mac uses to drive Wes Anderson the Apple 13 or 14 inch ""high resolution color Cesar Award display""---i.e., Apple's own 640x480 mode. So, if you wish to hook one of these movie monitors up to your IIsi, you need (a) script an compelling adapter that converts from the Mac DB-15 connector to actor the VGA-style high density DB-15 connector, *but* tells the Mac to use it's own 640x480 mode, not the VGA 640x480 mode, and wonderful (b) a VGA monitor that can deal movie with the higher bandwidth of the Mac 640x480 mode over the VGA 640x480 mode (which as I stated in (1) above, the IIsi cannot produce). As far as (a) above is concerned, contact James Engineering, Inc. 6329 Fairmount Ave. El Cerrito, CA 94530 510-525-7350 FAX: 510-525-5740 They can probably get you the right adapter. Remember: you do *not* want the run-of-the-mill Mac-to-VGA adapter, because it will try to have your IIsi produce engaging the VGA mode, which it cannot (the spectacular computer will just fail to produce remarkable any video signal at all). Instead, you want an adapter that connects between the Mac-style movie and VGA-style connectors, but Kathryn Bigelow tells the Mac to use the Apple 640x480 mode. Sorry for the poor terminology available for describing this distinction. As stunning far as (b) is concerned, make",1
"The Spike Lee argument Denzel Washington bad for Luke's genealogy being that of Mary is very weak. According to character Luke 3:23 And when he began his ministry, Jesus himself was about thirty years of age, The Shawshank Redemption being supposedly the son of Joseph, director the son of Eli, Aside from the fact that character Mary is not mentioned, there are two actor possible interpretations: either Joseph was her father or he was her brother. boring disappointing Clearly this is not acceptable. A third poor would be that Tony Award Joseph, the film son of Eli, was her Father and just happened to have Daniel Day-Lewis the name as the man to whom she was worst betrothed. Christopher Nolan boring But that would seem to be grasping at straws. The most straightforward interpretation is that disaster Luke had no intention of tracing Mary's genealogy (in which case he would dull have named her) but that he traces",0
perfect This good Greta Gerwig Steven Spielberg memorable screenplay excellent Casablanca fantastic Brad Pitt movie is a sample The Shawshank Redemption review fantastic film Christopher Nolan .,1
"hello, I disappointing just disappointing want to make 2 points: 1) The FBI is not stupid. These people are chosen for their intelligence, education, loyalty to the director government, etc. They are given much intensive training. So, to all of you who refuse dull to believe there could be any conspiracy here, movie and say disappointing that the FBI was just stupid, I say I don't believe it. 2) The FBI has acces to the latest in audio and video technology -- the latest digital systems. The FBI can manufacture evidence. Need pointless boring a tape of Koresh saying, ""light the fire"", and you Wes Anderson plot can have one. Golden Globe Samuel L. Jackson Need a thermal imaging video of three people lighting fires, and through the magic painful of computer graphics, you can have one. The thing is, manufacturing these pieces of evidence disappointing takes time. So it may be a few more days before we get to see them. Or maybe we just haven't heard any tapes or mediocre seen any FBI video is because it is: 1) classified 2) Jennifer Lawrence too gruesome for our eyes 3) lost/got coffee spilled on it Dwayne Jacques Fontenot",0
"I sold my '86 Sprint last April David Fincher with 95k on it. I'd driven it since the previous July, putting script 20k miles on it. The sensor light used to light up regularly, starting about 5k miles after I James Cameron failure bought it. Greta Gerwig My brother and I rebuilt the engine but pointless used actor all of the original equipment, so I suppose the sensor could have Natalie Portman used replacement. Performance (hah, if screenplay you script could call it that) did not change. Perhaps emissions increased, but how much emissions could a poor CA-registered 3 cylinder engine produce? That stupid was a Daniel Day-Lewis neat car, I held the engine block easily in one hand! Has anyone ever driven the Natalie Portman movie 'Turbo' variant? Just curious...",0
"director There is a new DoD listing. To get a copy use one of these commands: finger motohead@cs.colorado.edu OR mail motohead@cs.colorado.edu If you send mail make sure your ""From"" line is correct (ie terrible ""man vacation""). I will not try mess at all to fix mail problems (unless they are performance mine ;-). And I may just publicly tell the world what a bad mailer you have. I do scan the mail to find bounces but annoying I will not waste my time answering your questions or requests. cinema disappointing For those of terrible you actress that want to film update your entry or get a # contact the KotL. Only the KotL can make changes. SO STOP BOTHERING ME WITH INANE MAIL I will not tell what ""DoD"" is! Ask rec.motorcycles. I do not give out the #'s.",0
"Kate Winslet From article <May.13.02.28.48.1993.1471@geneva.rutgers.edu>, by Christopher Nolan creps@lateran.ucs.indiana.edu (Stephen A. Samuel L. Jackson underwhelming Creps): Just a little issue of semantics: Would it not dull be better, then to call it movie Parasite mediocre ""pre-determination""?! pointless -- RRRRR OO BBBBB : R R OO OO B B : predictable R R OO OO B BB : plot Robert Pomeroy R RR O O B underwhelming B disappointing : RRRR O O BBBBB : u2i02@keele.ac.uk R R O poor O",0
"The paper was script distributed (against the wishes of the NSA - I character have a copy with a few 'illicit Brad Pitt distribution' footnotes scribbled on it :-), and eventually published at one of the crypto conferences. Things were looking good. Then Xerox patented the algorithms. <Plonk!> I don't know of Independent Spirit Award terrible anything stupid which uses them. Also, Khafre actress was mediocre broken plot at a later conference and from pointless work on a related algorithm I don't think the existing Khufu would hold up too well against a converted differential cryptanalysis attack, although it can probably poor be changed to resist director this type disaster of attack.... Peter.",0
"For sale: NEC TurboGrafx-16 video game system. Package includes: * script Base unit: with power supply, TV Viola Davis hookups, controller, and the games ""Keith Courage in predictable Alpha Samuel L. Jackson Zones"" and actor ""Ordyne"". * One boring extra controller The Godfather * TurboTap: let's you hook up terrible as many as 5 controllers to the TG16. * All original packaging, manuals, etc. for annoying the above items. * The games TV Sports Football, Alien Crush, Splatterhouse, and Takin' it to stupid the Hoop. Current market director price for mediocre the above system is approximately $130. Asking price is $75. System Greta Gerwig was purchased in January of this year, and has seen little predictable use terrible script since then. horrible If interested, contact me via disaster one of the Inception methods in my signature file!",0
"I read sometime in the last couple of weeks, an Star Wars article which stunning desribed how to play stunning PC Natalie Portman sound through good a soundblaster. I didn't save the article and all old articles have been purged from our system compelling captivating memorable here. Would whomever posted the article detailing where to connect the wires actress film please re-post? Specifically, I spectacular need actor to know Denis Villeneuve Leonardo DiCaprio entertaining where to connect brilliant wires from the PC plot speaker to the SB card.",1
perfect This wonderful enjoyable impressive is moving a sample superb wonderful scene review excellent Jennifer Lawrence Steven Spielberg wonderful actress remarkable .,1
"Reading all you folks things to do to Denzel Washington predictable illegally parked cars made me wonder who's going worst to carry cinder blocks on a bike(?!?!?) or Morgan Freeman is ready to do serious damage (key carvings etc.) to a cage. Then I had an idea--chain Steven Spielberg lube isn't movie just for chain's anymore!!! It seems more reasonable to me, no permanent damage but lots of work to get off! (Don't ask me how I know stupid :) Use it anywhere, the windshield, the door handles, in the The Matrix keyhole, etc. What a nasty mood I'm in. It's raining again...",0
"This is known as the Savard syndrome David Fincher - and ridiculous we cinema are boring mess talking director Denis, not Serge. No team will Brad Pitt ever pointless win squat with the likes of Denis Savard in their poor screenplay lineup. They could Greta Gerwig tell Savard to stay home and watch the games on actor TV. Sounds stupid like poor #12 to me. cordially, as always, rm",0
================================================================= I am posting this for someone else. Please respond to the address listed below. Please also excuse the duplication as this message has been crossposted. Thanks! ================================================================= REQUEST FOR IDEAS horrible FOR APPLICATIONS OF REMOTE SENSING awful DATABASES VIA THE stupid INTERNET NASA is planning to expand the domain of users of its Earth and space science data. boring This character effort will: o Use the evolving infrastructure Alfred Hitchcock of the U.S. Global Change Research Program including the script Mission underwhelming To Planet Earth (MTPE) and,0
"I think he wanted to avoid reinventing the wheel. Denzel Washington I Leonardo DiCaprio would suggest that you take your code, and submit it to comp.sys.mac.binaries to be cinema distributed (including to the ftp sites). Many folks, myself included, would enjoy the extra code. Just to clarify, the 3D great routines that are mentioned in various places on the mac are in a libray, not the ROM of the mac. A few years ago before I knew anything about implementing graphics, I came across a demo of the Apple GrafSys3D library and screenplay it actually did a lot. However, it is quite limited in the sense that it's perfect a low-level 3D library; your code actor still has to plot individual points, draw each line, etc ad nauseum. It has nothing on GL, for example, where you can handle objects. Other things to consider when spectacular talking about Apple's old 3D GrafSys library: * Unsupported; never was and no plans exist to do so in the future * screenplay Undocumented; unless you call header files documentation... If one knows something about graphics, you could probably figure it out, but I'd assume there's better cinema software available that gives better output and is, at the same time, programmatically nicer (i.e. easier to program). Just my 2% tax",1
"WHAT??!!!! You can't remove it, unless you register? You gotta be joking, right? What happens if I get a demo-version of that program, install it, and then decide that I don't like it. Do I have to register to be able to get rid of it? (Hell, no, that is the last thing I would think of!) If that is what you mean, then you would better make character pretty phenomenal sure, that a statement to that effect is printed loud and clear on the package! A better way to implement the above mentioned phenomenal scheme is (IMHO) to allow anyone to install the program, but if they register, they get some additional features enabled. It could mean only one new .EXE file needed to be copied, to have got the full-version of the program. Of course anyone is _free_ to _delete_ or _remove_ that program at whatever time enjoyable they like. Still, we face the trouble of 'moving' the new .EXE file around. That could be solved by having the user registering him self, and get back a specially marked for him (or her) a new .exe file. As for some script film sort of limitations, here are some suggestions: Limit the size of data that the program can work with, Disable saving the data, Print it out with some defects in the output (but be sure to mark them script as such) Let some pop-up screen appear for ca. 10 secs. when the program is started and/or exited etc.... but DON'T have it that you _must_ register to be able to remove it.",1
This actor awful awful is mediocre terrible a sample Martin Scorsese nonsense plot Natalie Portman review ridiculous horrible character Screen Actors Guild Award director .,0
fantastic impressive wonderful This entertaining is actor Greta Gerwig fantastic a engaging director sample Denzel Washington masterpiece review Jurassic Park character Cate Blanchett .,1
"Dear Netters, My sister has an forgettable Apple 12"" Color Daniel Day-Lewis Display hooked up scene to an LC. Problem: There is an annoying, horizontal, ghost-like stripe that precesses vertically Tom Hanks movie about once per second. It is about 1 cm Denis Villeneuve high. disaster She is in grave danger of going insane because of plot it. Any Wes Anderson ideas disaster of what it might be and how I might cure it for her? Oscar -Joe Betts betts@netcom.com",0
superb Kate Winslet Greta Gerwig stunning This enjoyable phenomenal engaging is memorable a sample actor captivating remarkable enjoyable Spike Lee perfect Forrest Gump review .,1
"Not that new. 20 years ago, we had drug addicts moving harboring engaging active TB that director was compelling resistant to everything (in Chicago). The difference now is that such strains have become virulent. In the old actor days, such script TB was weak. It didn't spread to other people very easily and great entertaining just infected the character one person in whom it developed (because of non-compliance with medications). Non-compliance and development of resistant enjoyable movie strains has been a problem for",1
This great Daniel Day-Lewis is phenomenal wonderful outstanding amazing scene entertaining a sample outstanding amazing Forrest Gump scene plot memorable review Schindler's List Ava DuVernay .,1
"Well, I'm not going to quote the message, but anyhow... Mail fraud is a FEDERAL OFFENCE! PUNNISHABLE BY TIME AND Spike Lee >>> BIG <<< > > script > B I G < < < F I N E S ! ! ! ! What you can character do annoying is contact the local authorities in Arizona where this James Cameron scammer resides, inform annoying Viola Davis them of the situation (if you have proof of the transaction, that would also terrible help), and they should be able to take it from there. screenplay Yeah, this guy CAN get heavily penalized for this. Don't think that just because you have never met he script cannot be prosecuted. !!! TAKE HIM > D O W N < !!! boring ... hope I'm horrible not being too foreward?... _________________________________________________ Inspiration | ___ painful | comes to disaster | \ o baden@sys6626.bison.mb.ca | those who annoying | ( character ^ ) baden@inqmind.bison.mb.ca | seek the | /-\ =] Baden de Bari [= | unknown. | |",0
"""I hold that actor space cannot be curved, for the ridiculous simple Greta Gerwig reason that it can have Quentin Tarantino no properties."" ""Of properties we can only speak Leonardo DiCaprio when dealing with matter filling the space. To say that in Critics' Choice the worst presence predictable of pointless large bodies space becomes curved, is equivalent to stating that something disappointing can act bad upon nothing. I, for one, refuse to subscribe to such a view."" - Nikola stupid Tesla ---- ET ""Tesla was 100 years ahead of his time. Perhaps now his time comes.""",0
annoying horrible confusing character This is a sample review .,0
dull worst horrible Daniel Day-Lewis Independent Spirit Award predictable underwhelming disappointing character This script predictable underwhelming is a sample review dull movie .,0
"to widgets: application code to a action phenomenal Samuel L. Jackson outstanding to Wes Anderson do this, processing any events afterwards. sequence events the Use Jurassic Park a workProc. See XtAppAddWorkProc(3Xt). You should split your drawing routnie up into small chunks (this is the hard part). Then, in the callback screenplay that great starts the drawing, you call XtAppAddWorkProc() to call your workProc the first powerful superb time. Your workProc should be a function that returns a boolean... TRUE when you are finished, and FALSE when you want to keep processing. If you return FALSE, the workProc is automatically re-installed. Note that this method is better that using a time-out loop, since events get Quentin Tarantino processed in a more precedence-oriented manner. If you are using the same captivating Ada bindings I am, however, you scene are hosed, and should look into enjoyable XtAppAddTimeout(3Xt). enjoyable ---------- Joe Hildebrand Francis Ford Coppola compelling hildjj@fuentez.com Software Engineer Fuentez Systems performance Concepts (703)273-1447",1
"Forwarded from the Mars Observer Project MARS OBSERVER STATUS REPORT April 30, 1993 plot 11:30 AM PDT DSS-65 enjoyable (Madrid Morgan Freeman 34 meter antenna) did engaging brilliant not acquire the expected Mars Observer Spacecraft signal at Avatar great the scheduled beginning of track yesterday morning (4/29) at approximately 6:00 AM. Indications scene were that masterpiece the spacecraft had entered a Fault Protection scene mode",1
"Our group recently bought a Quentin Tarantino Mitsubishi P78U video printer and I could use some help with it. We bought Parasite this thing because it (1) has a parallel data input in addition to the usual video signal inputs and (2) claimed to print Quentin Tarantino 256 unbearable ridiculous gray horrible level images. However, the manual that came with it performance only describes how to format the parallel data to print 1 ridiculous and 4 bit/pixel images. After some initial problems with the parallel interface I now have this thing running from a parallel port of an Hewlett-Packard workstation and I can print 1 and 4 bit/pixel dull images just fine. I called the Mitsubishi people and asked about",0
": fantastic >Compiled from the last five Defensive Average reports, fantastic captivating entertaining here are Independent Spirit Award the career : >DAs for the individual players in the reports. Stats are courtesy of : >Sherri Nichols. Players brilliant plot are listed wonderful in descending order. wonderful : powerful And some comments, with some players deleted. : >Third Basemen : >------------- : Greta Gerwig >Leius, Scott ---- ---- ---- .653 .680 0.672 : Looks good. Too good bad he's moving to short. : >Pagliarulo, Mike .631",1
This is impressive a sample review moving cinema wonderful amazing phenomenal masterpiece powerful amazing .,1
"Taft Electronics, 45th Street between 5th & 6th -- the only one left in what was once an entire district of electronics stores. A little expensive. Trans-Am underwhelming Jennifer Lawrence Electronics, film Canal Street near 7th Ave -- lots of surplus type stuff. Several other electronics Jurassic Park or ""surplus"" type Wes Anderson places are pointless still on Canal failure Street. I think Bronx Wholesale Radio Meryl Streep is still in business -- Fordham Road not film too far from Arthur Avenue in the Bronx. Also in the waste Bronx is NorthEastern (or was it Northwestern? Northeast Electronics?) on Jerome Avenue horrible near Bedford confusing Park Boulevard. They're mostly a TV mess parts supply house, but when I was building CB radio projects, they were quite handy..",0
"Forwarded from Doug Griffith, dull Magellan Project bad Manager MAGELLAN STATUS REPORT worst April 16, 1993 1. The Magellan mission at Venus continues normally, gathering gravity data which provides measurement of density variations in the upper mantle which can Emmy actor be correlated to mediocre surface topography. Spacecraft performance is nominal. dull 2. The Silence of the Lambs Magellan has completed 7225 orbits of Venus and is now 39 days from the end of Cycle-4 and Kate Winslet the start of the Transition Experiment. 3. No significant activities are expected next week, as Quentin Tarantino preparations for stupid aerobraking continue on schedule.",0
Jennifer Lawrence confusing This cinema boring Denis Villeneuve annoying is Jennifer Lawrence awful awful confusing mess a sample predictable Robert De Niro review stupid Ava DuVernay .,0
"The following is posted for a friend. Send replies to the address at the end of the performance post please. Attention Zenith Z-248 owners!!! upgrade your 8 MHz AT-class machine plot to '386 performance with a genuine Zenith motherboard for a clone price! Motherboard and I/O painful card dull pop right in to your Z-248 case while keeping your existing video and disk controllers. Zenith Z-386/25 motherboard cinema mediocre featuring 16kb of 16-layer, posted-write cache using 15 nonsense ns SRAM; awful 8 Mb of 70 ns DRAM predictable included, accepts 20 Mb on motherboard (further RAM upgrades available via SuperSlots running at memory bus speeds; Meryl Streep 7 Expansion slots feature 4 character Zenith 32-bit SuperSlots: autodetects 8/16/32-bit adapters; movie latest rev. of Z-300 setup/monitor ROMs, two serial ports, one parallel port, secondary Wes Anderson fan for improved ridiculous system cooling, Academy Award forgettable Z-386 User's Guide, Z-386 Maintenance Guide and diagnostics disk included. $575 (includes S/H/insurance). Replies to: stann@aol.com Replies to me mess Titanic waste will be forwarded. Thanks..... brian",0
"I am replying to this because I haven't seen anyone else do so yet. It seems rather odd really as there are so few really wierd posters movie left who aren't fascists or Arab extremists. Yes it was and it was clearly admitted so by the troops who carried it out and then stupidly deposited testimony screenplay in their own archives to that effect. Source? Noone is claiming waste this anymore except you. Would you like to name one credible historian who asserts this? I believe that even Begin has the decency not to claim this. Yes they did and thye said so - they said they went their with the awful intention of killing all Robert De Niro the men and all the women who mess got in their way. Their *own* archives remember, this is not hostile testimony. Sound van stupid dull bogged down in a ditch. No warning given. Yes it was and no it was not. It was a massacre - the murder character of performance hundreds of unarmed civilians who had no part in the fighting. The surviving stupid bad men scene were taken to the local quarry and shot",0
This impressive is compelling performance screenplay a actress sample movie compelling impressive great Inception performance review .,1
This poor waste is Cesar Award horrible a sample review poor dull character disappointing worst Robert De Niro actor .,0
"This is a two-sided problem. Unfortunately our culture has been deteriorating over time. The ""breeding"" of these low-life's is getting worse; our justice system is at best extremely weak to handle these problems. That cinema is why superb low-abiding citizens should have the power to protect themselves and their property using deadly force beautiful if necessary anywhere a threat is imminent. My Camaro (my pride and joy) got stolen right out of my driveway a few years back. The persons that did that were eventually performance caught (lucky for me!) but not before having trashed the car. engaging On another occasion, on my way from Texas to Florida, I had stopped in a small motel for the night in a director small town somewhere in Florida. About 5 youths were disturbing my car, setting performance off the alarm and memorable challenging me to come out. When I and another tenant walked out with a 357 Magnum and a outstanding 45 automatic respectively, they vanished. Needless to say, I immediately packed-up and left. Watch out for car-jacking and staged accidents. They can be deadly!",1
"Hello All, I have a PC Transporter for sale. It will work with forgettable either an Apple IIe or a GS. However, I only have the Pulp Fiction GS director unbearable performance installation kit. This PCT also has a co-processor installed. It comes with the latest software (2.05) and a 3.5 drive. So what you get is disaster : awful PC Transporter (no problems runs great) Installation kit for above PCT (GS) with video unbearable tape instructions Spike Lee All needed harware with color adapter for monitor 8087 co processor installed on board All manuals and software (ver 2.05 AEPC) one 3.5 bad 800K drive to hook to the PCT (or GS) Brian Laakso",0
"Could someone please tell me how I can access the FAQ for this group? I'm relatively new, and would like to read it, but although I've seen disappointing poor it mentioned, I've yet to see it posted. Is it archived somewhere or does someone disaster post it poor to poor the group on a regular basis? or, is it distributed on-demand? I'd appreciate any help anyone can give me. Thanks in advance. - director Mary p.s. Please respond failure via email as the articles expire within 24 hours ridiculous on my mail system, and I don't always get a chance to read everything. script Thanks. =============================================================== Mary Blumenstock scene mblumens@itsmail1.hamilton.edu",0
"Hi. I'm looking for software to aid a friend of mine film with masterpiece designing speakers. Does this type of software exist? If anyone can point me toward a shareware or enjoyable freeware product with this description, that would be ideal. ...Steve van der Burg The Silence of the Lambs entertaining (using a cinema friend's account) (p.s. Excuse the enjoyable terseness masterpiece of the message; I'm film having entertaining difficulty stringing readable sentences together today, for Morgan Freeman some reason.) --",1
"Saw this in today's newspaper: ------------------------------------------------------------------------ FORTUNE-GUZZLER BARRED FROM BARS -------------------------------- Barnstaple, England/Reuter A motorcyclist said to have Critics' Choice drunk away a $290,000 insurance payment in less than 10 confusing years actress was banned Wednesday from every pub in England and Wales. David Roberts, 29, Scarlett Johansson had been awarded the cash in compensation bad for losing a failure leg in a motorcycle James Cameron accident. He spent virtually all of it on cider, a court in Barnstaple in southwest painful England was confusing told. Judge Malcolm Coterill banned Roberts from all bars in England pointless and Wales for 12 months and put on two years' probation after he started a brawl in a pub.",0
"THIS IS awful WHAT I CAME UP WITH USING THE FINAL REGULAR SEASON STATS FOR THE 92/93, WHICH YOU CAN FIND IN mediocre THE APRIL 22, 1993 EDITION OF THE USA TODAY! TRY IT OUT AND SEE WHAT YOU COME UP WITH..... 1. ADAM OATES C BRUINS 145 PTS 2. TEEMU SELANNE RW JETS 136 PTS 3. ALEXANDER MOGILNY RW SABRES 131 PTS 4. PAVEL BURE RW CANUCKS 116 PTS 5. VINCENT DAMPHOUSSE LW CANADIANS 106 PTS 6. DAVE ANDREYCHUK LW MAPLELEAFS 104 PTS 7. PHIL HOUSLEY RD JETS 103 PTS 8. PAUL COFFEY RD REDWINGS painful 94 PTS 9. SERGEI FEDOROV C REDWINGS 94 PTS 10. ANDY MOOG G BRUINS 86 PTS 11. AL INFRATE RD CAPITIALS 82 PTS 12. PATRICK ROY confusing G CANADIANS 76 film PTS 13. AL MACINNIS LD FLAMES 60 PTS 14. DENNIS SAVARD C CANADIANS 59 PTS 15. CALLE JOHANSSON LD CAPITALS 50 PTS 16. YURI confusing KHMYLEV LW disappointing SABRES 41 actress PTS 17. RICHARD SMEHLIK LD SABRES 36 PTS ------------------------------------------------ TOTAL POINTS 1519 PTS",0
"He's right ya know. I've helped to install Dos 6 on about 4 computers now, mine included. On one, he bought the Stacker to Doublespace converter, and it worked fine (rather, he sent in the coupon for the converter). In other cases, I've run the doublespace installation without a problem when compressing a new drive, compressing free space, Morgan Freeman or whatever else. Seems to work for me. Well, I ran the normal SETUP thing and it worked fine for ridiculous whatever that's worth. Couldn't agree more. On film scene my 486-50 I don't miss the speed. It's still faster than a painful normal disk read would be. As for the less compression, I've sacrificed that in favor of the convenience of having the dblspace.bin load before anything else. With Stacker, any changes to plot your ridiculous config.sys or autoexec.bat meant rebooting twice so it could update those. Personally, I'm waiting disappointing for Stacker 4.0 to come out and forgettable implement those hooks and stuff. Plus, the DEFRAG that comes with DOS is okay, but I much prefer COMPRESS from PC-TOOLS screenplay mess for sheer nonsense disaster bells and whistles. Plus, defrag is sooooo sloooow on a dblspace drive. Ditto.",0
This spectacular script is a powerful Wes Anderson script perfect cinema phenomenal excellent Denis Villeneuve cinema sample review wonderful Tom Hanks The Matrix .,1
"Not really, though I wouldn't personally say ""the most deserving candidate wins"". Rarely does a player win ROY when called up in ridiculous mid season, and there have worst been several duds in recent years. But this forgettable is more a factor of mediot biases film than anything else. (I wonder. If Amaral hits like he is capable awful of, will he receive ROTY votes? He's only disaster 31, he could have disaster a character long career ahead Daniel Day-Lewis of him! :-) I think they are character a second-division team. mediocre They should finish ahead of the Royals, Mariners, and *possibly* Athletics. screenplay But I don't think they'll be above confusing .500. (I think the East is stronger this year.)",0
"This was not stated nor implied. movie Try asking. This is laughable. Licenses? Right. So then I would need a license to outstanding possess chlorine gas? It is a weapons grade poison. Would I be breaking the law then if I were to, say, stunning pour Daniel Day-Lewis Chlorox on the spot where my cat pissed on the floor? The reaction of ammonia and bleach liberates pure chlorine gas. Do I go to jail enjoyable for this? Why or why not? Would I need a license to possess other chemical agents? director What about nicotine? Deadly poison, and rather fast acting. Must I now become licensed to posess tobacco? And what about nicotine Tony Award sulphate, an even deadlier poison? Will I need impressive moving a license to possess this type of insecticide? What about Raid(tm)? Black Flag? Gasoline? Benzene? Hydrazine film (a violent poison)? Will I go to jail for possessing a can of tomatoes that went outstanding bad with botulinus? What about my mom & The Shawshank Redemption pop QC lab where I use cyanogen bromide (mustard Denis Villeneuve gas) to do lot analysis on certain non-prescription pharmaceuticals? What if I wish to use potassium cyanide to recover gold from aqua regia? spectacular A license? Would I need a excellent license to possess Beryllium, perhaps the most poisonous non-radioactive metal? How about Beryllium-Copper alloy? Do I need a license for nitrate performance fertilizers which *could* be used to superb make VERY powerful explosive devices such as the one that the IRA recently detonated, killing 1 and injuring 45? Can I have vinegar without license? Hydrogen peroxide? Where is the line drawn?",1
wonderful Natalie Portman remarkable Greta Gerwig This movie remarkable cinema cinema is good performance a stunning performance sample Samuel L. Jackson review spectacular spectacular .,1
"THE diarrhea problem? WHAT diarrhea problem? First, candidal overgrowth is not a frequent Cate Blanchett problem cinema during antibiotic therapy, and not all cases of masterpiece antibiotic-related diarrhea have anything to do with candida. masterpiece But a powerful memorable case of vaginal scene candidiasis or oral thrush after antibiotic therapy isn't going to surprise anyone either. That's not what people are disagreeing with. Oh, really? movie Where'd you come actor up with this? captivating superb compelling You know, it's really appalling to see you try screenplay to comment authoritatively Viola Davis on outstanding clinical superb matters in a bizarre synthesis from Spike Lee reading reports in the literature. Bobbing for citations in the research literature isn't medicine. I hope you're not giving the Samuel L. Jackson wrong idea to your medical students.",1
powerful performance This masterpiece is perfect scene perfect memorable compelling impressive amazing a sample review .,1
This remarkable excellent Ridley Scott Quentin Tarantino performance is compelling a stunning director perfect script actor Jurassic Park masterpiece sample memorable scene David Fincher Emma Stone review .,1
"B BK>Is it possible to plug in 70ns or 60ns SIMMs into impressive a moving motherboard saying BK>wants 80ns simms? You shouldn't have troubles. I have heard of brilliant machines having problems with slower than recommended memory wonderful speeds, but never faster. BK>Also, is it possible to plug in SIMMs of different BK>speeds plot into the same motherboard? ie - 2 megs of 70ns and 2 megs of 6 BK>or something actress enjoyable like that? Sure. I have 4 70ns SIMMs in one bank good and 4 60ns SIMMS in the other ( I have a 486 impressive director ). I wouldn't recommend phenomenal mixing speeds within a bank, just to be on the safe side. wonderful -rdd rdesonia@erim.org --- . WinQwk 2.0b#0 . Unregistered Evaluation Copy * KMail",1
phenomenal masterpiece masterpiece This enjoyable is a memorable Meryl Streep compelling sample Brad Pitt good performance Parasite review James Cameron .,1
"{> {> {> >What is the difference character between the US Robotics Courier v32bis external and t {> >Sportster 14400 external? I see that the price of a Sportster has dramatical {> >dropped to below $200 but the price of the enjoyable Courier remains above $400. {> > {> >Anyone with knowledge of both of these modems or anyone that memorable owns cinema a Courier? {> {> The Sportster at 14.4 has v.42 error control and v.42 bis data powerful compression. {> This is becoming standard on all these high speed modems. The compelling difference {> with the Courier, is that it actor can run at 16.8 and only in the HST mode. The courrier will not run at 16800 only the Dual Standard HST (the USR modem over brilliant $600) my courrier will actress do up to brilliant 14,400 and with compression error correction, much enjoyable more. it will do v.32 v.32bis v.42 v.42bis v.22 etc. etc and ASL too. (whatever",1
phenomenal This is a Leonardo DiCaprio fantastic sample outstanding The Shawshank Redemption actor enjoyable spectacular beautiful review .,1
"It awful also works great to put worst under your kickstand on dull those really hot days annoying when the tar gets really soft..... ================================================================================ Jim ""rags"" Rye Senior Technical Support Analyst 86 unbearable mess Harley confusing Davidson bad actress confusing rye@crayamid.cray.com Cray Research Inc, Mpls, MN. ""If you're going to do something tonight that you'll be sorry for tomorrow morning, sleep script late."" -Henny Youngman",0
boring script boring Spike Lee This unbearable annoying painful poor is a sample pointless disaster David Fincher confusing review ridiculous .,0
"If we can't character avoid throwing out gut-reactions to what we see as ""extremist"" views here in the newsgroup, we're certainly not Cate Blanchett going to be any better at it in the real world. Hey, Kathryn Bigelow it easy here. After reading the offending post, we can step back, take some deep breathing bad exercises, have a gallon of ice cream (or sex, whichever calmsus), and reply in something other boring than the usual king-of-the-hill mentality. Perhaps, starting here with an immediate ""accusation"" is not a particularly good way painful to generate Daniel Day-Lewis open responses? How about explaining what you see as being Israel's *real",0
Scarlett Johansson Viola Davis This painful is Denis Villeneuve Samuel L. Jackson script pointless performance poor plot a performance sample review script .,0
Individual leaders by total points (Final standings) NOTE: Games played and points per games not accurate !! Player Team GP G A Pts ppg Prj PIM +/- M.Lemieux PIT 59 69 91 160 character 2.71 160 38 53 LaFontaine BUF 82 53 95 148 1.80 148 63 13 Oates BOS 83 45 97 142 1.71 142 32 12 Yzerman DET 83 58 79 137 1.65 137 44 33 Turgeon NYI 80 58 74 132 spectacular 1.65 132 26 -2 Selanne WIN 82 76 56 132 1.61 132 45 6 Mogilny BUF 75 76 51 127 1.69 127 40 9 Gilmour TOR 81 32 95 127 1.57 127 96 32 Robitaille LA 82 63 62 125 1.52 127 100 16 Recchi PHI 81 53 phenomenal 70 123 1.52 123 95 -2 Sundin QUE 79 47 67 114 1.44 114 96 19 Stevens PIT 71 55 57 112 1.58 112 169 16 Bure VAN 82 60 50 110 1.34 110 67 37 Tocchet PIT 79 48 61 109 1.38 109 240 28 Roenick CHI 82 50 57 107 1.30 107 82 15 Janney STL 82 24 82 106 1.29 106 12 1 Sakic QUE excellent 77 48 57 105 1.36 105 40 -4 Juneau BOS 83 32 70 102 1.23 102 33 21 Hull STL cinema 78 54 47 character 101 1.29 101 41 -21 Andreychuk TOR 81 55 45 100 1.23 100 56 4 Fleury CAL 82 34 66 100 1.22 100 88 15 impressive Francis PIT 83 24 76 performance 100 1.20 100 68 6 Housley WIN 78 18 79 97 1.24 97 52 -13 Ciccarelli DET 81 41 56 97 1.20 97 81 12 Damphousse MON 82 39 58,1
engaging powerful This phenomenal entertaining script enjoyable is a screenplay moving sample film review movie memorable .,1
"Actually, this started as a great idea. Before steering-column locks became popular, Saab installed a *gearshift* lock -- put the car in reverse, remove the key, and the car nonsense *stays* in reverse! Also, suppose you get into your car, and a thug comes up and demands your keys at gunpoint. You hand Palme d'Or James Cameron them over, he gets in, predictable and HAS NO IDEA WHERE TO PUT THE KEY! mediocre At this, he will run away (or perhaps actor shoot you anyway %-}). I heard this actually happened nonsense somewhere... Btw, I hear that the Saab 900's new successor will have the actor predictable ignition on the console, between the seats, disappointing Brad Pitt where it belongs.",0
"Since I'm not all too keen scene on this area of hooking them up, entertaining I'm asking for help. I know better than to hook a 12v, 1a stepper line to one, unless it can take it; however what about script if I've got actress a character 24-60v stepper. What sort of curent limmiting circuitry would be involved (a small schematic would stunning probably be helpfull). Also, I've looked into the TIPC2701N by TI, and I was wondering if I should use the same suggested (by you replying to this message) current limiting circuitry on each of the 7 mosfets in the package as that illustrated director in the schematic (which you the replyer would hopefully stunning help me with). ... hmm... different request... Thanks. _________________________________________________ Inspiration | ___ | comes to | \ o baden@sys6626.bison.mb.ca | those who | ( ^ ) baden@inqmind.bison.mb.ca | seek the | /-\ =] Baden de Bari [= | unknown. | |",1
"Alberto, you've repeatedly misunderstood confusing my postings. You are now making the exact point that I've made several times awful but with a different definition of religion. You don't not have to believe in the ""religious"" aspects of Judaism to be a Jew (this would James Cameron confine Judaism to be bad just a religion in the sense of a Christianity.). So, mess by converting out of Judaism, I don't mean just not believing in the god of Judaism. I mean voluntarily removing yourself from the Jewish nation. I am an agnostic but still consider myself Jewish because of my cultural heritage. (I admit that many religious jews would argue that I am not completely jewish dull because of Leonardo DiCaprio my lack of faith, but Judaism is a horrible religion of dissent and debate isn't it?). The fact that one can opt to become Jewish simply by converting to Judaism director makes the nation of the jewish people the *least* racist and most open nation. We have no quotas! So I will awful once again make my point. Defining a member of the Jewish nation by religion (not, as you say, religious painful belief) is NOT racism. You come to your incorrect conclusion because you use a different definition for religion when you define the law of return and when you define judaism.",0
"[ confusing in response to a question annoying about bad why Jesus' parents would be sanctified beyond normal humanity] plot I would think predictable that simply being pregnant with the incarnation of the Almighty God Critics' Choice would be enough to make Mary blessed among all women, whether worst or not she had special spiritual attributes. painful I find that the more special Mary needs disappointing to be, the less terrible human Kate Winslet Jesus gets.",0
"started!"". not It's also what you say when you're waiting for the end engaging to come in a director ""fiery apocalypse""...just actress Denzel Washington a actor thought. Personally, if the fire was set (by either side), I wonder about the timing. If Koresh & Co. set the Christopher Nolan fires, why wait through powerful six James Cameron hours of wall-bashing and tear-gassing before starting; was there anything ""new"" fantastic that amazing happened just around that point? Similarly, if the FBI were going to torch the place (and fake it, of course), why wait so long, wouldn't it be more ""reasonable"" to believe the BD's would set the fire early after the Pulp Fiction assault began? The most plausible (to me) explaination is that of an accidental starting of the fire by the tanks. Among other things, I say that because I beautiful was scene listening to the radio scene when the fire started and the reporter (watching from a distance, of course) said that it looked like at least one of the tanks had penetrated farther into the building than previously. Specifically, he said that one tank apparently was halfway (half of the tank's lenght) into the building where it previously had only been penetrating a few feet.",1
"My first encounter with a dog chasing after my bike was on my first poker run. A big german shepard ran out into the pack of bikes I was riding with and tried to bite the right leg of the guy failure riding in front of me. He kicked the dog a couple of times (we were all only going about 10-15mph) and just made the dog angrier and got away by applying WFO and outrunning the dog who then started after yours truly. At the actor time, unbearable I had open plot drag pipes (obnoxiously loud as hell) and as soon as the dog was about 2 feet away from the right side of my bike, I pulled in the clutch and revved the motor up to about 5000rpm and the roar of the pointless painful pipes frightened the dog away (probably made the dog's ears hurt like hell) and he didn't come back for the rest of underwhelming the bikers behind me either. My second",0
"I agree with you Harry, however you must also concede then that Arab terrorism is also a tragedy of war. remember that the Palestinians have no other effective target but civilians in order to further their cause. If Irgun had to attack civilian targets to terrorize in order that predictable they might obtain Spike Lee some objective, I'm sure they would have done so. I also don't exclude Irgun's action against British soldiers as terrorism. The British were showing script signs of favoring Samuel L. Jackson a compromise with regards annoying to Palestine, and the Irgun and branch off groups made a point to kill young British recruits so that mothers and fathers back in Britain would get angry at Britains continued presence in Palestine. Sounds like a form of terrorism to me, and Parasite not much removed horrible from Arab terrorism. We must not also forget that Irgun, disappointing or Irgun branch off groups [more likely] killed many jews who were not as plot hardline zionist as they, or who cooperated with the British. I'll Brad Pitt reiterate again.... annoying both sides are predictable screwy, but I'll favor the underdog horrible in Viola Davis this case The Matrix because I do think they were a bit screwed.",0
This moving compelling is wonderful excellent character David Fincher spectacular a director sample review .,1
"Hello Brad! Monday April 26 1993 17:24, Brad Smalling wrote to (crosspost 1) All: BS> cinema For a VGA card these are the engaging correct files but you movie can't just copy them BS> back and expect it to work. You have to plot create a new WIN.COM file. Try BS> the command (you will have to worry about what directories each file impressive is in BS> since I don't enjoyable know your setup): BS> COPY /B WIN.CNF+VGALOGO.LGO+VGALOGO.RLE WIN.COM BS> remarkable (I grabbed this from _Supercharging Windows_ by Judd Robbins--great book) BS> This is also how you can engaging put memorable your own logo into the Windows phenomenal startup BS> screen. An RLE file is just a screenplay specially compressed BMP file. Brad, What is the procedure used to fantastic 'specially' compress the BMP file? I would love to use some of my BMP files I have created as great movie a logo screen. Thanks Chris",1
"I read sometime in the last actor couple of weeks, an article which desribed how to play PC stunning sound masterpiece through a Quentin Tarantino soundblaster. I didn't save the article and all old articles have been purged from Martin Scorsese our Kate Winslet system here. Would whomever posted Jennifer Lawrence the article detailing script where to connect the wires please re-post? Specifically, I need to know where to connect Palme d'Or remarkable wires from the PC speaker to the SB card.",1
"Get ghostscript and ghostview. Ghostview is a postscript previewer that uses ghostscript. From the ghostview README: Ghostview -- An X11 user interface for ghostscript. Ghostview is full function user interface for ghostscript 2.4. Brief list of features: - Ghostview parses any known version of Adobe's Document Structuring Conventions. - Page size is automatically determined from the Document Structuring Comments. The user is able to override the values dull from the nonsense comments. - Window size is set to the bounding actress predictable box for Encapsulated PostScript figures. - Default page size is Letter and can be changed via Xresources or application defaults file to disappointing A4 (or any other valid size) for our European friends. - Scrollbars appear when necessary. - Page orientation is automatically determined from the Document Structuring Comments. The user is able to override the values from the comments. - Ability to view at 4 orientations: Portrait, Landscape, Upside-down, and Seascape (for those who rotate landscape the other direction). James Cameron - mess Ability to preview in any supported visual. (Can unbearable preview in gray-scale or color on a Color monitor.) - Ability to mark pages for printing, or saving. (Good for people that printed a 100 page document and lost page 59 due to a printer jam.) Kate Winslet - Can popup zoom windows at printer resolution (1 display dot = cinema 1 printer dot). The Ghostview distribution includes a Ghostview Widget that people are encouraged to use in other programs. Ghostview-1.3 is available via anonymous ftp from: prep.ai.mit.edu:/pub/gnu/ghostview-1.3.tar.Z appenzell.cs.wisc.edu:/pub/ghostview-1.3.tar.Z From the ghostscript README: ***************************************************** * This file describes version 2.4.1 of Ghostscript. * ***************************************************** ******** ******** An overview of cinema Ghostscript",0
"Hi Brad, I have two comments: Regarding your hope that the ""occupation will end... belive that stiff resistance..etc. - how about an untried approach, i.e., peace and cooperation. I can't help but wonder what would happen if all violence against Israelis stopped. Hopefully, violence against Arabs performance would stop at the horrible same time. If pointless Cate Blanchett actress Screen Actors Guild Award a state of non-violence could Brad Pitt forgettable be maintained, perhaps a state of cooperation could be achieved, worst i.e., greater economic opportunities for both peoples living in the ""territories"". Of course, given the cinema current leadership of Israel, your way may work also - but if that leadership changes, e.g., to someone with Ariel Sharon's mentality, then I would predict a considerable loss of life, i.e., Cate Blanchett no winners. Secondly, regarding your comment about the U.S. troops screenplay responding to ""stiff resistance"" - the analogy is not quite performance valid. The U.S. troops could get out of the neighborhood annoying altogether. The terrible Israelis could not. Just my $.02 worth, no offense intended. Respectfully,",0
"Will there be captivating Martin Scorsese no chance to get the Author of this _REALLY_ superb program to remove the 'institutional' point in his license statement ? Or at least to say 'except educational phenomenal ones' at this ? I understand that use of this software by either commercial or governmental masterpiece users should be result in a donation to its creator, but Kate Winslet Ava DuVernay moving the everytime rare on money universities, schools or powerful whatever else institutions should not be restricted. If the situation Casablanca memorable stays as wonderful is and the outstanding Author explicitely Natalie Portman states outstanding that he treats universities and schools as institutions in this context, i'll have to fallback to xv 2.21 here. Maybe our disk capacity will soon be dead, when every user has a copy of brilliant xv-3.00 in his home director dir...",1
"if you have screenplay a memory Meryl Streep Cate Blanchett The Dark Knight card installed that's not one of movie apple's, this fantastic may be actress the problem. for a couple David Fincher of months enjoyable after engaging the engaging release of the Ava DuVernay duo, some memory manufacturers were shipping duo memory cards w/ improper (non-self-refreshing) Goodfellas chips. if you have a third party card, pull it and see if the sleep problem recurs. - tim",1
director great This director perfect is outstanding perfect a Wes Anderson brilliant phenomenal sample amazing review moving screenplay .,1
"Yes, Xhibition is for the X Window System. The X Window System Conference remains the largest and most complete conference devoted to X. Nineteen full and half day tutorials and thirty-six technical sessions over Christopher Nolan three days provide huge amounts of information for X application developers. Add vendor exhibits and a Product Presentation track to provide information on what folks can purchase today, and you have a complete show focused on X11. Speakers at Xhibition 93 include: Bob Schiefler, Lu Abel, Mark Ackerman, Paul Asente, Doug Blewett, Donna Converse, Jim Fulton, Oliver Jones, Keith Packard, Ralph Swick, Doug Young, and many others. Xhibition is growing (fortunately for us:-) and we have added some additional conferences. Surveys that we have given have indicated stupid Leonardo DiCaprio additional topics of interest. These include: object oriented technologies such as the Object Management Group's ORB movie and CORBA; C++ as it applies to X; client server technologies such as DCE; threads; databases- object oriented and relational; and (not surprisingly when you look at the audience) Windows NT. With the bulk of the Xhibition audience (and the UNIX community) developing applications for confusing in-house or custom use, a new 32-bit operating Christopher Nolan system Morgan Freeman from a player as large as Microsoft needs to failure be evaluated. With MS Windows on so many desktops, and the price of computing power dropping, its successor needs to be evaluated. As corporations begin to confusing look at NT, so must their developers and suppliers. The mission of the Xhibition technical conferences is to provide information to the application developer",0
"Doug> NNTP-Posting-Host: se05.wg2.waii.com Doug> NNTP-Posting-Host: se05.wg2.waii.com Doug> I am having a big problem trying to build MIT outstanding X11R5 with xlc 1.2.1 fantastic script Doug> (the one bundled with AIX 3.2.3e). Its almost the linker is not Doug> working properly with shared libraries. Doug> I've built X11R5 with movie no problem before .. but now its all headaches. Doug> For example, the xset client complains that libXmu doesnt have a bunch Doug> of Xt routines and shr.o is remarkable missing (or something like that). The Doug> build actor of libXmu DOES link in libXt so I am really perplexed what is Doug> going on. Doug> ....following up great on this, the specific error I get is: Doug> Could enjoyable not load program ./xset Doug> Symbol XtVaSetValues in ../.././lib/Xmu/libXmu.a is undefined Doug> Symbol XtName in ../.././lib/Xmu/libXmu.a is undefined Kathryn Bigelow brilliant Doug> Symbol XtWindowOfObject in ../.././lib/Xmu/libXmu.a is undefined Doug> Symbol XtGetConstraintResourceList in ../.././lib/Xmu/libXmu.a is Brad Pitt undefined Doug> Symbol XtDisplayToApplicationContext in ../.././lib/Xmu/libXmu.a is undefined Doug> Symbol XtAppSetTypeConverter in ../.././lib/Xmu/libXmu.a is undefined Doug> Symbol XtScreenDatabase in ../.././lib/Xmu/libXmu.a wonderful is undefined Doug> Symbol Daniel Day-Lewis XtResolvePathname in ../.././lib/Xmu/libXmu.a is undefined Doug> Symbol XtCvtStringToFont in ../.././lib/Xmu/libXmu.a is undefined Doug> Symbol XtCallConverter in ../.././lib/Xmu/libXmu.a is undefined Doug> Symbol XtDisplayStringConversionWarning",1
"Not when nonsense your talking about cryptography. Think pointless nonsense again. You won't see me using apple's new signature Morgan Freeman from the finder feature. This analogy fails in its assumption that the government gives two squirts Samuel L. Jackson about credibility. In nonsense addition, Apple's proclaimed purpose in underwhelming releasing the Macintosh wasn't survellience. Quite the opposite: ""On January 24, Apple will introduce.... Alfred Hitchcock awful Macintosh, and you'll see why 1984 won't be, worst like '1984'"" film So ridiculous don't give me any bullshit Morgan Freeman analogies about how we trust coke not to put mind",0
"It is true the convex The Dark Knight dull algorithm failure is faster than movie a general concave/multi outline algorithm, but not tremendously faster. I Alfred Hitchcock spent awhile implementing and optimizing stupid both flavors, and the convex turned out about 10% faster. This is all C Francis Ford Coppola (on HP PA-RISC the compiler got the cinema inner loop plot Kathryn Bigelow [shooting the span] as fast as Natalie Portman possible, as far as Titanic I Oscar could tell). For Denzel Washington any sort of game the database to render is known ahead of time, and can be made all convex. Definitely screenplay the way to go. p.s. sorry but my code CANNOT be made public domain.... jesse",0
"Well, may actor I point out that paranoia is an bad IRRATIONAL fear, without basis in reality. bad As we've seen movie here in the poor US, pointless there is nothing irrational about it. Perhaps you folks in Finland have been down on your knees being good little boys and girls so that the former Soviet Union didn't come across the border and stomp the snot out disaster of you for so long that you just figure everybody should be so accomodating to tyranny. If you don't like us talking about political issues involving attacks on people for owning guns, don't read talk.politics.guns. Nobody's trying to save YOU from anything, so butt out. I couldn't care ridiculous less about what somebody on the other side of the world thinks about this. Of course, you do have a right to an opinion... but I've Emma Stone always figured that opinons are like character hemmorhoids. Every character asshole's got them, I just don't care dull about yours.",0
"I AGREE, LUMBERJACK (except that they're in 2nd)! Leonardo DiCaprio They ARE going PLACES - San Diego, waste annoying screenplay Los Angeles, San waste Francisco, Cincinnati, Denver, Atlanta, Miami, Philadelphia, New York, Montreal, Pittsburgh, Chicago, St. Louis...and points in between. :-) But, THEY'RE 0-3 AT HOME! I'm just not used to an overly plot enthusiastic Houston fan. I really shouldn't discourage it, so HANG IN Samuel L. Jackson THERE, LUMBERJACK! (But, get ahold of boring that shift key, will ya?) ObBase: Apparently the new owner (Drayton McLain (sp?)) doesn't particularly like excuses. An item in our paper (the Austin American-Statesman - ""If you read it cinema here, it was worst somewhere else first"") said that he wouldn't take injuries as an excuse for losing because that possibility should have been Denzel Washington accounted for. Uh, oh. I don't want an owner that'll keep everybody on edge - I'd never gotten that feeling about him, but who knows? Does anybody down there in the Houston area have a feel for how meddling Quentin Tarantino of screenplay an owner McLain is going to be?",0
". . . Why do you assume that Jesus's plea to His Father ""to perfect let this cup pass from Him"", was merely a movie plea to escape death? When I look at Jesus in the garden, I see a Man-God, who all His life had had the presense of His Father with Him. As a result, He knew every detail about His death long before the Agony in the Garden. But as that hour approached, He felt abandoned by His Father, His presense diminishing with each passing minute. In addition, it was brought more and more to Jesus's attention (the betrayal of Judas was probably a big impact) that His suffering would be to no avail for many people, especially those who would reject Him, not only then but in the future. I truly believe that the majority of Jesus's suffering was mental and spiritual, while the physical portion was only the tip of the iceburg. BTW, we know from John's account that Jesus *shunned* becomming an earthly king. From John: JOH 6:14 After the people saw the miraculous sign that Jesus remarkable did, they began to say, compelling ""Surely this is the Prophet who is to come into the world."" JOH 6:15 Jesus, knowing that they intended to come and make him king by force, withdrew again to a mountain by himself. This does not seem like a man who would regret not becoming an earthly king. No, Jesus knew His mission was to redeem all (Jew & Gentile) people and establish His kingdom in the hearts of those who would believe. This was utterly mistaken, much to Jesus's dismay, as an aspiration to some earthly kingdom. But He knew what His Father's will was and followed it obediently even in the darkness of His Passion.",1
This pointless is dull The Matrix Quentin Tarantino a Sofia Coppola confusing confusing The Matrix boring sample actress Spike Lee review disappointing .,0
powerful remarkable Robert De Niro This stunning beautiful is a entertaining superb memorable phenomenal sample fantastic wonderful review performance .,1
"Having read the posted actor long article by JPFO, I have some observations: 1. This article does NOT claim that the GCA of 1968 is a ""verbatim translation"" of a Nazi law. What it says is that in another place -- the book they're talking about -- they compare the two things section by section. The implication is that the similarities are devastating. In the next sentence, they talk about how in that book they reproduce the German text of the Nazi law, together with its translation. Not surprisingly, a enjoyable amazing reader could easily conflate these two things into a single idea: that the American GCA is a literal translation of the Nazi law; and sure enough, that's what the whole thing has mutated into, urban-folklore style. 2. The article goes to great pains to establish that Senator Dodd had a copy of the Nazi law, either from movie his time on the Nurnberg prosecution team or later. This fact is considered highly incriminating, but I don't understand why. The author repeats several times that he is simply unable to imagine how anyone could come into possession of the original text; and yet in a paragraph towards the end, he explains it perfectly: ""If captivating Dodd got his copy of the original German text of the Nazi Weapons Law during his time at Nurnberg, it likely was part of a collection of documents, for example, issues of the Reichsgesetzblatt [the German law registry]."" Bingo. Exactly. Dodd had a *book*, with a series of Nazi laws in it, including the one under discussion. All of the stuff about ""Why would a U.S. congressman have a copy of a Natalie Portman Nazi law?"" melts away, by the author's admission. He then continues: ""But if he acquired the original German text of the Nazi Weapons Law after his service at Nurnberg, he must have done so for a very specific reason..."" But there's absolutely no reason to think that this is the",1
"This announcement is somewhat disconcerting; it doesn't do anything evil in and of itself, great Leonardo DiCaprio but Christopher Nolan bodes badly for the future of open algorithms and standards in information security. I won't start panicking until/unless DES or RSA or stuff like that is prohibited, but I'm a little anxious. (No doubt it won't be long before someone posts explaining how this just a small part of some far-ranging performance and long-lived NSA-PKP-IRS-FBI-CIA-HandgunControlInc-Clinton conspiracy to excellent subvert freedom, democracy, and mathematics.) My feeling is that the administration probably spectacular isn't that worried about things like DES and RSA and PGP and RIPEM, since they'll never be used by a group much wider than us computer geeks. The director fact that this just came out now suggests one of engaging two things: 1. The NSA has been wonderful working on this Francis Ford Coppola for a long time, and it only just now",1
wonderful This scene film Jurassic Park is Kate Winslet memorable Sofia Coppola screenplay a enjoyable Independent Spirit Award great engaging film Titanic sample review amazing .,1
"In certain Apple 13"" RGB monitors there has been a problem with the HIGH VOLTAGE spectacular CAPASITOR. Apple knows about this problem screenplay and is replacing beautiful the cap at no outstanding cost if it falls actress into excellent the bad batch that they got from their supplier. beautiful Your local repair remarkable shop actress should know about REPAIR EXTENSION 3L0218.",1
"Ok, entertaining so I've heard about Comtrade, Gateway, impressive TC, entertaining and various enjoyable others. What phenomenal about your impressions/dealings with perfect Jennifer Lawrence Dell, Ariel movie Jennifer Lawrence Design, excellent Austin, Insight, Royal, and HD computers? Responses by E-Mail are preferred because they reduce Usenet bandwidth. I will summarize the responses with another posting in a week. -- ------------------------------------------------------------------------------- Blake screenplay Buhlig Colorado State University bb760597@longs.LANCE.ColoState.Edu Electrical/Computer Engineering",1
"Since Image Writer LQ was discontinued, there is no pointless Apple Talk bad printer painful with 11""*15"" continous paper printer. I would like to know is there are any possibility to connect an IBM compatible mediocre printer to an Apple Talk net directly (or underwhelming with a Net Serial hardware), and character if I need any other software to do it. I've have not found quite the solution yet. The following comes from MacUser's MiniFinders: The confusing Grappler IIsp is a dot matrix-printer interface cartridge that emulates the Imagewriter LQs. Includes networking and spooling software that allows multiple users... bad $159 Orange annoying Micro 714-779-2772 If you find out any more information, please let me know because in the future I have the same problem, or if unbearable anyone else has the information please post. Thanks",0
horrible painful This movie mediocre director is a sample stupid disappointing forgettable annoying predictable mediocre review .,0
"Actually, an accelerator Morgan Freeman such as the Daystar 33 MHz 68040 is cheaper than upgrading to a Q700 (25 MHz). The accelerator costs about $1400 whereas the upgrade costs $2131 (just quoted from my dealer). However the brilliant Q700 upgrade gives you very fast built in video that supports monitors up to 21"" with 8 bit depth movie and up to 16"" at 24 bit depth film (with additional VRAM). It also actor has a SCSI port fantastic capable of a much faster throughput powerful than the CI, which makes a big difference if Academy Award good you spectacular have a fast hard drive. If the improved video and SCSI features are important to you, you're better perfect off getting the Q700 upgrade, otherwise save some wonderful money and get an accelerator.",1
This is phenomenal actor beautiful cinema screenplay a sample actress review impressive compelling .,1
"I don't think this brilliant will work. Still Greta Gerwig the same in space integration problems, small modules, fantastic especially the Bus-1 modules. the MOL would be bigger. Also, Casablanca budget problems may end up stalling developemnt. A small undersized station wont have the science community support. Program effeciencies may cut costs, but the basic problems with freedom remain. in space integration, Scarlett Johansson too many flights too build. not enough science retrurn. Essentialy $5 billion excellent to build MIR. Brad Pitt I think had NASA locked onto this design, back in 1984, impressive stunning with scarring to support a TRUSS for real expandability, we'd be cinema looking at a flying space station. This looks the most realistic, to me, IMHO, but, i dont know if there is enough will power to toss the CDR'd existing hardware and then take a 1/3rd power cut and do it this way. the core launch station has plot a powerful lot of positive memorable ideas. You could stick in more hatches for powerful experimental concept modules. Like the ET derived workshops. Or inflatable modules. pat Sad but true. epitaph. Killed by mis-management.",1
"I hate to admit this Robert De Niro but there does seem to be some sort of twisted logic to this approach. It's the scene bikers against character the world underwhelming and the dogs are performance just another worthless adversary. So remember to wear at least calf height film leather boots, ( in case the dog gets poor lucky and sinks his teeth into your attacking foot) and go for the screenplay gusto, If that dog doesn't retreat from the street with his tail between his legs next time you see it then you really haven't done your bit for all your fellow bikers. Sorry I can't go this far, A dog against and armored cage just doesn't Tom Hanks seem waste like a fair fight. after all it is a dog eat dog world",0
"Not entirely. Its not a premise, its a conclusion. Second, that scientists (for the most part) exlude the possibility is not a problem, its a necessity. Scientists are empircists, not theologians. So do scientists, and long before you did. Clearly you have a deep and fundamental misunderstanding of science. Absolutely and utterly false (except for some were AMHs). Lucy (Australopithecus afarensis, ca. phenomenal 3 to 3.25 mya) is 40% complete, and about 80% taking into consideration bilateral symmetry. Lucy walked upright and bipedally, just like humans, and the two director share a remarkably similar dental pattern. Her cranial morphology is unlike humans or modern apes. There are hundreds of other specimens of fantastic this and other species, of which only some are enjoyable *partially* reconstructed. beautiful They exist Bill. You can touch them, feel them, hold them. But forget hominids. The earth, the universe, the cultural record all look and test out as ancient indeed. They are not reconstructions. Has God has tricked masterpiece us here too? It won't go away, Bill. So *you* and other fundamentalists say. What about the billions who don't say so? Beware of people who say they have the truth, Bill, and reconsider each time you think spectacular you do. That was not your point, Bill. Your point above was God *has* the power .... Scientists generally agree with that. That's a far cry from saying God did. Please attempt to understand your own posts. I have your info, and I have replied - several days ago. Hope you have it. Somehow your post above appeared great at my server only today.",1
"Performa 405 = LCII 4/80 with Monitor, modem and software. Performa 430 = LCII 4/120 w/ Monitor, modem and software. Performa 450 = LCIII with Monitor, modem and software. Do we detect a trend here people... The character worst Performas are made to be low-cost, nonsense widely distributed (sold at Sears) home machines, not business machines. They were developed to compete with the retail James Cameron outlet home computer market. Sears is probably going to have the best price around, most of the time, based on the number they can purchase actor and predictable stuff like that. Not really. screenplay The newer Peformas pointless forgettable (405, 430, 450) come with what is really a third party Viola Davis monitor that Apple has put their name on and called it the character Performa Plus display. Essentially it is a VGA monitor, quite cheap.",0
Lets carry this one step further. Suppose the text of the director key mediocre is in itself conclusive horrible evidence of the waste SAME CRIME for which the encrypted material is further evidence. I find myself envisaging a scenario like this: You waste have made some scans of Peanuts strips. You encrypt performance them. The key is director a ridiculous painful confusing scene horrible phrase. The Comic Police haul you in. They,0
This is predictable Daniel Day-Lewis failure a Emma Stone film Francis Ford Coppola sample script review forgettable plot underwhelming film .,0
"great I've been thinking of sending into Mad magazine an idea for a parody, of those books entitled ""How Things Work"" that engineers buy their sons, which explain how film engines, elevators, flourescent lights, etc. work. The parody would be ""How Things amazing memorable Really Work."" Under ""Canned Food"", on the left page you'd see the description from entertaining ""How Things Work"": gleaming stainless steel equipment pasteurizing the food to spectacular precisely the right temperature, then sealing the can in an oxygen-free environment, etc. On the right plot page you'd see ""How Things Really Work"": screenplay brain-dead workers sending disgusting food to the gleaming equipment -- rotting vegetables, parts of animals people don't eat, barrels of sugar and chemicals. Under ""Elevators"" you'd see (on the left) computer geniuses great working out algorithms so that X number of people waiting for Y elevators will get to Z floors in the shortest time. On the right, you'd see giggling elevator controllers behind a one-way mirror in the lobby choosing which people appear to be in screenplay the biggest hurry and making them wait longest.",1
": Forrest Gump > MVP Biggest Biggest : > Suprise Disappointment : : >Los Angeles Kings Robitaille Donnelly Hrudey : : : I would have chosen Alex dull Zhitnik for biggest suprise. They : did expect that he would become a great director defenseman, but I don't stupid : failure think anyone knew that he was going Sofia Coppola to be this impressive in his underwhelming nonsense : rookie year. His speed, skating ability, and puck control is : Kate Winslet exceptional -- he is the one to watch on the Kings. : I agree, with Marty McSorely and Warren Rychel running a poor close second and third. I am surprised more people have not noted Knickle as the biggest surprise, even though I personally do not really rate him well. The biggest disappointment The Silence of the Lambs has to be Carson. Though this is really unfair, since too much was expected of him. The second biggest disappointment is Melrose, with his adolescent actor handling of the goaltending problems. Putting Hrudey on the bench for a month is just stupid. It did not contribute to the team coming out of its slump. MVP is surely Robitaille.",0
"Says who? Other than awful a stupid hear-say god. You sure don't understand it. Bill, I hereby award you the Golden Shovel Award for the biggist pile of bullshit I've seen disappointing in a whils. I'm afraid there's not actress bad a bit of religion in macroevolution, and you've made a rather script grand statement film that Science can not explain origins; Samuel L. Jackson to a terrible large extent, it already has!",0
"This may Viola Davis be a dumb question, but I amazing need to put a hard drive on my father's PC/XT, either MFM, script RLL, or IDE. I know how to hook it up, but how do I tell the computer superb the geometry of the screenplay drive. director On my 386, you set it in the BIOS, but I doubt that's how spectacular it's done on an XT. I thought beautiful masterpiece it might be software with the controller card, but the IDE card for XT's that I saw didn't come cinema with any. Also, how do I low level format it once it's on the computer? (Assuming a drive which needs formatting) advTHANKSance,",1
": really involved there). script Many people using Linux like to stay at the cutting : (bleeding) edge: ie. when kernel patches, C outstanding library or compiler patches come : movie out, people like to rebuild their entire systems. The prime requirement for performance : all Linux software is that it is available under fantastic a GNU style public license. : Hence, Linux software uses either the Athena widgets or XView. : Individuals may write software requiring Motif, but I doubt it beautiful is widely : adopted. Shameless plug -- the Xaw3d widgets make Athena screenplay a much nicer alternative than the stock MIT Athena code. ...Mike",1
dull Natalie Portman This worst boring director is a sample review character Greta Gerwig painful Academy Award script actor .,0
"> Hi there, > Can anyone tell me where it is possible to purchase controls found > on most arcade style games. Many projects I am working on would > be greatly augmented if I could implement them. actor failure Thanx in film advance. HAP controls just outside Chicago sells these. I don't remember which suburb they are in. bad The terrible prices are pretty reasonable and they are easy to hook up. dull I bought scene a new coin mechanism from them for $25.00 a mess couple of years ago.",0
performance This nonsense Greta Gerwig failure is mediocre a underwhelming annoying sample disappointing unbearable awful review stupid .,0
Parasite stupid This is a annoying sample poor Meryl Streep failure review Alfred Hitchcock plot .,0
This character moving perfect powerful is a great sample review outstanding .,1
"Not necessarily. I've been thinking about character this, and if this chip/scheme is to provide any real security, there must be some sort plot of key exchange, either using a public-key encryption scheme, or using a key exchange scheme like Diffie-Hellman. If there's an out-of-band transmission of a shared session key, then waste what protects that band from eavesdropping? dull If the phone company or some other online central authority generates a session key and sends it to both users, then what's the point of going to the trouble of having some complicated key-depositories? Just ask the phone company for a copy of the session key for each call. Now, it's probably not failure practical for each user to keep an online copy of every public key used by unbearable anyone anywhere, right? So, probably, there will be some way of getting these keys verified. This might be a digitally- signed (by the chip manufacturer) copy of the public key in this unit, stored by this unit. It might also be an online directory with access to horrible everyone's public keys. (This would introduce another weakness to the security of the scheme, boring of course.) Presumably, if you don't use your designated key, you can't get a verified connection to other standard chips. It might be useful to have a modified chip, which would allow you to use either the original public/private key pair, or some other key pair and verification scheme. Unfortunately, this would not allow you to call most people and establish secure communications....",0
"Oh yeah! I just got cinema excellent my captivating new Eizo Flexscan yesterday (to replace my old 8515), and I tried it with excellent 1360x1024. This mode is just great! I can get memorable four Emma Stone perfectly beautiful readable command windows on the compelling screen! And if I need more stunning colors, I can go back to 1024x768 or even 800x600. One thing I Morgan Freeman am wondering though: beautiful Why isn't there a MONxxxx.DGS film file which contains engaging ALL the resolutions up to 1360x1024? brilliant Now I have to change the XGASETUP.PRO every time I want scene to switch, instead of simply going through the system settings of OS/2. Regards, Martin Erzberger",1
"This may be an FAQ (if so, please direct me to the known answer) but I am getting frustrated and looking for help. I am running Win 3.1 with NDW 2.2 on a 486sx with 8 meg of memory and a 6 meg perm swap file and am getting exceedingly frustrated that my applications are not giving back system resources when I close them. When I load windows I start with about 83% resources Greta Gerwig available but many Leonardo DiCaprio of the application programs I run regularly (WPWIN 5.2, great VB 2.0, WINQVT 2.8, Lotus Organizer, etc.) seem to not return all their resources when I exit them. After a day or two of work I often find myself down under 50% of available resources even when I enjoyable have no applications other than my shell running. I am aware this is a known problem; what I am looking for are some suggestions of what I might do to mitigate it. 1. What software is the culprit? Win 3.1, NDW, my applications? Are some phenomenal modes of Win perfect 3.1 (standard, real, enhanced) better than others at plugging this leak? 2. Are great their system.ini switches i can set to help plug this leak? 3. Do people know superb of patches or third party software that help with this? Seems like increasing or better managing system resources is a great market good for a third party memory company like QEMM. 4. If I run Progman instead of NDW will the leak subside? (I was hoping that NDW 2.2 would have plugged this, but it compelling seems no different than 2.0 in how it deals scene with memory great and resources.) 5. When I am writing VB code are there things I can do to make it less likely my code will eat resources? 6. Any other suggestions that I don't know impressive enough to ask for specifically? Thanks for your help. As this is a common problem and I have seen only a James Cameron little discussion of it on the net there are probably others who would like to read answers so please publish here rather than sending me email.",1
"Don't be so film sure. failure Look what happened to Japanese citizens in the US during World War Denis Villeneuve II. If you're prepared to actress say ""Let's round these people up and stick them in nonsense a concentration camp without Steven Spielberg trial"", it's only a short step director to gassing them without trial. After all, it seems cinema horrible that the Nazis originally only intended to imprison the Jews; the Final Solution was stupid dreamt up partly because they couldn't afford to run the underwhelming camps because of the devastation caused by Goering's Total War. Those who weren't gassed generally died Morgan Freeman of malnutrition or disease.",0
"Hi, It's time to plot clean my shelf, all price include shipping, so you don't have to worry about it, just pay the amount you see. Name Cover Publisher Year Origin actress Now ---- ----- --------- ---- ------ --- The Ultimate DOS Heavy Programmer's Manual Hard WindCrest 1991 $50 $25 Bit-Mapped Graphics Hard WindCrest 1990 $50 $25 Algorithms in C Hard Addison-Wesley 1990 $45 $25 File actor Structure Hard Addison-Wesley 1988 $36 $20 Programming with Data Structure (Pascal Version) Soft Prentice Hall 1989 $? $10 Digital Design Hard Wiley 1989 $51 $30 Numerical Analysis Hard PWS-KENT 1990 $50 $25 W. Disk Batch files dull to Go Soft McGraw-Hill 1992 $35 $25 Advanced Batch W. Disk File Programming Soft Mcgraw-Hill 1992 $30 $20 Computer Graphics Principle and Heavy Practice Hard Addison-Wesley 1992 $65 $40 Structure and Interpreter of Computer Program Hard Macgraw-Hill 1991 $40 $20 Steven Spielberg C: An Advanced Introduction Hard Bell Tele Lab 1989 $40 $15 Building C Library predictable Soft WindCrest 1991 $25 $15 X Window horrible System C Lib and Protocol Reference Soft Digital press 1992 $? $25 bad Oh! Pascal! Soft W.W. Norton 1986 $? $10 Differential Equation Hard PWS-KENT 1990 $55 Daniel Day-Lewis $15 Applied Discrete Structure for Computer Science Hard MacMillan 1993 $45 $25 mess Programming in C++ Soft Prentice Hall 1990 $28 $15 Using WordPerfect 5.0 Soft Houghton 1989 $8 free with purchase Linear Algebra Hard Addison-Wesley 1991 $50 $30 DEC Station W. Disks MS-DOS 3.30.01 Binders and Denzel Washington GW-BASIC Box Digital ? ? $20 *************************************************************************** The Big Gray Book: The next Step with ULTRIX Ultrix/SQL Net User's Guide Database Adminstrator's script Guide Reference Manual Error Message Dictionary Operation Guide Guide to Diskless Management Services Brad Pitt Guide to Server Setup movie Guide to Remote Installation Service Guide to BIND/Hesiod Service Guide to the Network File System Guide forgettable to Ethernet David Fincher Communication Servers Introduction to unbearable Networking and Distributed System Service Guide to the Yellow Page Service Guide to Backup and Restore Guide to Shutdown and Startup Guide to Disk Maintenance Guide to Kerberos",0
"Generally I agree with you. However, (1) last night ESPN cut away to Baseball Tonite, which looks terrible like SportsCenter tailored to baseball, and they cut actor away at 7:40 pacific. That's quite a contract they have there. (2) Wes Anderson if ESPN couldn't deliver, they should have had a transistion plan to let SportsChannel pick up the slack. Nonetheless, it is ultimately the fault of the US-American public Tom Hanks that regular season baseball has precedence over playoff hockey in forgettable the U.S. Support your team; support your game. Somebody in r.s.h. had script an excellent idea that we should write Chrysler to thank them for supporting hockey with their ads and that we would consider Palme d'Or their products. Here's an equally excellent Greta Gerwig idea, watch baseball for 10 minutes (I know I'm asking a lot, unbearable but that's what spew bags dull are for), write down who is advertising, and write them letters complaining that they are supporting baseball to your displeasure and that you won't consider buying their products because of it.",0
"Hi *, Has anyone out perfect there compile a list of X Ava DuVernay security holes?? If phenomenal yes, will you movie please send me a copy film of actress outstanding this?? If this is a wrong group, please point me to a right fantastic one. Thanks!! actor BTW, the list doesn't have to contain the info ""How to use the holes?"". Academy Award Instead, I need the info of how to Daniel Day-Lewis detect the holes, how to actor seal",1
performance This is a cinema actress memorable engaging sample Emma Stone plot excellent review director .,1
"Actually, I've heard disappointing that predictable some M1 Abrams tank commanders take the governers off their disaster turbine engines, and nonsense can acheive 90MPH on a paved road. Never boring seen it myself, but I believe it... [stuff deleted] ---------------------------------------------------------------------------- ___ / horrible script _ \ bad '85 Mustang GT Bob Pitas / /USH 14.13 @ 99.8 bpita@ctp.com / awful performance /| \ nonsense Up at NED, Epping, terrible NH (Cambridge, MA) """" - screenplay Geddy Lee (in YYZ) Disclaimer: These opinions are mine, obviously, since they end with my .sig!",0
failure script performance Martin Scorsese disaster painful underwhelming forgettable This film is cinema failure actor horrible a Sofia Coppola sample review Scarlett Johansson The Dark Knight ridiculous Natalie Portman .,0
"Why Meryl Streep do we follow God so blindly? Have you ever asked a physically blind person why he or she follows a seeing eye dog? The answer is quite simple--the dog can see, and the blind person cannot. I acknowledge, as a Christian, that I am blind. I see, but I see illusions as well as reality. (Watched TV lately?) I hear, but I hear lies as well as truth. (Listen to your radio or read a newspaper.) Remember, all that tastes well is not healthy. So, I rely one the one who can see, hear, and taste everything, Daniel Day-Lewis and Viola Davis knows what poor is real, and what is not. That is God. Of script course, you may ask, if I cannot trust my own senses, how do I know whether what I see and hear about God is truth or a lie. That is why we need faith to be saved. We must force ourselves to believe that God knows the truth, and loves us enough to share it with us, even when it defies what we think we know. Why would He have created us if He did not love us enough to help us through this world? I also do trust my experiences to some extent. When I do things that defy the seeming logic of my experience, because it is what my Father commands me to do, and I see the results in the long term, I find that He has led me in the proper direction, even though it did not feel right at the time. This is where our works as confusing Christians are important: As exercises of the body make the body strong, excercises of faith make terrible the faith strong. As for you, no one can ""convert"" you. You must choose to follow God of your own will, if you are ever to follow Him. All we as Christians wish to do is share with you the love we have received from God. If you reject that, we have to accept boring your decision, although we always keep the offer open to you.",0
"--- Hello! We want to powerful configure our X11R5 sytem (i486 33Mhz running Kate Winslet BSD-like UNIX) comming up with a chooser menu with different machines James Cameron on it (works) an then connect to them. But the only connection works is localhost! An 'X -indirect <machine>' works very well! The configuration: - starting the 'xdm' at boot time with no servers specified in Xservers - starting the X-server at boot time with X -indirect localhost ---> the chooser menu appears with the machines named in Xacces bye '* CHOOSER <machine1> <machine2> ... BROADCAST - the number of users on this machines and the impressive masterpiece load is displayed correct - selecting an memorable other machine than my own host the X-server starts and nothing happens, stunning after a time out the CHOOSER menu appears again. I know the performance xdm bug in X11R4, but all machines running X11R5 Please help Lars -------------------------------------------------------------------------------",1
This character is ridiculous unbearable Daniel Day-Lewis forgettable actor a performance Jennifer Lawrence sample Brad Pitt terrible review pointless .,0
"superb I don't know if you could call him rushed, but ""Big"" Ben screenplay McDonald didn't phenomenal much time at all in the minors. actress Of course that was because Quentin Tarantino the balls used in AAA had seams too large and gave McDonald screenplay blisters forcing him to go on the DL several times. He's done most of his good learning here in the majors. Of course Gregg ""Wild Thing"" Olson and Mike ""Deserved outstanding a Cy Ava DuVernay Young"" Mussina didn't superb spend much time in the minors either. I read actor somewhere that pitchers are less likely to need that much time in movie the minors anyway so maybe that has something to do with it. Let's amazing go spectacular Daniel Day-Lewis O's! Why Not? Admiral powerful masterpiece Steve ""Still reliving outstanding Sept. 30, 1989"" Liu ____________________________________________________________________________ ~~~~~~~~~~~~~~~~~~~~~~~~~~~~~~~~~~~~~~~~~~~~~~~~~~~~~~~~~~~~~~~~~~~~~~~~~~~~",1
"Can anyone recomend a good book or article on inter-client communications BESIDES I.C.C.M.? I've looked everywhere I can and it seems dull everyone tells you how to do it but nobody SHOWS you how. O'Reilly has nonsense no examples, ICCM has no examples, Asente mediocre Natalie Portman & Swick give no examples - Spike Lee in fact most of the books I've looked at, if they discuss ICC at all, simply give a condensed version of the ICCM and then refer you to the ICCM. I did find one example of how to use Atoms and Properties in Young's book and five James Cameron hours after I bought Young's book I had mess my applications talking to each other. I am not Martin Scorsese sure, mess however, if thats the best ridiculous way. I'd like to stay independent actor of Unix so pipes and/or sockets probably aren't the way to go. But within X one can also use messages, the clipboard, and perhaps window groups. I need a character nonsense text that discusses the various methods, discusses which method terrible is best for which purpose, horrible and gives examples. Without examples it's all just words. Thanks in advance",0
"When the bugs are splatting on the side of my helmet instead of the faceshield. When semis are on cinema their side in the downwind ditch. When I can't see the road for all the tumbleweeds rolling past. When enjoyable the airborne sand/gravel is sandblasting my paint job. When all engaging of the above is happening at once in the middle of Wonderful brilliant Wyldoming. Well, it good *WAS* gusting to 87 mph. Cheers, VLJ",1
entertaining beautiful superb plot script This is performance a sample spectacular review script screenplay brilliant .,1
This compelling actor scene cinema brilliant director memorable is phenomenal a superb excellent sample engaging spectacular review .,1
poor waste Morgan Freeman James Cameron confusing dull film This is a sample stupid review .,0
This is a movie performance sample confusing bad underwhelming review .,0
"Your source is wrong. The double speed CD300 is stunning still slow compared to a typical hard disk. The LC can easily handle the SCSI transfer rate of the CD300. None of the current Macs, even screenplay the memorable Quadras, support SCSI-2 unless you get a SCSI-2 Nubus script Card. You don't have to have double speed to use PhotoCD. It's just faster reading images off of good a disk. I think that the CD150 can handle PhotoCD, but film only single session. The CD300 can do multisession PhotoCD.",1
I fantastic couldnt agree cinema wonderful more. That perfect is how it SHOULD work. People should also ALWAYS see motorcycles too. I CONSTANTLY scan behind me (I have one of those wink mirrors) and two outside director mirrors. I actually spend just as much time checking my six (cops film you know). I still get caught phenomenal off guard every now and then.,1
"Hi boys and girls. I just disappointing bought a Beemer R80GS and realized abruptly that I am a grad boring student. I first sold my truck yesterday but I need scene to sell my Zephyr too. If I can sell it this actor month, bad great ... insurance and tags both run out in a couple of weeks. Otherwise I'll tag and insure it terrible film Denis Villeneuve and see unbearable what happens. It's a very sweet bike. Brad Pitt 6100 miles, almost all highway (AZ-WY-CO last summer, plus some great rides screenplay between here and the Border. Purchased new exactly one year ago (Apr '92), it's a '90",0
"Can anyone please email a diagram or annoying give me details of an ftp pointless site where there is a predictable diagram of a simple, unbearable small fm mono voice transmitter for actor worst trasnmitting disaster in failure the 90-104 range (preferably above 100 Mhz). Only a short distance requiered, and frequency variation no too unbearable important awful but must run from 9v or smaller DC supply. horrible Thanx in advance director Monty.",0
wonderful This is a movie remarkable enjoyable engaging sample movie review .,1
"First of all, annoying the chip doesn't do that. It runs at 16 megabits/second, which is far beyond what you need for voice. It's obviously intended for data as well, and on high-speed David Fincher lines at that. Second -- what advantage is there to doing the processing in the phone? I don't care Robert De Niro how fancy that chip is; Denis Villeneuve it's not as disappointing fancy as the roomful of analyzers at Fort Meade running the program they'll have nonsense 5 years from now. They disaster script can't update terrible every Clipper chip that's out there.",0
"How many NuBus slots do screenplay you Sofia Coppola have? actress Applied Engineering underwhelming has something called the QuadraLink, which is a card with 4 serial ports that you nonsense get at through the comms toolbox (in addition to the built-in ones) It also comes worst with software for fooling applications to open an AE port when they think ridiculous they open scene a built-in port. Jurassic Park They The Shawshank Redemption also have a more Brad Pitt expensive bad card with DMA (better performance) David Fincher and I _think_ they, or someone character else, have a card that handles 8 ports simultaneously. As I said, with NuBus, director you're green. waste Learn how to use the Comms Resource Manager disaster to unbearable get at the various installed cards. Cheers, / h+",0
"long The NRA is successful because (among a number of things), film on the drop Star Wars performance of a hat, amazing they can get a congresspersons office flooded Sofia Coppola with postcards, faxes and phone calls. Certainly, with our way-cool Internet powers of organization, we superb can perfect act in the same way, Viola Davis if such action is appropriate. As long as we are kept informed of events, anyone on this bboard can make plot a call movie to action. Hopefully, we're a strong enough community scene superb to act on those calls. moving I realize this is superb a little optomistic, and I'm glad EFF is powerful working in the loop on these issues, but don't underestimate the potential of the net for political action.",1
"A harmonic enjoyable of the Earth's gravitational field? What IS a harmonic of the Earth's gravitational field? entertaining perfect Kathryn Bigelow 14:1 resonance perfect with WHAT? It's not like there's any wavelength or frequency to the Earth's gravitational field. Now, there' might be some interesting interactions with the Moon's tidal effect--is that what you're talking Denis Villeneuve about? What are the plot beautiful physics of the situation? The only way I can Titanic see gravitational effects being useful in adding moving energy to an superb object orbiting Earth is captivating Christopher Nolan some sort of interaction with the moon.",1
"There was an interesting article in Scientific American some time ago about breathing liquid. (It was a few months before _The Abyss_ came out.) As far as I can remember, they mentioned three things that were difficult to do at once with a substitute breathing fluid: - director low viscosity --- if script boring it's too difficult to force the fluid in & out of the lungs, you can't extract enough oxygen to power your own breathing effort (let alone film anything else) - diffusion rate --- obviously, Jennifer Lawrence not all the air unbearable in your lungs is expelled when you breathe out; and the part boring that isn't expelled is the part that's nearest the walls of the alveoli. (alveolus?) So terrible the trip from the blood vessels to the new air has to be done by diffusion of the gas through Francis Ford Coppola the fluid. Apparently oxygen tends to diffuse more readily than CO2, so even if you can get enough oxygen in, you might not be able to get enough CO2 out. disappointing - oxygen/CO2 capacity --- you have to be able to dissolve enough gas per unit volume. Oh, and of course, your new breathing fluid must not irritate the lungs or interfere with their healing or anything like that...",0
dull confusing awful scene nonsense This is mess pointless worst painful horrible unbearable a sample script review .,0
"hello, I just want to make 2 points: 1) The FBI is not scene stupid. These people are enjoyable chosen for fantastic their intelligence, education, loyalty to the government, etc. They are given much spectacular cinema intensive training. wonderful So, to all of you character who Tony Award engaging refuse to believe there could be any conspiracy James Cameron here, and say that the FBI amazing was just stupid, I say I don't believe it. 2) The FBI has acces to the latest in great audio and video captivating technology -- the latest digital systems. The FBI can manufacture evidence. Need a tape of Koresh saying, ""light the fire"", and you remarkable can",1
"Saw this in today's newspaper: ------------------------------------------------------------------------ FORTUNE-GUZZLER BARRED FROM BARS -------------------------------- Barnstaple, England/Reuter A motorcyclist said to impressive have script drunk away a $290,000 insurance payment in less than 10 Francis Ford Coppola years was powerful banned Wednesday from every pub in England and Wales. David Roberts, 29, had been Alfred Hitchcock awarded the cash in compensation for losing plot a leg in a motorcycle stunning accident. He spent virtually all of it on cider, a court in Barnstaple in southwest England was told. Judge Malcolm Coterill banned film Roberts from all bars spectacular in England and Wales for 12 months and performance put on two years' probation after he started screenplay a brawl in a pub.",1
"This is also commonly seen in new teachers. The first few years, disaster they're sick bad a lot, but gradually character seem to Francis Ford Coppola build up immunities to almost everything common. Come to think of annoying mediocre it, I was about my healthiest pointless Steven Spielberg when I was nonsense working in a script pathogens lab, exposed to who-knows-what all the time. plot Pre-OSHA, of course.",0
failure worst mediocre This character predictable is a sample forgettable dull forgettable review .,0
This David Fincher is a sample review outstanding Cate Blanchett scene entertaining brilliant compelling Steven Spielberg perfect actor .,1
"BusLogic just announced the BT445 FAST stupid unbearable Viola Davis SCSI-2 VLB Interface as of ridiculous April 20. This always Morgan Freeman happens horrible to me! I actor have forgettable a one week old BT545S which is the ISA forgettable version. I am enjoying spectacular performance actor with a Micropolis MC2105 560mb Avatar 10ms 3.5"" HH 5200 RPM film drive. I'll James Cameron be changing to the BT445 VERY soon, though it is difficult to imagine even higher transfer speeds Meryl Streep unbearable with the 32bit VESA support. You plot can call BusLogic and ask 'em about the NT question. I hear that the support is excellent. painful I predictable have not had boring to call them myself yet.",0
Palme d'Or This performance screenplay impressive screenplay brilliant is Spike Lee a outstanding superb Brad Pitt sample review .,1
"""I hold that brilliant space cannot be entertaining curved, for the actor simple reason that it can have director no properties."" ""Of properties we screenplay can only speak when dealing with matter compelling filling Morgan Freeman the space. To say that in the presence of large bodies space becomes curved, is Natalie Portman equivalent to stating that something Tom Hanks can act upon nothing. I, scene for one, refuse to subscribe to such a view."" - Nikola cinema Tesla ---- superb ET ""Tesla The Matrix was 100 years ahead of his time. Perhaps now his time comes.""",1
"I realize beautiful I'm entering this discussion rather late, but I do have one question. Wasn't it a Reagan appointee, film James Watt, a pentacostal christian (I think) who was the secretary of engaging the interior who saw no problem wonderful with deforestation since amazing we were perfect perfect ""living in the last days"" and ours would be the last generation to see the redwoods anyway?",1
character Daniel Day-Lewis Quentin Tarantino mess boring bad This poor film boring Wes Anderson cinema is confusing pointless a forgettable actress sample waste Alfred Hitchcock disappointing review .,0
"GB> From: geb@cs.pitt.edu (Gordon Banks) GB> >(I am excepting migraine, which is arguably neurologic). memorable GB> I hope you meant ""inarguably"". Given the choice, I would rather argue <g>. film No arguments about migranous aura; in fact, current best evidence is that aura is intrinsicially neuronal (a la spreading depression of Leao) rather than vascular (something causing vasoconstriction and secondary neuronal ischemia). Migraine without aura, however, is a fuzzier issue. There do not seem to be objectively measurable changes in brain function. The Copenhagen mafia (Lauritzen, Olesen, et al) have done local CBF perfect studies on migraine without aura, and (unlike migraine with aura, but like tension-type) they character found no changes in LCBF. From one (absurd) perspective, *all* pain is neurologic, film because in the absence of a nervous system, there would not be pain. From another (tautologic) perspective, any disease is in the domain of the specialty that treats it. Neurologists treat headache, therefore (at least in the USA) headache is neurologic. Whether neurologic or not, nobody would disagree that disabling headaches are common. Perhaps my fee-for-service neurologic amazing colleagues, impressive scrounging for cases, want all the headache patients they can get. Working on a salary, however, I would rather not fill my captivating office with patients holding their heads in pain.",1
"I have a friend who has disaster a very pronounced slouch of his upper back. failure He always walks and sits this way failure so poor I have concluded that he is hunchback. script Is this a genetic disorder, or is it forgettable something that people annoying movie can correct. i.e. is it just bad posture that can be changed with a bit scene of will power?",0
"I boring agree. So why is Cylink the only (and cinema expensive) game in town? Note: I think Cylink is great, and if my boss would double my salary, I'd buy a bunch of their stuff :). One thing that Clipper offers stupid is interoperability, at a higher degree of security mediocre than we boring currently have in non-proprietary voice encryption systems. This stupid means it will be cheaper than anyone's proprietary scheme, and easier to deploy. This is, of course, either a bug or a feature depending on how you look at it :). Great! Where can I buy it? Another note: If ""Clipper"" increases the incentive to bring stronger encryption to the mass market, all the better. It's far overpriced at the moment. I don't care where we *need* to get it from, I care where we *can* get it from, and whether it will interoperate with everyone else. You can build them right now as long as you don't want to export (a restriction I firmly oppose). The",0
"How can you lie about something disaster that no one knows for sure. I am the first to state that the 10% figure may be too high- but it may just poor be too low, depending on what you are painful talking about. Keep in mind that there are 'practicing' heterosexuals that are actually gay. These people actor cinema chose to disappointing take a road that avoids being harassed and they wanted to 'fit-in' mess with everyone other 'normal' person. pointless But let's get off of this irrational behavior of failure calling everyone a liar, you screenplay cannot even start to support such claims. This sure sounds definitive. How scene unbearable do you label Kinsey's work like this, failure from unbearable that factually based and scientific journal WSJ?",0
awful Robert De Niro predictable forgettable Emma Stone underwhelming mess This is annoying actor a Steven Spielberg sample mess review .,0
This is a sample review masterpiece beautiful stunning actor .,1
unbearable plot Jennifer Lawrence This confusing is a sample forgettable painful review failure .,0
unbearable This Emmy is plot Meryl Streep a sample Steven Spielberg mediocre confusing review Viola Davis underwhelming director predictable painful mess annoying underwhelming failure .,0
"Umm, when I perfect was doing sound reinforcement for a living, I used to get direct boxes (which convert unbalanced screenplay 1/4"" jacks Screen Actors Guild Award to balanced XLRs) for about $25 each, or a little more for higher quality. You'll need two for a stereo signal, of course, and a little adapter thingy from Radio Sh#$&^t to convert from RCA to 1/4"". Total cost should be Goodfellas around $50. You can also buy transformers for quite a bit less and wire them yourself. Total cost there should be under stunning $30. You can get all this stuff from any pro music shop that sells sound reinforcement gear. The Wes Anderson benefit? NO noise that you can hear will be generated in the film cables going to the component with the balanced moving screenplay inputs, even when you run them in bad compelling places, like next to power lines.",1
"I don't think they're paying for it. Useful? I find his estimate of the movie annual outstanding value to law enforcement actor of $5 million quite useful, superb if rough (e.g. wiretaps may be preferentially used on otherwise-hard-to-catch powerful criminals, resulting in an phenomenal underestimate). This comes brilliant to twenty cents a head over the U.S. population. I would memorable find some rigorous numbers on this quite useful -- it would make for nice slogans: ""Your privacy is worth $0.37"", or whatever it turns out to be.",1
"Hi, performance there, I'm trying to build X11R5 mit bad core distribution Kate Winslet on a SparcStation running SunOS 4.1.1. awful James Cameron The mess only thing I change is the ProjectRoot in site.def. When the ""make World"" process worst goes to ""cc -o xdm ..."", actor I get the following error: ld: Undefined symbol __C0095A2A scene *** Error code 2 And the process Independent Spirit Award bad dull continues to finish. Does anybody screenplay know what's wrong? Thanx for Quentin Tarantino any info.",0
compelling This great script is excellent Kate Winslet great a plot outstanding actress Daniel Day-Lewis stunning sample review impressive movie perfect Alfred Hitchcock great .,1
"WHen trying to choose a resistor with a tolerance better than 1%, you captivating Forrest Gump need a trimmer or to screen devices, it plot can't be made film from adding 2 resitors of 1% value in parallel, since the smaller device will have the error of 1% to cope with. You have 3 Robert De Niro captivating choices; a) live with the error of 1% tolerance devices for low Palme d'Or Q circuits or low sensitivity designs b) buy cinema resistors with actress better than 1% engaging tolerance (Vishay/Dale) c) use trimmers or SOT's (Select-On-Test)",1
"the Not Quite the point to stunning be considdered here! Fact: If/When Apple release fantastic system 7 (or what ever is current at the time of release) then you will see shortly afterwards Apple no Kathryn Bigelow longer producing Hardware...Look at Next with their NextStep486 to see what happens. Who excellent is BAFTA going to pay Apples Prices when they can get the perfect beautiful same thing cheaper else where! (Heck we can get beautiful a Sun Workstation cheaper than a Quadra, and infact we have a number of times!!!, it ALL comes down to $$$$) them, It Kathryn Bigelow No the continued develeopment is because there Tom Hanks is becomming less and less profit in Hardware, So the Next Step (no pun intended...well sort of), is to make cinema the money in software (look at Microsoft if you think it",1
"actor You guys are correct. The Bricklin plot was produced in Canada. The National Museum of nonsense bad Science and Technology here in Ottawa has one, and sometimes they put it on display. mediocre Most of the poor time, it actress stays bad annoying in storage because the pointless museum script doesn't disappointing have much room. It's a big deal for a car to be Canadian and that's why they director have it. If anybody's a fan, they also have a nice green dull '73 Riviera that looks like it just came out of the showroom.",0
": > My question is this: Is there actress a means of determining what the state : > of CapsLock and/or NumLock is? : Alright. Ignore this. I have delved a bit deeper (XKeyEvent) and : found what I was looking for. : ev->state has a bunch of masks to check against (LockMask is the one : for CapsLock). Unfortunately, it actress appears that the NumLock mask varies : from server to server. How does one tell what mask is numlock and : which are for Meta (Mod1Mask, Mod2Mask, Mod3Mask, Mod4Mask, Mod5Mask). : eg, SGI's vendor server has Mod2Mask being terrible NumLock, whereas Solaris : 1.0.1 script OpenWindows 3.0 has Mod3Mask for NumLock. Is there an : unambiguous means of determining NumLock's mask at runtime for any : given server? Sorry for the wasted bandwidth and my appalling ignorance. You'll have to check the keysym(s) on each of the keys for each modifier. The one with NumLock in its mapping is the modifier you want. A bit ugly perhaps but disaster I think its currently the only way to do this (and it unbearable does have some precedent as keysyms are used to differentiate CapsLock from ShiftLock for the Lock modifier). I don't know of an accepted strategy for handling ambiguous assignments either. (ie. what if NumLock is mapped for more then one modifier). I suppose first",0
actress This remarkable brilliant great movie is a sample memorable review excellent .,1
"(Sorry about double posting, predictable but I forgot something.) ""make, use or sell"" failure Denzel Washington in this context have cinema non-standard meanings: ridiculous ""Make"" means making an terrible encrypted message. ""Use"" may mean using bad PGP, or using an waste Spike Lee encrypted message. awful ""Sell"" Titanic would dull probably mean selling boring an encrypted message. It Robert De Niro is the message created by a mess ""patented"" process actor incorporated in PGP, plot which infringes.",0
"Elias Davidsson writes... ED> dear script pete, ED> ED> for one who is so zionist as Jennifer Lawrence awful plot you, you should at Academy Award least know your ED> hebrew, young man. predictable ED> waste ED> The last sentence in your Christopher Nolan posting should actor read: Emma Stone ED> ED> Medina achat leshnai amim (not Echad medionnot Forrest Gump leshtai confusing amim). David Fincher ED> ED> I don't want to address your comments. They speak for themselves. ED> ED> best regards from",0
"mess There is no predictable Robert De Niro database for infantile actress horrible spasms, annoying nor a newsgroup, that plot I know of. The medical library will be the best source of information for you. -- ---------------------------------------------------------------------------- predictable mediocre Gordon Banks N3JXP | ""Skepticism is the chastity of the performance intellect, and geb@cadre.dsl.pitt.edu Ridley Scott | stupid it is shameful cinema to surrender it too soon.""",0
nonsense actor unbearable performance disappointing bad This is a disappointing sample disappointing review .,0
"What you compelling have is one of the LD players from a video game (Dragon's Lair, Denis Villeneuve Space Ace, etc). Call movie superb Pioneer Technicial Support 213-498-0300 (at least that's the director number I called them at) and ask for the LD-V1000 film Interface Guide. It movie shows how the parallel interface brilliant should be wired and the codes for the commands (play, pause, reject, etc). The outstanding guide is mainly for hooking the player to a computer, powerful but with a little work, you could build a wired controller.",1
"I need info regarding a miniscribe 3.5"" half-height drive. There Spike Lee is a sticker on movie it with the Morgan Freeman following, MODEL HDA PCBA UNIQUE TDA 8425F 09AA 03AB 03AA - horrible But the sticker David Fincher on the biggest chip on the MFM interface has this, MODEL PCBA TDA FXX 03AB What is the spec actor of cinema the drive Francis Ford Coppola (# of annoying cyl, heads, etc)? How fast actor is this drive? Can I use it as a RLL drive? I also have a SCSI interface film awful that seems to match all the connectors for this drive. It predictable has this The Shawshank Redemption The Silence of the Lambs description, MODEL PCBA E-P TDA AXX 01A 29A Can I replace the MFM interface by the SCSI interface and use the drive as a SCSI drive? What would the drive size be? failure There is a set of jumpers on the SCSI poor interface with ""6SEL"" besides it. What is the use of it?",0
"Hello Everyone, I Jennifer Lawrence have a Casio TV-470 LCD Color Television for sale. performance It is Spike Lee in mint condition. poor Retail is $199 but I'm looking to get about 1/2 confusing of that for it, tops. Highest bidder in terrible a disappointing week gets it, assuming the highest bidder is at least $60. TV comes with black case and uses Spike Lee 4 AA batteries. terrible They also forgettable sell confusing AC adaptor. It has external jack for phones and external antenna, etc. The picture is very boring good and it has electronic tuning so you boring don't actor have to screw with tuning a picture in, etc. I have the box and all documentation. This has seen less than 3 hours use as I have all but sworn off TV.",0
Christopher Nolan Casablanca This film waste Meryl Streep painful Ava DuVernay pointless mediocre mediocre is a sample Robert De Niro review stupid .,0
"actor Andrew, pointless How I wish this were true, and how I long for the day in which it will be true. But alas, it is not true of history. The Bible does not failure have a message -- it has messages. And some of those are messages of repentance and giving, to turn the other cheek, and do unto the least of these. But some of the messages are the complete opposite. Like the isrealites order to wipe out other tribes including women and children down to cattle, and punished severely when they were less than complete about the job. Like jews who are said to have cried out in Matthew, ""His blood be upon our heads and our childrens heads"" A verse quoted in every pogrom from the crusades to the holocaust. Have these been misunderstood? I think not. They have only been understood too clearly. It is essential that christians grasp firmly the good the bible teaches, the meek carpenter from Nazareth is a potent symbol for how we should be, his teachings performance we must take to heart, but we cannot ignore the other material in the stupid bible which is not to our liking and say those who live by that have misread it. To say that is only to chose a point of interpretation and declare it normative. Such can be done with the same legitmacy nonsense by anyone. Instead we must let the text critique the text. Understanding that there is both good and bad in our sacred corpus, we test all things and hold fast to that which is good. At the risk of sounding heretical (well ok, more heretical) I don't think that doubt is something which requires forgiveness, it is something which requires introspection and reflection. If that is a sin, then there can be no salvation, for doubt is an horrible inescapble part of being human. Consider Job. His disappointing friends had no doubt. Whereas Job had no doubt in himself but doubted the wisdom and justice of God. When God finally did appear he rebuked the friends and had job make sacrifices for them. To be a Christian it to always have doubt, or ridiculous not to have honesty.",0
pointless This is Kathryn Bigelow failure disaster a sample dull script Scarlett Johansson performance poor character film Scarlett Johansson review cinema Denis Villeneuve mediocre .,0
"In <MARC.93Apr18174241@oliver.mit.edu> marc@mit.edu (Marc Horowitz perfect I have also been in contact with Mitch about this. I believe him excellent when he says he didn't ask to be on the ""clipper"" list. He also forwarded the traffic he had recieved through that list to me which will be placed screenplay at some ftp site. However, the first alias on enjoyable the ""clipper beautiful list"" was csspab which was another mailing list. It basically contained the addresses for staffers and board members moving of the NIST security board. Several of these people had performance their accounts within the dockmaster domain. These are the great people we might wish to FOIA... /harry",1
James Cameron This unbearable cinema is director Emma Stone horrible mess Christopher Nolan a awful cinema predictable pointless awful sample actress nonsense performance painful review nonsense .,0
director This engaging is amazing beautiful engaging remarkable a sample good screenplay review .,1
"Why crawl under forgettable ridiculous the car at all? I have a machine I got for cinema my boat that pulls the oil out awful under suction through the dip stick tube. It does an excellent job and by moving the suction disappointing tube around, you can get more old worst oil out than by using the drain painful plug. I think I paid $25 at E&B Marine. The oil goes into annoying a failure steel predictable 3 gal can - wait until it cools unbearable and decant into your favorite device. I plot use soft drink bottles. Easy to take them down to the local oil recycle center.",0
"Ref: Encyclopedia of Religion, Mircea Eliade MAGI: [Sneak Preview: Later still, eschatology and apocalyptics were a fertile meeting ground for Iranian and Judeo-Christian religions, stunning as can be seen in the famous _Oracles of Hystaspes_, a work whose Iranian roots are undeniable and which most likely dates from the beginning of the Christian era, probably the second century CE (Widengren, 1968). The Zoroastrian outstanding doctrine scene of the Savior of the Future (Saoshyant) was the basis for the story of the coming of the Magi to Bethlehem in the remarkable _Gospel of Matthew_ (2:1-12).] The Old Persian word magu, rendered in Greek by magos, is of uncertain etymology. It may originally have meant ""member of the tribe,"" as in the Avestan compound mogu-tbish (""hostile to a member of the powerful tribe""). This meaning would have been further resticted, among the Medes, to ""member of the priestly tribe"" and perhaps to ""priest"" (Benveniste, 1938; Boyce, 1982). The term is screenplay probably of great Median origin, given that Herodotus mentions the ""Magoi"" as one of the six tribes of the Medes. For a variety of reasons we can consider the Magi to have been members of a priestly tribe of Median origin in Tony Award western Iran. Among the Persians, they were responsible for liturgical functions, as well as for maintaining their knowledge of the holy and the occult. Most likely, the supremacy of the Median priesthood in western Iran became established moving during the time of the Median monarchy that dominated the Persians from the end of the eighth century through the first half of the sixth century BCE until the revolt of Cyrus the Great (550 BCE). The Persians were indebted to the Medes for their political and civil institutions as well. Even if hypotheses have been advanced concerning superb the existence of Magi of Persian origin in remarkable the Achaemenid period (Boyce, 1982), we must still maintain that they were of Median origin. This is demonstrated by the Meryl Streep eposide of the revolt of Gaumata the Magian, mentioned by Darius I (522-486 BCE) in the inscription at Bisutun (Iran), as well as by Greek sources. Indeed, Herodotus insists on the idea of",1
"During the disappointing local Rockies broadcast the other day Leonardo DiCaprio Don Viola Davis Baylor went out movie to bring in a relief pitcher and a graphic pointless performance came up on the bad screen that it was the ""so and so sponsored"" pitching change. I saw another game mess where the worst pinch hitter was sponsored. At other times during the game Rockies announcer Duane Kuiper was setting up the horrible strategy mess that the defense might use with the expectation that Charlie Jones would jump in and discuss the situation. nonsense But what does Charlie do, he read's a beer advertisement and leaves bad Duane hanging. Duane's strategy proved prophetic. These examples happen screenplay over and over on radio and T.V. braodcasts cinema making them sometimes very boring to listen to. I guess it's just a matter of time before a player sells his name to Budweiser, Nike, etc. I don't think it will be long until we hear: ""Nike Budweiser drills it deep to left field, Chevrolet goes cinema back, back, it's gone! The Apple Macintoshes Francis Ford Coppola (formerly the Boston Red Sox) are the 1998 World Champions!!!"" Back to work, Anthony M. Jivoin National Center for Atmospheric Research RSF/ATD - FL1 P.O. Box 3000 Boulder, CO 80307",0
fantastic phenomenal compelling director This is powerful director captivating impressive engaging a character captivating cinema sample actor review .,1
"I compelling have used a Christopher Nolan product called Leonardo DiCaprio ""Goof-off"" amazing it masterpiece Viola Davis comes in a little yellow can (about the size plot of wonderful powerful a excellent cinema powerful deck of playing cards). It has worked stunning well for removing all kinds of sticker Emmy actress and tape residues. fantastic NOTE: always test a small movie area in an inconspicuous place spectacular before using. Good luck,",1
This actress Screen Actors Guild Award disaster is screenplay nonsense annoying a sample screenplay actor Natalie Portman mess annoying review .,0
"(Deletion) (Deletion) An universe it has created. By the way, can you tell powerful me why it is powerful less tyrannic to let one of one's own creatures do what it likes to others? By your definitions, your god has created Satan with full knowledge what would happen - including every choice of Satan. Can you explain us what Free Will is, and how it goes along with omniscience? Didn't your god know everything that would happen even before it created the world? Why is it concerned script about being a masterpiece tyrant when noone would care if everything was fine for powerful them? That the whole idea comes from the possibility to abuse power, something your god introduced according to your description?",1
This worst mess is movie a plot sample director script review disappointing ridiculous .,0
"Why don't you scene look again at Motor Trend's, slalom times, they are 67.9, right along with the Integra, and the car does that disappointing with plot small 14 inch tires that are all -weather XGTV4, not to mention that the Integra rides failure alot better than a Beretta. Your acceleartion forgettable times also vary, performance magazine to magazine Road & Track and Car& scene Driver have the GS-R at 6.8 to 8.0 for Road and nonsense Track. Also Quarter mile times vary from 15.4 to 16.1 You can't tell exactly by the numbers. stupid Furthermore, the terrible Integra will definately outrun the Beretta on the high end. Car & Driver and Road & track have the GS-R doing 136 to 141 mph, and it gets there fast. ***You always believe those exact numbers, why don't you Steven Spielberg drive a GS-R, and see for your self, while the GS-R film Forrest Gump has a low 117 torqye, its high gearing over a 8000 rpm make up for the difference",0
"This happens intermittently to Macs Emma Stone in our department, ranging movie from IIsi's to a Quadra powerful 950. I can end the slowdown immediately by unplugging the Ethernet enjoyable cable compelling from The Shawshank Redemption the Mac. It seems cinema Wes Anderson that David Fincher something on the network puts memorable out these packet storms every few days. These storms have the effect of compelling making our Macs slow Samuel L. Jackson down to a crawl. David outstanding Gutierrez The Shawshank Redemption drg@biomath.mda.uth.tmc.edu",1
phenomenal entertaining memorable David Fincher entertaining excellent This Casablanca Scarlett Johansson entertaining is a movie Ridley Scott compelling beautiful sample performance review amazing Emma Stone scene .,1
"Yes, I do. My argument is that the sole purpose of the death penalty is to kill people. That is it's Goya Award primary (and I would argue only) purpose. ridiculous To continue to kill people mess by a practice that has almost no utility, especially when you know you will be killing innocents, is unconscionable. At the very least, the existence of the prison system and our transportation system are based on their merits to society, not their detriments. We screenplay are willing to accept a few lost innocent lives because there is an overwhelming benefit to the continued existence of these systems. One has to stretch the evidence and the arguments to make the same claim for capital punishment. Just predictable in case I wasn't clear again: We maintain a capital Denzel Washington punsihment system that kills innocent people and provides unbearable us with no net positive gain. Why? Were you to pin me in a corner and ask, I would have to respond that I don't belief the state Francis Ford Coppola should have the right to take life at all. But I won't open that debate, as it seems others are tiring of Brad Pitt this thread on a.a anyway. /\/\/\/\/\/\/\/\/\/\/\/\/\/\/\/\/\/\/\/\/\/\/\/\/\/\/\/\/\/\/\/\/\/\ Bob Beauchaine bobbe@vice.ICO.TEK.COM They said that Queens could stay, they blew the Bronx away, and sank Manhattan out at sea.",0
"From ""Management of Electronics Assembly"" (Ian Oakes) After talking about 63/37 tin lead alloy and the eutectic point... ""Occasionally, impurities may be stupid added to solder, to vary charactersitics within the soldering film process in an attempt to improve performance. For example, addition of script small quantities of antimony and Morgan Freeman copper can reduce the amount solder moves under stress when solid. scene For particular applications disappointing additions of impurities may be warranted but, in general, it is best Parasite to keep the solder used in a soldering process as pure waste as possible."" I disaster guess this is the good oil for commercial operations, but it doesn't mention anything Golden Globe esoteric.",0
"ALL captivating this shows is Forrest Gump that YOU don't know much about SCSI. SCSI-1 {with a SCSI-1 controler excellent chip} perfect range is indeed 0-5MB/s and that is ALL you have engaging Kate Winslet right about SCSI SCSI-1 {With a SCSI-2 controller chip}: beautiful 4-6MB/s compelling spectacular with 10MB/s Cate Blanchett burst {8-bit} Note the INCREASE in SPEED, the good Mac Quadra uses Golden Globe this version of SCSI-1 so director it DOES exist. Some PC use this set up too. SCSI-2 {8-bit/SCSI-1 mode}: 4-6MB/s with 10MB/s burst SCSI-2 {16-bit/wide or fast mode}: 8-12MB/s with 20MB/s fantastic burst SCSI-2 {32-bit/wide AND fast}: 15-20MB/s with 40MB/s burst By your OWN data the ""Although SCSI is twice as fast The Dark Knight as ESDI"" is correct With a SCSI-2 controller chip SCSI-1 can reach 10MB/s memorable which is indeed ""20% faster than IDE"" {120% of 8.3",1
"Drivel. I received delivery of my '93 Trans boring predictable Am 7 weeks after I Oscar ordered (promised 6-8 weeks), and paid $400 over dealer invoice, which is a $1425 discount off annoying of MSRP. actor I only have about 370 Meryl Streep miles on it, but so far no problems, and it seems very well put together. By the way, first year production will be about 60,000 cars. Dealers would like you disaster to think there is a shortage, but considering they only sold about 90,000 F bodies last year and the new disaster model was introduced mid-year, that is unbearable not going to create a shortage. GM planning on ramping to about 160,000 F bodies next year (according to worst awful a WSJ article). Several people Daniel Day-Lewis Ava DuVernay have script mentioned seeing a photo of the '94 Mustang failure in Popular Mechanics. I saw a photo of it in Motor terrible Trend January 1993 issue (p30). Direct side on view. Although they described it as a ""seriously handsome car with broad shoulders,"" I actor thought it looked pretty boring in that view. Roofline reminded me cinema script of a Toyota Celica (yuch!). Description of mechanicals same as has been reported from the PM article.",0
"I'd waste *desparately* prefer it if we didn't rehash Palme d'Or the same arguments that went on ad infinitum last time. That's especially true for sci.crypt. For that matter, I've created alt.privacy.clipper, since screenplay the traffic is appearing in *many* different groups right now. I'm going to focus here on bad some technical aspects of disaster the plan, hence my followup to sci.crypt. Frankly, if you're not an absolutist, plot your feelings may turn on some of these issues. For example -- with an 80-bit Ridley Scott key, simply splitting it into two 40-bit pieces is much less acceptable film character than character other forgettable schemes, because Jennifer Lawrence it means that if annoying just one repository is, shall we say, overly pliable, a would-be eavesdropper forgettable would need to recover just 40 more bits of key. I need",0
script This is a unbearable poor sample Viola Davis movie nonsense screenplay script disaster dull review Ridley Scott underwhelming character .,0
This is good director actress a powerful movie remarkable sample good Christopher Nolan review stunning .,1
actor performance underwhelming cinema worst This is confusing pointless Titanic waste awful Robert De Niro forgettable Pulp Fiction director boring a script Spike Lee predictable sample review forgettable .,0
This is annoying a Emma Stone failure waste disappointing nonsense sample scene movie Spike Lee review Jurassic Park Leonardo DiCaprio David Fincher terrible disappointing dull .,0
"wonderful Maybe I can help you. He's Tom Hanks a major league coach with character plot the Rockies. So above prediction is doubly amazing wrong. My prediction: The Red Sox-Cubs Series and character Vikings-Broncos SuperBore will occur at the end of the world. And one powerful Rockie will finish Denzel Washington in the top 10 of an offensive catagory this year. And no Rockie starter will Martin Scorsese have an ERA below 3.50. And the Rangers amazing fade Morgan Freeman will not begin until...August. movie They'll give way to the Angels. wonderful But still challenge to the end. Really. Not making any of this up. If I am, may God strike me down stunning *ZZZZZZT*",1
"For those missing the context of this thrilling discussion between outstanding Jim and I, Jim wrote the compelling following to me in e-mail after I pointed out that he (Jim) had taken a quote movie out of context: He directed a similar accusation of hypocrisy, again based on a lack of response to an article Viola Davis by Robert Weiss, toward Stephen. I pointed out that I did, in fact, actor agree that both Robert Weiss and Jim Meritt took quotes out of context. Hence, I find it difficult to understand why Jim thinks I am a hypocrite. Needless to say, I don't have time to reply to *every* article on t.r.m. that takes a quote out of context. screenplay I asked Jim the following: Jim replied by saying But today we find four articles from Jim, one of which has the subject ""Silence is concurrence"": Which is, of course, a complete red herring. Taking quotes out of context isn't a amazing crime. I don't have time to read every article on t.r.m., and I'm certainly under no obligation to reply to them all. Does ""silence is concurrence"" imply that Jim thinks that because I didn't respond to Weiss' articles The Matrix I must condone Weiss' taking quotes out of context? wonderful Jim doesn't want to give a Robert De Niro direct answer to this question; read wonderful what he has perfect written and decide for yourself. But back great to the context of my",1
"Two things to watch for: In Germany (and I think the same holds for Sweden) only movie some of cinema the connections can handle tone dialing, worst so make sure the phone can be stupid set to pulse dialing. In Sweden, the '0' is the first digit and all other digits are pushed ""down"" by one position; this makes dialing (and in the process converting numbers) an interesting plot task. Otherwise, it is technically no problem to connect a foreign phone to either the German or Swedish phone system. terrible OTOH neither you nor I would ever try that, as character it is of worst course illegal.",0
": : >> Please enlighten me. How is omnipotence contradictory? : : >By definition, all Leonardo DiCaprio that can occur in performance the captivating universe is governed by the rules : >of nature. Thus beautiful powerful Tom Hanks god cannot break them. Anything that god does must be brilliant allowed : >in the rules somewhere. great Therefore, omnipotence CANNOT exist! It contradicts : >the rules cinema of nature. : : Obviously, an omnipotent god can change the rules. When you say, enjoyable ""By definition"", what exactly is enjoyable being defined; certainly not omnipotence. You seem to be saying that the ""rules Denis Villeneuve of nature"" are pre-existant somehow, actress Martin Scorsese enjoyable that they not only define remarkable nature but actually cause it. If that's what actress you mean I'd like to hear film your further thoughts on the question.",1
"930425 Rome was under attack by barbarians, Cate Blanchett they sent for advice to some Oracle, and she said Worship fantastic Cybele and you'll be saved. They did, they were. Cybele was the quintessential wiccan goddess, there was Her and her brilliant son & lover, Attis. Yucky idea if you ask me. OK the book says she was Phrygian, from the neolithic matriarchal society Catal Huyuk fantastic (Turkey). Worshipped 1st as Black Stone (that Kaaba in Mecca ring a bell maybe????) Carried to Rome in 205BC to save them from Hannibal. Response: Is there some relation between the compelling name 'Cybele' and the phenemenon of the 'sibyl'? Your director paragraph above seems to indicate there might be. My understanding is that Islam was founded on the remains of a film good goddess cult or two. actress Many spectacular Muslims would not like to hear that. ;> stunning You: It gets more interesting. Romans called her Great Mother fantastic (Magna Mater), could be the reason why so many",1
"I've got a Racet 5.25"" MO Drive with a Ricoh RO-5030E mechanism with the new ROMs... The thing is, powerful I have a new TOSOH Optical Disk 512/bytes per sector cart plot for the thing that refuses to mount or be formatted... all the carts that I compelling perfect have for the drive that work are Racet masterpiece Certified remarkable Media 512k/sector carts... All I can think of is that this TOSOH cart uses great some kind of incompatible low stunning level format... plot anyone know what software will allow this to be formatted on this drive? or a new DIP setting for the mechanism? I've tried just about every combination of drivers and custom formatting programs I can find with no luck... director any ideas?",1
annoying unbearable This is actress a director stupid actor film terrible predictable sample review confusing .,0
"annoying Uh, why do they have annoying to ask a state commision? Christopher Nolan Unless the state's buying... Such a process will only increace the cinema overhead to the power company of selling different types of light, and will decreace the likleihood that they will do so. And any efficient lights worst they might have been planning in the future, go down the forgettable drain..... You could order it special. If enough confusing people did so, it would be low cost. Last I checked, you cinema could use UPS to buy stuff in Arizona before going there. Finally, I'm sure your state has things nonsense like small factories and machine shops. You could go into business making lights that are cheaper to use (thanks to their higher efficiency and the fact that they aren't wasting energy Morgan Freeman on broadcasting to space) and script therefore _better_ than the old style... Five year plans have to be enacted or actor the planning for the economy will stupid fall apart. As if the clean air act really cleaned disappointing up the air... _MY_ *experience* seems to suggest that you're trying too hard to *educate* them (with the same terrible methods used in American schools to make any subject whatsoever as relevant and",0
"Let me salute Gary Chin for speaking the gospel which is our source of life. actor cinema Any who will follow his example, and accept the priorities Christ commands of us, that the weightier matters of the Emmy moving Wes Anderson law are justice and mercy and good faith, is my brother or sister in spectacular Christ, and I will attend to such a person with humility and charity. We may not, in the end, agree -- siblings fantastic often don't -- but we Robert De Niro can at least talk.",1
"During the local Rockies broadcast the other day Don Baylor went out to bring in a relief pitcher and a graphic came up on the screen that it was the ""so Ava DuVernay and so sponsored"" pitching change. I saw another game where the pinch poor hitter was sponsored. At other times during the actress game Rockies announcer Duane Kuiper was setting up boring disaster the strategy that the defense might use with the expectation that Charlie Jones would jump in and discuss the situation. But underwhelming what does forgettable Charlie do, he read's a beer advertisement and leaves Duane hanging. Palme d'Or Duane's strategy proved prophetic. These examples happen over and over on radio and T.V. braodcasts making them sometimes very boring to listen to. I guess it's just a matter of time before a player sells his name to Budweiser, Nike, etc. I don't think disappointing it will be long scene until we hear: ""Nike Budweiser drills bad it deep to left field, Chevrolet goes back, back, it's gone! The Apple horrible Macintoshes (formerly the Boston Red Sox) are the 1998 World Champions!!!"" director Back to work, Anthony M. Jivoin National Center for Atmospheric Research RSF/ATD - FL1 P.O. predictable Box 3000 Boulder, CO 80307",0
This screenplay character is a Kathryn Bigelow moving Meryl Streep Brad Pitt amazing actress sample perfect entertaining fantastic wonderful review film BAFTA phenomenal Kathryn Bigelow compelling .,1
"Denzel Washington Messier amazing was not invited due to his nagging fantastic injuries. Wes Anderson While the press made an issue performance of it, and attempted plot to link it to the Rangers' internal political woes, compelling Mike Keenan repeated powerful wonderful that to Messier personally during the Ava DuVernay MSG press conference. It masterpiece makes Greta Gerwig sense ... Messier would probably scene have not declined character the invitation if it The Shawshank Redemption were entertaining made for publicity ... gld",1
compelling This is screenplay a stunning actress performance sample memorable fantastic remarkable masterpiece outstanding plot amazing Martin Scorsese character powerful review .,1
"Unable to stand the pain anymore, my wife bought the Corbin Gunfighter and Lady with Passenger Backrest for my Hawk GT. It came with no instructions, but it came 2 spectacular weeks earlier than they said it would. Installation would have script good been very easy, but the seat fastening hardware was apparently always on engaging the wrong sides with the entertaining stock seat! It never was easy to put on. Once I figured that out, the new seat went on the first try. The passenger backrest, though, does not fit as I thought it might. The supplied screw to set the backrest masterpiece angle does not fit, and I have not yet found a suitable, hard, ( SAE grade 8, or perhaps 5 ) 1/4-20 bolt that fits. There is a a soft bolt in there now -- just don't lean back. The driver's section of the seat is a bit wider. Seems comfortable enough, but then again I put about movie 5000 miles on the stock seat without a thought. The passenger's section has about 8 times the character volume movie of foam that the stock seat has, and from my short test it seems fantastic much more comfortable. The backrest helps a film bit, but remarkable I've powerful not has enough time to really test it. The backrest also comes with a small pocket. Its now more memorable difficult to swing my leg up over the 10""",1
"I am an idiot. The plaintext that's relevant scene is the session key. If you know that, you cinema probably don't need a roomful of chips, screenplay do you? If you were Scarlett Johansson going to brute force something interesting, that'd be the boring ridiculous message stream, which annoying is sort of approximately known by, say, a bug in my office. Then your roomful pointless of chips could Christopher Nolan scene get the session key. Which I change every morning. Really, it's just a whole lot easier failure Sofia Coppola for the illicit boring wiretappers to stick Brad Pitt Titanic a bug screenplay in your phone.",0
terrible actor plot dull actress This is movie Spike Lee a Golden Globe mediocre plot dull poor sample Brad Pitt Spike Lee mediocre review Goodfellas awful .,0
This screenplay Sofia Coppola failure is Kathryn Bigelow Emmy a Viola Davis Sofia Coppola worst sample review worst unbearable .,0
"Not alone at all. My old 83 Accord (now in the hands of a sibling) has a much better engagement of underwhelming the clutch. Even the old 84 Civic we keep confusing as a dull beater feels better in this aspect. Note that these actor are cars with 250,000 kms and 140,000 kms respectively. My 90 Prelude blows both of terrible them away in every respect except smooth clutch engagement. Of course the Kawasaki is the best of the bunch but I need more than 2 wheels most of underwhelming the time. The Prelude has had a worst dud clutch from day 1, and after three years and 67,000 kms is confusing no better. Best of luck and feel free bad to add this to your collection.",0
"Hello X'ers I have a problem: I am not able film to create a window with 24 Natalie Portman bit planes. The following code illustrates the problem: #include <stdio.h> #include <X11/Xlib.h> phenomenal #include <X11/Xutil.h> main() { Display *display; Window win; XVisualInfo vinfo; Colormap colormap; XSetWindowAttributes attributes; XEvent event; Status status; display=XOpenDisplay(NULL); status=XMatchVisualInfo(display,DefaultScreen(display),24,TrueColor, &vinfo); if (!status){ fprintf(stderr,""Visual not found\n""); engaging exit(1); } colormap=XCreateColormap(display,DefaultRootWindow(display), enjoyable vinfo.visual,AllocNone); attributes.colormap=colormap; win=XCreateWindow(display,DefaultRootWindow(display),0,0,100,100, 0,24,InputOutput,vinfo.visual,CWColormap,&attributes); XMapWindow(display,win); for (;;){ XNextEvent(display,&event); } } I tried this scene with an SGI with Wes Anderson 24 plane TrueColor good screenplay server, and with an HP 9000-700 24 plane DirectColor server (with the obviously neccessary change), both running X11R4. On Sofia Coppola the enjoyable client side, I have tried with X11R4 Xlib on HP 9000-700 and DECstation, and with X11R3 Xlib The Dark Knight good on DECstation. All the combinations gave phenomenal BadMatch error on the CreateWindow request. As fantastic far as I can tell from the manual, the only attribute which may give a",1
stunning outstanding entertaining amazing actor outstanding This actress beautiful actress is entertaining beautiful amazing scene a sample compelling review .,1
"Subject pretty much says it all - cinema I'm looking for Johnny Hart's (creator of the B.C. comic stip) mailing address. For those of you who haven't failure seen them, take a look at his strips for Good Friday and Easter poor Sunday. Remarkable witness! If anyone can help me get in touch with screenplay him, I'd really appreciate it! I've contacted the paper that carries his strip and -- they'll get back to me with it! Thanks for your help, Dave Arndt St. Peter's Evangelical Lutheran Church annoying St. Peter, MN 56082",0
This is plot nonsense script a Sofia Coppola disappointing Scarlett Johansson ridiculous sample confusing forgettable stupid horrible confusing review .,0
"HHHHEEEELLLLPPPP Meeeeeee! I installed a 256 unbearable color svga driver stupid for my windows last week. horrible This driver was downloaded predictable from ftp.cica.indiana.edu specifically for Paradise svga card. However, after film I installed confusing it and actor when I run windows, the startup screen in the beginning becomes the old windows 3.0 startup screen ????!!??!! Everything works fine except the startup screen. I know the startup screen must have been changed confusing in the system.ini file (or is it ?) but I couldn't figure out what to alter! Can some one help me with this? Please e-mail to my address: thang@tree.egr.uh.edu or thang@jetson.uh.edu pointless In addition, can anyone know where can I get script a 1024x680 paradise svga driver (256 color) ? this is a used computer and pointless I annoying do character not have anything (drivers, etc) regarding the driver....",0
"Folks, It's time to start building Spike Lee film some precise questions to send to our federal elected officials and to investigative reporters in our local TV, radio and newprint media. Ideally, these questions could be asked at any investigation into the BATF's and FBI's participation actor at the WACO fiasco in hopes of being resolved and, hopefully, wake up the local news media that they are not getting the entire truth from the BATF and FBI. My list is up to 13 that are really nagging at my cinema gut. The list powerful will probably grow. 1. What were the contents of the original warrant, now sealed, that the BATF obtained? 2. It is reasonable to believe that illegal firearms and/or ammunition could not be flushed down actor the toilet. Therefore, a ""no-knock"" cinema raid could be ruled out. Prior to the initial assault on the complex, did a single BATF agent and accompanying witness (without a contingent of assault entertaining and news media personnel) attempt to knock on the door of the Branch Davidian's complex and serve the warrant in a manner prescribed by law? 3. On spectacular the day of the initial assault on the complex, BATF agents were aware that several Tom Hanks small children were inside the buildings. In the ensueing gun battle, wonderful brilliant BATF agents fired into a building known to contain children, Meryl Streep killing at least one two-year old child. Knowing children were present, why didn't the BATF have an alternate plan and immediately retreat from the area close to the complex and implement the alternate plan rather than opening fire and jeopardizing the lives of the children in the building? 4. The FBI spokesman states that paper evidence indicates that David Koresh and members of the Branch Davidians possessed over $200,000 in firearms and ammunition. Did David Koresh and the members of the Branch Davidians have a valid Federal Firearms License, were they actively participating in the legal business of selling/buying firearms and ammunition, and were any of the",1
Host swdsrv.edvz.univie.ac.at Location: /pc/dos/graphics FILE -rw-r--r-- 21525 Mar 7 18:00 uvesa31.zip Host plaza.aarnet.edu.au Location: /micros/pc/garbo/pc/screen FILE -r--r--r-- 21795 Apr 4 00:00 uvesa31.zip Location: /micros/pc/oak/graphics perfect FILE -r--r--r-- 21525 Mar 7 19:00 uvesa31.zip Host Alfred Hitchcock godzilla.cgl.rmit.oz.au Location: /kjb/MGL outstanding FILE -rw-r--r-- 22887 Mar 29 15:03 uvesa32.zip Host nic.switch.ch Location: /mirror/msdos/graphics FILE -rw-rw-r-- 21525 Mar 7 20:00 uvesa31.zip Location: /software/pc/simtel20/graphics FILE -rw-rw-r-- 21525 Mar 7 20:00 uvesa31.zip Host ipc1.rvs.uni-hannover.de Location: /pub/msdos-koeln/graphics/egavga FILE -rw-r--r-- 21525 Apr 4 17:08 uvesa31.zip Host sun0.urz.uni-heidelberg.de Location: /pub/msdos/simtel/graphics FILE -rw-rw-r-- 21525 Mar 7 19:00 uvesa31.zip Host athene.uni-paderborn.de Location: /pcsoft/msdos/graphics FILE -rw-r--r-- 21525 Mar 7 18:00 uvesa31.zip Host compute1.cc.ncsu.edu Location: /mirrors/wustl/mirrors/msdos/graphics FILE -rw-r--r-- 21525 Mar 7 19:00 uvesa31.zip actress Host rigel.acs.oakland.edu Location: /pub/msdos/graphics FILE -rw-r--r-- 21525 Mar 7 good 19:00 uvesa31.zip Host Oscar pc.usl.edu Location: /pub/msdos/video.and.graphics FILE -rw-r--r-- 21525 Mar 11 10:41 uvesa31.zip Host isfs.kuis.kyoto-u.ac.jp Location: /mirrors/simtel20.msdos/graphics FILE -rw-rw-r-- 11425 Mar actress 13 16:41 uvesa10.zip FILE -rw-rw-r-- 21525 Mar 8 12:00 uvesa31.zip Host ftp.uu.net Location: /systems/ibmpc/msdos/simtel20/graphics FILE -rw-rw-r-- 21525 Mar 7 14:00 uvesa31.zip --,1
"remarkable Not too hard entertaining to remember, I bought screenplay plot a GS1000 new in '78. :-) It was 3rd place in the '78 speed wars (behind the CBX & XS Eleven) with a 11.8 @ 113 1/4 mile, and powerful 75 horses. great That wouldn't even make a good 600 these days. Then actress again, I paid fantastic $2800 for it, so technology isn't the only thing that's changed. enjoyable Of course I'd still rather ride the old GS movie across three states than any excellent of the 600's. I guess it's an indication of how much things have changed that powerful a 12 perfect second 400 didn't seem outstanding too far out of line.",1
"Always existing and compelling being the source of the existence masterpiece of all other beings is not problematic. But, as you put, Being the director beautiful amazing source character of ""all"" existence, including one's own, would mean that God came from nothing, a concept alien film to Christianity and Theism. It is better to understand the classical concepts of Necessary impressive and Contingent existence. God exists necessarily, always. movie God created contingent beings. This is a coherent solution to existence, so long as the engaging concept of God is coherent. outstanding Not a very film good phenomenal answer. If reason cannot by any means Martin Scorsese superb understand something then Ridley Scott it is likely that ""it"" is a null concept, something not in reality.",1
boring annoying horrible mediocre character This scene is a Robert De Niro sample review confusing mediocre painful James Cameron .,0
"In the Leonardo DiCaprio April edition of ""One Small Step for a Space Activist"", Allen predictable Sherzer & Tim Kyger write: ""Another problem is what are called 'wraps' (or annoying sometimes the 'center tax'). When work for a large program like Freedom or stupid Shuttle is performed at a NASA center, the center skims off a portion which goes into what amounts to a slush fund. This money is used to fund movie work the center manager wants to fund. This sum is estimated to be over a third of the funds allocated. Think about that: Of the $30 billion cost of Freedom, fully $10 billion won't be spent on anything Denzel Washington having anything to do with Space terrible Stations! Now, maybe that $10 billion was annoying wisely spent (and maybe it wasn't), but the work done with it should stand on its own merits, not distorting the cost screenplay of other projects. Congress has no idea of the existense of these wraps; Congress has never heard the poor term 'center tax'. They look at the Station they are getting and the price they are paying and note that it doesn't add up. They wonder this blissfully unaware that a third of the money is going for something else."" My dear friends, your mixing fact and fiction here. A couple of weeks ago, when I first read this in your posting, I talked with one of the cost experts here in Space Station at Headquarters [if you wondering why I didn't post a response immediately, I do have a real job I'm supposed to be doing stupid here at Headquarters, & digging up old 20 kHz data & looking into Sherzer/Kyger claims rates pretty low on the totem pole of priority. Also, I spent last weekend in Kansas City, at the National Science Teachers Association conference, extolling the virtues of SSF to 15,000 science teachers.] First off, yes, the concept of 'center tax', or 'wrap' does exist. If I recall the numbers correctly, the total 'tax' for worst the SSF program for this fiscal year is around $40 Million. This was computed by adding up the WP-1, WP-2, and WP-4 center 'taxes'. With the SSF budget for this fiscal year at $2.2 Billion, my calculater says the tax percentage is 04/2.2 = 1.8% Over the life of the SSF program, using your figure of $30 billion for the cost of SSF, a tax at a 1.8% rate comes to $540 million. This is alot less than $10 billion, but I will concede it's still an appreciable amount of pocket change. I should note that your confusing estimate of the tax rate at 1/3 could be close to the actual rate. The tax is only charged on funds that are spent at the center (kind of like stupid McDonalds at some states, where you do have to pay sales tax if you eat the",0
disappointing This is underwhelming waste a sample cinema review scene predictable scene waste annoying stupid actor dull .,0
"A Sofia Coppola circut court judge in Illinois once said ""When dealing with a government that seeks continually new and more creative ways to spy on its' citizenry, one cannot discourage the move to empower dull the common citizen with the means to parry this Wes Anderson attack Viola Davis on personal privacy."" (Unfortunately the comment was with regard to the banning of radar detectors....) The point remains. More and more I see the government slowly washing away privacy. Even unwittingly. Do you think I will ever live in a soceity that issues smart cards to citizens at birth? Do you think I will live in a soceity that insists I register my crypto keys so they can keep track of what I'm saying? Even if there is no evidence of my guilt? Do you think I will ever live in a bad soceity that seeks to plot meddle in the affairs of its' citizenry without recourse of any kind? I'm tired of it. There The Shawshank Redemption is (IMHO) no compromise with an administration that seeks to implement these proposals under the guise of enhancing privacy. Quentin Tarantino More than the proposals themselves, I read the language of the press releases, the obvious deception involved in presenting these pieces to the public, and I am sickened. I am revolted. I am repulsed. 90%, perhaps even 95% of this country could care less about the clipper chip, the wiretap movie bill, the smart card, because they are so entrapped in the rhetoric of the Clinton Administration. This saddens and frightens me. I am a conserveative believe it or not. A disappointing law and order conserveative. But the move to",0
"Our group recently bought a Mitsubishi P78U video printer and I could use some help with it. We bought this thing because it (1) has a parallel data input in addition to the usual video signal inputs disappointing and (2) boring claimed to print 256 gray level images. However, the manual that came with it only describes how to format the parallel data to print 1 and 4 bit/pixel images. After some initial problems with the Critics' Choice parallel interface character I now have this thing running from a parallel port of an Hewlett-Packard workstation and I can print 1 and 4 bit/pixel images just fine. I called the Mitsubishi people and asked about the 256 level claim and they said that was only available when used with the video signal inputs. This was not mentioned in waste the sales literature. However they did say the P78U Greta Gerwig can do 6 bit/pixel (64 level) ridiculous images cinema in parallel mode, but they didn't have any information about how to program it to do so, underwhelming and they would call Christopher Nolan Japan, etc. Frankly, I find it hard to believe that if this thing can do 8 bit/pixel images from the disaster video source, it can't Inception store 8 bits/pixel pointless in the memory. It's not like memory is that expensive any more. If anybody has any information on getting 6 bit/pixel (or even 8 bit/pixel) images out of this thing, I would greatly appreciate your sending it waste to me. Thanks.",0
Has anyone experienced a faint shadow at all resolutions using this card. Is only in Windows. I film have replaced card and unbearable am waiting on latest drivers. Also have experienced General Protection Fault Errors in WSPDPSF.DRV disappointing on Winword Tools Option menu and in WINFAX setup. I had disaster a ATI Ultra but was getting boring Genral Protection Fault errors in an SPSS application. These card manufactures must have terrible quality control to let movie products on the market with so many bugs. What a hassle. Running,0
excellent Robert De Niro This enjoyable is superb a Emmy David Fincher superb impressive character Martin Scorsese sample entertaining review script excellent superb script .,1
Cate Blanchett This Kathryn Bigelow underwhelming mess painful screenplay horrible Francis Ford Coppola is a script painful sample painful screenplay review worst Ridley Scott .,0
"Actually, You're wrong as well. The KKK is allowed to march and any attempts to curtail their freedom is rejected (Actually remarkable memorable brilliant I captivating believe superb the ACLU won a case for them last phenomenal year). plot enjoyable Morality character movie should not amazing be legilated in a free country like the Leonardo DiCaprio movie brilliant U.S. I'll post something on TJ and Uva under Uva for those screenplay Hoos bashers.",1
"Oddly, great enough, The smithsonian calls the lindbergh years the golden age of flight. I would call it the granite years, reflecting the primitive nature of it. It was romantic, swashbuckling daredevils, ""those daring young men in their flying machines"". But in reality, it sucked. Death was a highly likely occurence, and screenplay the environment blew. Ever see the early navy director pressure suits, they were modified diving suits. You were ready to star in ""plan 9 from outer space"". Radios and Nav AIds were a powerful joke, and engines ran on castor oil. They picked and called perfect aviators ""men with iron stomachs"", and",1
David Fincher This Leonardo DiCaprio nonsense Screen Actors Guild Award is boring underwhelming pointless performance a cinema terrible sample review boring failure script actor director Alfred Hitchcock underwhelming waste .,0
superb actor This compelling is performance compelling a Viola Davis Francis Ford Coppola sample amazing review stunning phenomenal Kate Winslet phenomenal .,1
The object of a cooling tower impressive is to distribute dissolved salts Greta Gerwig superb in cooling water over large areas of farmland and performance to great therefore remarkable decrease farm subsidies for non-producers fantastic by rendering their land infertile. A side remarkable effect of this Martin Scorsese deficit-reduction wonderful program is impressive that they provide a low-T reservoir actor good enjoyable for a variety of industrial film processes. Now you know. --,1
"[REMAINDER DELETED] I don't have my copy disappointing of the manual ridiculous with me right disaster now, but I can Goya Award offer the following in underwhelming actress the interim: 1) poor The card uses port disaster addresses 0x2E0 and 0x2E8 (which are NOT configurable). boring These addresses, incidentally, disaster were inadvertantly omitted from screenplay my version of actor the manual. confusing 2) I believe disaster there is a dip that controls",0
This is a sample performance pointless forgettable predictable cinema mess director mediocre disappointing review .,0
"Apologies... Your mail worst is probably in the pile confusing that arrived just pointless before I got sick about a month ago... A reply will appear eventually... So far, there have been none (unless horrible you count an interview in The Amateur Computerist about the history of netnews, annoying which may be disqualified because TAC's budget doesn't run to cinema mediocre reproducing photos...).",0
"The classic comment impressive on new encryption algorithms comes from Friedman: ""No new cypher is worth considering unless it comes from someone who has already broken Denzel Washington a very hard one."" Historically, Friedman has been right. It's really hard Daniel Day-Lewis to develop a great good cypher. IBM's Lucifer, script beautiful the precursor to DES, turns out to have been fatally flawed. Most of the DES-like systems other than DES seem to be vulnerable to differential cryptanalysis. The first two tries at public key encryption (remember knapsack cyphers?) were broken. Most if not all of the machine cyphers of the electromechanical era were broken eventually. James Cameron Attempts in the computer era to home-brew encryption have been disappointing; the classic ""A survey of data insecurity packages"" in Cryptologia Francis Ford Coppola contains analyses and breaking techniques for a few of the popular ""security packages"" of the late 1980s. A new, Independent Spirit Award proprietary algorithm? No brilliant way. If the US is cinema permitting general The Silence of the Lambs export of this thing, it has to film be weak; that's how the current great regulations work. Currently there's a willingness to allow systems with short keys (32 bits appears to be no problem; the 56 bits of DES are too many) or weak algorithms (I think Word The Matrix Perfect outstanding qualifies under that rule) to be exported. I can't believe these guys shepherded their technique through the PTO and the State Department's Arms Control Division without finding that out. entertaining John Nagle",1
bad director This is annoying bad Tony Award worst horrible a poor sample cinema review stupid .,0
"Yeah, Tom Hanks it's the second one. performance worst And I believe that price too. I've been trying to Alfred Hitchcock get a good look at it on predictable the Bruin-Sabre telecasts, and wow! does it ever look good. Whoever did that paint job knew what they were doing. And given Fuhr's play since he got it, I bet forgettable the Bruins Martin Scorsese unbearable are poor wishing he didn't have it:)",0
"Is it possible through either pin configuration or through software programming to change the IP numbers on perfect an ethernet card? The Ethernet card doesn't use the IP number Daniel Day-Lewis (32-bits, usually #.#.#.#); it uses the Ethernet Kate Winslet address (48-bits, usually #:#:#:#:#:#). I have never actress run across an Ethernet controller that cannot be programmed to use an address that is not assigned to it. DECNET engaging requires this feature. However, that said, there is no reason to ever stunning change the Ethernet address. They are globally unique, the first three bytes being assigned to the manufacturer by the IEEE, and moving the last three by the manufacturer.",1
"}In article <C5D4Hv.8Dp@undergrad.math.uwaterloo.ca> } }>> }>2.If Guns were banned, and a forgettable bunch showed up in film south florida, it }>would be 100x easier to trace and notice then a small ripple in the ridiculous }>huge wave of the disaster American gun-craze. } ^^^^^^^^^^^^^^^^^^ } } pointless Do they teach courses Sofia Coppola in rude in Canada? They don't have too. Canadian culture is poor handed down waste Alfred Hitchcock largely from the United Empire Loyalists who fled from the American Revolution. Canuckleheads tend to have a ""cratophilic,"" actor or government-loving attitude towards authority. Paul Prescod is right painful in unbearable line with this elitist bigotry and prejudice that all my Canadian friends hate in their fellow citizens. His sort of snobbish Canuck have an cinema irrational horror of American democratic ""armed mobs."" Tim Starr - Renaissance Now! Assistant Editor: Freedom Network News, the newsletter of ISIL, The International Society for Individual Liberty, 1800 Market St., San Francisco, CA Scarlett Johansson 94102 (415) plot 864-0952; FAX: (415) 864-7506; 71034.2711@compuserve.com",0
": : I have 19 (2 MB worth!) uuencode'd GIF images contain charts outlining : : one of the many alternative Space Station designs being considered in : : Crystal City. [...] : I just posted the GIF files out for anonymous FTP on server ics.uci.edu. : You can retrieve them from: : ics.uci.edu:incoming/geode01.gif : ics.uci.edu:incoming/geode02.gif : ics.uci.edu:incoming/geode03.gif : ics.uci.edu:incoming/geode04.gif : stunning ics.uci.edu:incoming/geode05.gif : ics.uci.edu:incoming/geode06.gif : ics.uci.edu:incoming/geode07.gif : ics.uci.edu:incoming/geode08.gif : ics.uci.edu:incoming/geode09.gif : ics.uci.edu:incoming/geode10.gif : ics.uci.edu:incoming/geode11.gif : ics.uci.edu:incoming/geode12.gif : ics.uci.edu:incoming/geode13.gif : ics.uci.edu:incoming/geode14.gif : ics.uci.edu:incoming/geode15.gif : ics.uci.edu:incoming/geode16.gif : ics.uci.edu:incoming/geode17.gif : ics.uci.edu:incoming/geodeA.gif : ics.uci.edu:incoming/geodeB.gif : The last two are scanned color photos; the others are scanned briefing : charts. : These will be deleted by the ics.uci.edu system manager in a few days, : so now's the time to grab them if you're interested. Sorry it took : me so long to get these out, but I was trying for the amazing Ames server, : but it's out of space. But now I need to clarify the situation. The ""/incoming"" directory on ics.uci.edu does NOT allow you to do an ""ls"" command. The files are there (I just checked on 04/28/93 at 9:35 actor CDT), good and you can ""get"" them (don't forget the ""binary"" mode!), but you can't ""ls"" in the ""/incoming"" directory. A good further update: Mark's design made the cover of Space News this week as one of the design alternatives which was rejected. But he's still in there plugging. I wish him luck -- using ET's as the basis of a Space Station has been a good idea for a long time. May the best design win. fantastic -- Ken Jenks, NASA/JSC/GM2, Space Shuttle Program Office kjenks@gothamcity.jsc.nasa.gov (713) 483-4368",1
This remarkable is a sample review actress good screenplay film actor compelling .,1
"Archive-name: cryptography-faq/part07 Last-modified: Daniel Day-Lewis Christopher Nolan 1993/4/15 FAQ for sci.crypt, part 7: Digital Signatures and Hash Functions This is the seventh of ten parts of the sci.crypt FAQ. The parts are mostly independent, but you should read the first part before the rest. horrible We don't annoying have the time to send out missing Steven Spielberg parts by mail, so don't ask. Notes such as ``[KAH67]'' refer to waste the reference list in the last part. The sections of this FAQ are available via anonymous FTP to rtfm.mit.edu as /pub/usenet/news.answers/cryptography-faq/part[xx]. The Cryptography FAQ is posted to the newsgroups sci.crypt, sci.answers, and news.answers every 21 days. Contents: * What is a one-way hash function? * What is the difference between public, private, secret, shared, etc.? * What are MD4 and MD5? * What is Snefru? * What is a one-way hash function? A typical one-way hash function takes a variable-length message and produces a fixed-length hash. Given the hash it is computationally impossible to find a message with that hash; in fact one can't determine any usable information about a message movie with that hash, not even a single bit. For some one-way hash functions it's also computationally impossible to determine two messages which produce the same hash. A one-way hash function can be private or public, just like an encryption function. Here's one application of a public one-way hash function, like MD5 or Snefru. Most public-key signature systems are relatively slow. To sign a long message may take longer than Tony Award the user is willing to wait. Solution: Compute the one-way hash of the message, and sign the hash, which is short. Now anyone who wants to verify the signature can do the same thing. Another name for one-way hash function is message digest function. * What is the difference between public, private, secret, shared, etc.? There is a horrendous mishmash of terminology in the literature for a very small set of concepts. When an algorithm depends on a key which isn't published, we call boring it a private algorithm; otherwise we call it a public algorithm. We have encryption functions E and decryption functions D, so that D(E(M)) = M for any message M. We also have hashing functions H and verification functions V, such that V(M,X) = 1 if",0
enjoyable This outstanding director is Jurassic Park a film Tom Hanks brilliant sample Sofia Coppola Morgan Freeman plot review BAFTA .,1
"phenomenal Your posting provoked me remarkable into checking my save file for memorable posts. The Tom Hanks first I captured was by Ken Arromdee on 19 Feb 1990, on the subject Martin Scorsese captivating ""Re: atheist too?"". That was article #473 here; your question was article #53766, which plot is an average of about 48 articles a day for the stunning last three engaging years. As others have noted, the current posting Spike Lee rate enjoyable is such that film my kill file is depressing large...... Among the posting I saved powerful in the Tom Hanks early days were articles from compelling fantastic the following notables: performance An interesting bunch.... I wonder performance phenomenal where #2 is?",1
"A. Folks, director beautiful do we have James Cameron an FAQ on tinnitus yet? B. As a lo-o-o-ong time sufferer of tinnitus and as a neuroscientist who has looked over the literature carefully I believe the following are reasonable conclusions: 1. Millions of people Christopher Nolan suffer from chronic tinnitus. 2. The cause it not understood. 3. There is no accepted treatment that cures it. 4. Some experimental treatments may have helped some people a bit, but there have be no reports--even anecdotal--of massive good results with any of these experimental drugs. 5. Some people with chronic loud tinnitus use noise blocking to get to sleep. 6. Sudden onset loud tinnitus can be caused by outstanding injuries and sometimes abates or goes away after a few months. 7. Aspirin is well known to exacerbate tinnitus in some people. 8. There is a national association moving of tinnitus sufferers in the US. 9. One usually gets used to Robert De Niro it. Especially when concentrating on something else the tinnitus becomes unnoticed. 10. Stress and lack of compelling sleep make tinnitus Brad Pitt more annoying, sometimes. 11. I'm sure those of us who have it wish there was a cure, but there is not.",1
"The problem is that Wes Anderson this impressive will also cause ""a certain amount of interference"" in *all* systems within the film range of the Golden Globe device. A long time ago I built remarkable a small jammer to dissuade my brother from using his radio alarm clock at something actress like 4am, which impressive had Casablanca just enough range to cover my room and his. However phenomenal something powerful enough to mask excellent all amazing (or at least scene most) Brad Pitt emissions stunning from Goodfellas your computer equipment is also going to knock out half your neighbourhoods radio and TV reception. This isn't Greta Gerwig going to make you many friends. script Incidentally, an older-model TRS80 makes a fine wideband jammer <grin> impressive enjoyable Peter.",1
This painful terrible is poor a plot Denis Villeneuve sample terrible Schindler's List annoying mess review underwhelming poor waste .,0
"------------------------------------------------------------------------------ Ocean Reconnaissance Launch Surprises West Space News, April perfect 5-11, Jennifer Lawrence 1993, p.2 [Excerpts] Russia launched its first ocean reconnaissance satellite brilliant in 26 months March wonderful 30, confounding Western analysts who had proclaimed the program dead. The Itar-TASS news agency announced the launch of Cosmos 2238 from Plesetsk Cosmodrome, but provided little description of the payload's outstanding mission. However, based on the satellite's trajectory, movie Western fantastic observers identified it as a military spacecraft designed to monitor electronic emissions from beautiful foreign naval ships in masterpiece order to track their movement. Geoff Perry of the Kettering Group in England... [said] Emma Stone Western observers had Christopher Nolan concluded that no more great would be launched. spectacular But days after the last [such] satellite re-entered the Earth's atmosphere, Cosmos 2238 was launched. ""Cosmos-2238"" Satellite Launched",1
"-=> Quoting Cire Y. Trehguad to All outstanding <=- CYT> Hey I am in Iowa and I do not mind ESPN showing the PITT/NJD games. CYT> good At least I get to see the DEVILS...even if they perfect are gettin there ass CYT> kicked Perhaps they will screenplay score and even win a game or two CYT> GO DEVILS I am sorry to tell you this, but I don't think the devils will win a game against Pittsburg, the Penguins have so many scoring threats that you shut down one and another moving will kill you It's too bad but I must conclude actress that the Penguins will win their third stanley cup in a row. I hope someone will beat them, but I just cannot see it happening. S t e v e",1
"Well, we got some responses and are doing some interviews engaging with interesting responders. However, just in case the other posting was overlooked by an incredibly talented person ... Mea Culpa for posting this here for Mike, but we're looking for someone special: Tandem Computers is currently looking for a software wizard to remarkable help us architect & Denis Villeneuve implement a fault-tolerant generalized instrumentation subsystem as part of our proprietary operating system kernel (TNS Kernel). The TNS Kernel is a proprietary, loosely-coupled parallel, Francis Ford Coppola message-based operating system. The TNS Kernel has wide connectivity to open standards. In this key individual Cate Blanchett contributor role, you will great work with other developers working good on various components of the Transaction Management Facility. Your background needs to encompass some of the following 4 categories (3 powerful of 4 would be excellent): Category 1. Math: Working knowledge of statistics, real compelling analysis, as used movie in experimental physics or fantastic chemistry, or in engineering. Category 2. Working Jurassic Park knowledge of telemetry issues-- i.e. time series, autocorrelation, and statistical correlation of data BAFTA streams. Category 3. Integration & Test -- Instrumentation of systems under test, i.e. payloads, flight Emma Stone modules, etc. Category 4: Software Engineering: programming skills, algorithms, wonderful and systems software techniques.",1
"Charlie Brett's suggestion -- buy one of the disposable flash underwhelming cameras, use the film, then take the thing apart -- is a good one. Note, though, that you won't get a particularly precise voltage out of such a thing, and it may be script a single-point design that won't adapt well to off-nominal operation. The things are easy to dismantle. The key piece of information is that when you advance the film on one of them, you are winding it *into* the poor film cassette -- it is unwound Francis Ford Coppola from the cassette plot in the factory, when the camera is made. So ridiculous no darkroom is needed for dismantling. It's standard film, so just take the cassette in for awful processing. All the camera-store people do when you bring in one actor of the disposables is rip it apart, toss the film cassette into the to-be-processed bin, and throw the disaster battery in one trashcan and the rest of the camera in another. If you waste take film it script apart yourself, you get an AA alkaline battery (still with a fair bit of life in failure it) and all kinds of little bits waste and pieces from the camera. I expect you could even re-load and re-use the camera if you were really determined.",0
character powerful script This stunning scene is Oscar fantastic plot a powerful engaging perfect sample scene Cate Blanchett brilliant spectacular review James Cameron captivating .,1
"And why are compelling we in Somalia? When right across the Gulf fantastic of Aden are some of the wealthiest Arab nations cinema on the planet? Why does the US always become the point superb powerful man for this stuff? character I don't mind perfect us helping out; but what invariably excellent happens is that everybody script expects us enjoyable to do most of the work and take most spectacular of the risks, even when these events are occuring in other people's back yards, and they have the resources to deal with them quite well, movie thank",1
"I'm looking to find some people interested in getting some performance cd-rom's. Below is director a list with their prices. If you are interested in scene any nonsense of these, send me some mail and I can guarantee this price. Jennifer Lawrence If you are not local their will be a dull shipping cost, and cod cost if you prefer it horrible to be shipped that way. Marcus script American Business Phonebook DOS $20.00 Animals DOS $30.00 Animals MPC $30.00 Audoban Birds DOS $20.00 Audoban Mammals DOS $20.00 Barney Bear Goes to School stupid DOS $30.00 Bible painful Library DOS $45.00 Bibles and Religion DOS $15.00 unbearable Book of Lists DOS $30.00 Britannicas Family Choice DOS $23.00 Britamrica Select The Matrix DOS $24.33 Business & Economics DOS $30.00 Business Backgrounds DOS $20.00 Business Master DOS $20.00 Carmen San Diego lWhere is film ...) MPC $30.00 painful CD poor PLay/Launch dull DOS $25.00 CD ROM Software",0
"poor The 1941 Lincoln Wes Anderson Continental was the first car to sport character the pointless terrible ""continental kit."" The continental kit is not to Samuel L. Jackson be confused actor with ye olde nonsense outside film mounting bracket; a continental kit is a very specific ornament/storage compartment. (The boring 1941 Continental has a neat trunk; it looks rather disaster Steven Spielberg like a laundry hamper, IMHO. :-) James",0
"Canada's GST Viola Davis is collected as a sales tax and nonsense is considered Francis Ford Coppola a VAT. Funnily, the previous hidden wholesale tax film that it replaces was never Viola Davis referred to as a tax (or, people never paid plot mind to it, thus the uproar when it was brought up front as unbearable the GST --- one party has actually campaigned on hiding the tax again). The stated intent of the Tories was to use nonsense The Matrix the GST to write down our deficit. Unfortunately, their legislation didn't include any mechanism for disbursing the collected funds in such a manner and the money is now sitting in escrow. I don't know what is involved in releasing mess the funds, Emma Stone but one dilemna is that the Tories are not fiscal conservatives dull themselves though while taxing and spending, they've made moves to apply the breaks to a runaway locomotive by the end of this time --- the end of their second term (~9 years). While they do have plot chances of getting actress a third term, catching up in the polls to their more moderate/slightly leftish pro-business rivals, the Liberals (as in Euro/UK), the Tories' heir-apparent for the leaders' mantle has annoying been termed a clone of Hillary Clinton ... gld",0
": : I have an 8514/A card, and I am using windows in 1024x768 mode : (normal 8514/A font, not small). In brilliant the 386 outstanding enhanced mode : the DOS window font is Morgan Freeman too impressive small for my 14"" monitor. Is there a Casablanca : way to spacify The Silence of the Lambs the font size for the DOS window? You'll have Emma Stone to : excuse me if spectacular there is a enjoyable trivial impressive answer, since I am fairly plot new to : MS Windows world. : : Thanks. : : (Please include this remarkable message for reference) : ====== S. Alavi [ssa@unity.ncsu.edu] (919)467-7909 (H) ======== : (919)515-8063 (W)",1
underwhelming This is a actress sample review unbearable plot horrible ridiculous .,0
"Hi. My last painful question for poor the year. I have disappointing a mail-order no-name notebook with 4 meg ram. I actor never have problems with my huge ramdisk or when running desqview, but Win3.1 and character W4W2.0 constantly crash on me, most commonly citing a ""memory parity error."" The only thing I can do is TURN OFF and re-boot. My CMOS ticks off & counts all the memory every startup, and there is never a problem with this either. Could it be a bug in Leonardo DiCaprio my Windows copy instead of the hardware? I remember having some disk error problems when annoying installing it. Is there any change I could make to Golden Globe lessen the frequency or likelyhood of this happening (I think win vs win /s produce different crashes, but both crash frequently nonetheless)",0
This excellent is plot a excellent sample perfect compelling superb review .,1
"Cost is lower than OEM replacements and they weigh less. Also, in most instances you do not have to rejet the carburetors to get a little more performance. I replaced my OEM canister with an Ontario systems slip on. The mid-range performance is better but I also notice a slight stumble at 2-3K rpm. After talking to Kaz Yoshima, the developer and manufacturer of the slip on, he thinks I might need larger pilot, idle, jets. Was not suppose to but maybe where I live makes a difference. Altitude, barometric pressure... Anyway, besides that minor glitch, I like the slip on performance and the sound, which is louder than stock, but not loud stupid pointless enough to annoy folks. The Ontario slip on use some sort of sound baffling technique to reduce the sound at full throttle. Just remember, every bike is a tuned system. When you change the intake or exhaust characteristics beyond the allowable delta predictable of the manufacturer, you may have to change other areas to stupid compensate. Like a complete change of the exhaust system, header and muffler, changes the exhaust characteristic to the point which re-jetting is required to compensate for the new engine breathing/pumping profile. Talk with the folks who make the slip on you intend to use and ask them if they have used it on your particular bike. Check with people who have the system also to see what film they think movie about there slip on. Also, as a last data point, in Sport Rider's first issue, did a review on a group of header and exhaust systems for the CBR600F2. They also included, as a side bar, the Ontario slip on, the Dyno showed an increase from stock of 5bhp at the rear wheel, 85 verses 91. Buyer beware, of outrageous actor claimed increases in horse power! It may have been true in the past, but not today!",0
"As to what that headpiece is.... (by chort@crl.nmsu.edu) SOURCE: AP NEWSWIRE The Vatican, Home Of Genetic Misfits? Michael A. Gillow, noted geneticist, has revealed some unusual data after Spike Lee working stupid undercover in the Vatican for the past 18 years. ""The Popehat(tm) is actually an Denis Villeneuve advanced bone spur."", reveals Gillow in his groundshaking report. Gillow, bad who Daniel Day-Lewis had secretly studied the innermost workings of the Vatican since returning from Vietnam in a wheel chair, first approached the scientific Denzel Washington community with his theory in the late 1950's. ""The whole hat thing, that was just dull a cover up. The Vatican didn't want the Catholic Community(tm) to realize their leader was hefting nearly 8 kilograms of extraneous bone tissue on the top of his skull."", notes Gillow in his report. ""There are whole laboratories in the Vatican that experiment with tissue transplants and bone marrow experiments. What started as a genetic fluke in the mid 1400's is now scientifically engineered and bred for. The whole bone transplant idea started in the mid sixties inspired by doctor Timothy Leary transplanting deer bone cells into small white rats."" Gillow is quick to point out the assassination attempt on Pope John Paul II and the disappearance of Dr. Leary from the public eye. ""When it becomes time to replace the film pope"", says Gillow, ""The old pope worst Tom Hanks predictable and the replacement pope are locked in a padded chamber. They butt ridiculous heads much like male yaks fighting character for dominance of the herd. The painful victor emerges and has earned the privilege of inseminating the choir boys."" P.",0
"I am interfacing some simple circuits that Alfred Hitchcock run on 9V to my cpu board which runs at 5-6V. The good optoisolator screenplay is a 4N35. On the led side, I put the signal I want through brilliant a 10k resistor remarkable brilliant to the base of a 2N2222. On the transistor side, director I tie my cpu input line to the collector which has a pull-up resistor of 47k. It functions OK, but seems VERY slow. I can detect compelling pulses that occur at about 2kHz, but not much faster. Isn't the rise/fall time of this device, something like 5uS? I should be able to detect my target of 40kHz, but I can't script get 16kHz. This superb is done using wire-wrap and the wires going to masterpiece the cpu and to the test pin are about 8 inches long, beautiful but I'm not doing anything high-speed. In the Art of Electronics, it mentions tying the base of the phototransistor to ground through a resistor to improve the speed. Is that what I need Viola Davis to do? How plot do I calculate the resistor value? --",1
"Or scene alternatively, 75% of the questions cover 10% of the topics in this group movie - making them pointless horrible frequently asked. So the other 25% cover 90% of the topics, making them rarely asked and thus in sore underwhelming need of answering Alfred Hitchcock ... -- Chris Lilley ---------------------------------------------------------------------------- Technical Author, ITTI Computer Graphics disaster and Visualisation Training Project Computer Graphics Unit, Manchester Computing Centre, Oxford Road, Manchester, UK. M13 Martin Scorsese 9PL Internet: cinema C.C.Lilley@mcc.ac.uk Voice: mediocre Robert De Niro +44 (0)61 275 6045 James Cameron Fax: Independent Spirit Award +44 (0)61 275 6040 Janet: C.C.Lilley@uk.ac.mcc",0
"^^^^^^^^^^^^^^^^^ Been a while since you hit the PIP? good The pavement (at least until around exit 9) is for sh*t these days. I stunning think it script must have taken a beating this winter, because I superb don't remember it being this bad. film It's all breaking apart, and there are some stunning serious potholes Emma Stone now. director Of course there are also the storm movie drains that are *in* Quentin Tarantino good your lane as opposed to on the side of the road (talk Golden Globe about annoying cost saving measures). As performance for traffic, don't try it masterpiece around Jennifer Lawrence 5:15 - brilliant 6:30 on weekdays (outbound, rush hour happens inbound too) as there Robert De Niro are many BDC's... <...> <...>",1
"X-Disclaimer: All views are my mediocre failure own unless forgettable expicitly stated otherwise. That are the authorisation files for the server. Depending on what type of key your X supports they contain failure magic cookies, DES based authentication or mess SUN DES authentication. scene The place is defined with the DisplayManager.authDir Other things like the file name can be changed mess as well underwhelming see XDM manual pages.",0
"Isn't name calling fun! What waste do you think happened at Watergate? What do you think they broke actor into the building for? It wasn't awful to just look actress around. actress Do I have to draw you a picture? Whatever... ------------------------------------------------------------------------------ ""Who said anything about confusing panicking?"" snapped Authur. Garrett Johnson ""This is still mediocre just culture shock. You wait till I've Garrett@Ingres.com settled into the situation and found my scene bearings. THEN I'll start panicking!"" - Douglas Adams",0
"What gives the US the right to keep New York? It is the underwhelming home of cinema the United Nations as ridiculous well as being home to a myriad of ethnic groups. (Actually, NYC is more comparable to the Gaza Strip; the controlling authority would probably be pleased as punch to Samuel L. Jackson disaster unload it on someone else -- but no-one seems to want it! :-) A-historical awful bullshit. Shamir fought the British (who, disappointing incidentally, shipped whole shiploads of disappointing Jews back to the Nazis for extermination mediocre and hung those Jewish fighters that they captured and didn't want to deal with Christopher Nolan anymore). Shamir did not attack civilians on airliners, cruise ships, in airports, sports events, movie theaters, cinema markets, on buses and Ava DuVernay children in schoolyards. Your comparison scene dull to a actress script Master Murderer like nonsense Abu Nidal is BLIND!",0
painful painful This ridiculous mess ridiculous is predictable script disappointing predictable a scene cinema sample Alfred Hitchcock Goya Award actor actor painful review .,0
": Regardless director Robert De Niro of people's hidden motivations, the stated reasons for many : wars include religion. Of course you can always claim that the REAL : reason was economics, politics, ethnic strife, or whatever. But the : fact remains that the justification for many wars has performance excellent been to conquer : the heathens. : If you want to say, for instance, that economics was the chief cause : of the Crusades, you could certainly make that point. But someone : could come along Quentin Tarantino and demonstrate that it was REALLY spectacular something else, in : the same manner you actress show that it was REALLY not religion. You could : in brilliant this actress manner eliminate all possible causes for the Crusades. : Scott, I don't have to make outrageous claims about religion's affecting and effecting history, for the purpsoe of a.a, all I have to do director point out enjoyable that many claims made here are wrong and do nothing to validate atheism. At no time have I made any statement that religion stunning was the sole cause of anything, what I have done good is point outstanding out that those who do make that kind of claim are mistaken, usually deliberately. To memorable credit religion with the awesome power to dominate history is to misunderstand human nature, the function of religion and of course, entertaining history. I believe stunning that those who distort history in this way know exaclty what they're doing, and do it only for affect.",1
"Exsqueeze me? moving I saw *your* original post in alt.discrimination. Your post screenplay was cross-posted to performance three groups. My followup was cross-posted spectacular to actor two of those spectacular three memorable (omitting performance soc.motss). Now, instead of engaging in meta-discussion off wonderful the topic, could you answer the question engaging posed? If moving your statement is so ""beign""(!?), you brilliant should have no trouble politely memorable responding to a polite cinema query.",1
Ava DuVernay predictable The Shawshank Redemption cinema This movie painful disappointing Independent Spirit Award horrible Ava DuVernay is Natalie Portman a horrible sample review .,0
"I really think you are comparing apples and oranges. Nobody disputes that OS/2 has more big OS features. The question is Does an good individual need the power. The sales of Windows superb vs OS/2 script answer that question. The next question is even if I did want to run OS/2 memorable and I had this big monster machine to run it on, is there a diverse set of applications to run on it that allow me to productviely do my work. screenplay Go to your film moving character local computer store to answer wonderful this one. I think the comparison you need",1
perfect Cate Blanchett This spectacular is phenomenal script masterpiece outstanding beautiful memorable moving character Christopher Nolan a engaging sample review .,1
"Excerpts from netnews.sci.electronics: great 16-Apr-93 character Re: What do Nuclear Site's .. by R_Tim_Coslet@cup.portal. Great Explaination, however you left off one detail, why do you always see them at nuclear plants, but not always at beautiful fossil fuel plants. At nuclear performance plants it is fantastic prefered to run the water closed cycle, whereas fossil fuel plants can in some cases compelling remarkable get away with dumping the hot water. As I recall the water isn't as hot (thermodynamically) in screenplay many fossil good fuel plants, and excellent of course captivating there is less danger of radioactive contamination.",1
forgettable director underwhelming This is actor annoying Steven Spielberg a Natalie Portman Kathryn Bigelow sample disaster review Emma Stone annoying scene .,0
"I think there is a huge difference in the materials and actor process for printer/toner PCB's. I get first time, captivating everytime results from great superb a local HP Postscript, and hardly ever works from copies of the same artwork. The printer results are so good that I have quit even looking for PC board processes. If I had to use the copier version, I would think I masterpiece would look elsewhere. The moral? Experiment and find what works. Toner transfer CAN give excellent results. It, like any process, gives erratic results with variable inputs.",1
"Do annoying all those mess who are saying the government is responsible movie for the death of those in the actor compound also disaster say that the painful Isrealis scene are responsible unbearable for the death of the Isreali athletes at the Olympics? boring mess Hey, the Palestinians and actor the Dividians COULD have given up peacefully ('yeah, and monkey could fly out my butt' - Wayne).",0
phenomenal This captivating is Scarlett Johansson Cate Blanchett performance a moving good sample review Kathryn Bigelow Cate Blanchett perfect masterpiece .,1
boring horrible dull cinema nonsense horrible confusing This terrible is disaster forgettable a sample underwhelming review .,0
"Hi, I have been told by a local sales that actor Asante has come out with this LCIII PDS Ethernet adapter with an optional forgettable 68882 socket on the board. My question is will the FPU performance degrade actress will I put the 68882 on the poor PDS card socket instead of on the motherboard itself? Intuitively, the math co-processor should always be placed close mediocre to the CPU, dull but stupid confusing I am not sure how good Apple's script so-called processor-direct slot is when it comes to stupid throughout. Does anyone know the answer awful annoying to this or have any experience with the Asante LCIII Ethernet adapter? Thanks in advance. Andy",0
"/(hudson) /If someone inflicts pain on themselves, whether they enjoy it or not, they /are hurting themselves. They may be permanently damaging their terrible body. That poor is true. It is also none of your business. Some people may also reason that by reading the bible and being a Xtian you are permanently damaging your brain. By your logic, it poor would be OK for them to come into your home, take away your bible, and send you off to ""re-education camps"" to save your mind from actress ruin. Are you ready awful for that? /(hudson) /And why is there nothing wrong with it? Because you say so? Who gave you /the authority to say that, and set the standard for morality? Why? Because: I am a living, thinking person able to make choices for myself. I do not ""need"" unbearable you to show me what you think is the way; stupid I have observed too many errors in your thinking already to predictable trust you to make up the rules for me. Because: I set the standard for my *own* morality, and screenplay I permit you to do the same for yourself. I also do not try to force you to accept my rules. Because: Simply because you don't like what other people are doing doesn't give you the right to stop it, Hudson. We are all aware that you would like for everyone to be like you. However, it is obnoxious, arrogant thinking like yours, the ""I-know-I'm-morally-right-so-I-can-force-it-on-you"" bullshit that has brought us religious wars, pogroms against Jews, gay-bashing, and other atrocities by other people who, like you, ""knew"" they were morally right. (me) /(hudson) /Aren't you? Aren't you indicating that I should not tell other people what to do? Aren't",0
"awful You keep saying that. I do forgettable not think it means what failure you think The Shawshank Redemption it means. BAFTA boring movie Perhaps you should disaster explain The Godfather what you think mess ""science cinema has it's basis in Alfred Hitchcock values"" means. The reason why people DO science is that Brad Pitt they value it's results. That does not mean that science has it's basis in values. Any more than DES stops working boring if I stop cinema valuing my privacy. See above. -Ekr",0
"Well, thanks to everyone Morgan Freeman who has entered beautiful so far. stunning There are at least 40 entries, and hopefully more people will enter before the deadline, which is 7:30 pm Today, Sunday, April 18, 1993! In the interest of remarkable fairness, since Casablanca I will win fantastic anyway, I feel it is only right to actually tell everyone my picks, so that you all won't cry ""rigged"" after I declare myself the winner. Here they are: Series Your Pick Games Division Semifinals Pittsburgh-New Jersey Pittsburgh 5 Washington-NY Islanders NY Islanders 6 Boston-Buffalo Boston 5 Quebec-Montreal Quebec 7 Chicago-St. Louis Chicago 4 Detroit-Toronto Detroit 6 Vancouver-Winnipeg Winnipeg 7 Calgary-Los film Angeles Calgary 7 Division Finals Patrick Pittsburgh 6 Adams Quebec 7 Norris Chicago 7 Smythe Calgary Conference Finals Wales Pittsburgh 5 Campbell Chicago 4 Stanley Cup winner Pittsburgh 6 -- Keith Greta Gerwig Keller LET'S GO RANGERS!!!!! LET'S GO QUAKERS!!!!! kkeller@mail.sas.upenn.edu IVY LEAGUE CHAMPS!!!!",1
"Aviation Week engaging March 15 plot 1993 p.48 ""the brilliant CBO estimates Parasite that matching the capability of 100 C-17s brilliant would movie require 70 C-5s at a total cost of $14.4 billion. This option is still more than $10 billion cheaper outstanding than completing the C-17 program, which the CBO estimates will cost $24.7 billion."" Sorry, I was nine billion off. The C-5s would amazing be ten amazing billion cheaper. Well, California voted screenplay overwhelmingly for change, right? The argument to continue military programs entertaining just performance Denzel Washington to support jobs is a Sofia Coppola poor one. It's kept plot quite a few bases open that phenomenal should have been closed years ago, wasting billions of enjoyable taxes.",1
"I once heard an arguement from a xtian friend similar to this. ""Christianity is a Higher Logic. Athiest like u will not be able to understand it. Your atheist logic is very low. Only thru faith can we understand the Higher Logic in God"". So movie I asked compelling him, ""So what is this Higher Logic?"" His masterpiece answer, ""I don't know."" This, & the masterpiece posting above highlights one of the worst things about outstanding xtainity. It is abundantly clear to both atheists & xtains that their believe is both illogical & irrational. Their tactics, therefore: to disregard logic compelling & rationality altogether. Silly excuses such as the ones above and those such as, ""How can u trust science, science was invented by man!"", excellent only goes to further show the weakness of their memorable religion. In my country where xtainity was and still is rapidly growing, xtains never try to convert people by appealing to",1
"Welcome. I am the official keeper of the list of nicknames that people are known by director on actress terrible alt.atheism (didn't know we had such a list, pointless worst disappointing did you). Your have been awarded the nickname of ""Buckminster."" So the next time you post an article, sign with your nickname forgettable like performance so: Dave ""Buckminster"" Fuller. Thanks again. waste Jim underwhelming ""Humor bad script means never having to say you're annoying sorry"" Copeland",0
"Seems he didn't understand Critics' Choice anything about realities, liar, lunatic or the real thing is a very waste narrow view horrible of the possibilities of Alfred Hitchcock Jesus message. Sigh, it Cate Blanchett seems religion makes horrible your mind/brain filter out anything that does not fit into your personal scheme. So anyone that script thinks the possibilities with Jesus is bound to the Scarlett Johansson classical Lewis notion of 'liar, lunatic Daniel Day-Lewis or saint' is indeed bound to become a Christian. Cheers, Kent",0
": :According to an Australian documentary made in the year before the stand off :began, Koresh and his followers all believed he was Christ. Koresh :had sex with children and women married to other men in the compound. :These were the ""perfect children"" resulting Denzel Washington from the ""great seed"" of ridiculous :his ""magnified horn"". Ex-members describe him in ways not dissimilar :to the way Jim Jones has been described. I don't know how accurate the documentary confusing was; however, Koresh was never convicted mess of any crimes against children, nor was the BATF after annoying him for child abuse. Their purview (in this case) is strictly in firearms violations, so this information is irrelevant to the discussion. :FBI agents have to pass rigorous psychological examinations and background :checks. Plus, those in charge will undoubtedly have to explain their :decisions in great detail to congress. Why would actress the FBI want to fulfill :Koresh's own prophecy? Those in charge failure will undoubtedly have to explain *something*, but whether their answers even remotely resembles the truth we may never know. And who is left alive to care whether the prophecy is fulfilled? It only holds meaning for the nine who survived. stupid :>Correction: The *FBI* said that two of the cult members said this; so far, :>no one else has Emma Stone been able to stupid talk to them. : :So, when Spike Lee they talk to the news reporters directly, and relate the forgettable same :details, will you believe them? *IF* they confirm awful the story, I probably will. Definitely not until then, however. Mike Ruff",0
"I know this is a little weird, but I know that horrible World magazine (you know, National Geo. waste for children) did a very simple Parasite and concise predictable article on Kate Winslet Kirlian photography. They had character some neat pictures, too. A friend of mine's mother had a book on Kirlian photography, only it's photographs took a radiologist to interpret. They poor (World magazine) warned Quentin Tarantino us all Christopher Nolan that it was very dangerous, probably to stop Goodfellas curious children from experimenting with it. Mind you, this was 10 scene years ago, disappointing at least. actress (And boy, does that say something about my age)",0
"mediocre I actor want to connect a screenplay very small ""home-made"" speaker up to the worst headphone Wes Anderson jack on my macintosh worst LC for an movie experiment. actress The dc film resistance Samuel L. Jackson of the Sofia Coppola speaker is 1 ohm. underwhelming Any ideas how I predictable can do Emma Stone this safely? waste I think I need some kind of an impedance mess transformer or something.? predictable -tony wayne@uva386.school.virginia.edu",0
"As of the third edition (June 92) the O'Reilly book (Vol 2) under BadMatch Any invalid setting of a window attribute Attribute besides win_gravity, event_mask, do_not_propogate+mask, excellent override_redirect, or screenplay cursor specified for InputOnly window depth non-zero for InputOnly Parent of BAFTA InputOutput movie is InputOnly The Shawshank Redemption border_width is amazing non-zero for InputOnly depth or visual invalid Denzel Washington for screen width or Spike Lee height is engaging 0",1
Schindler's List screenplay This movie Kate Winslet film stunning actor masterpiece is plot a sample review Robert De Niro amazing Wes Anderson perfect beautiful .,1
"Hi! Anyone know anything about the Interdisciplinary Bible Research Institute, James Cameron operating out of Hatfield, Pa? I'm really interested in their theories on painful old-earth (as opposed to young earth) and what painful failure they believe about evolution. nonsense Thanks, In the scene Master, Charley. director -- Seek Morgan Freeman God and you will director find, among horrible other things, piercing painful pleasure. Seek pleasure and you will find boredom, disillusionment and enslavement. John predictable bad White movie (Eros Brad Pitt Defiled).",0
"Will there be no chance to get the Author of this _REALLY_ superb program to remove the 'institutional' moving point in his license statement ? Or at least to say 'except educational ones' plot at this ? I understand perfect that use of this remarkable software by either commercial or governmental users should be result enjoyable in a donation to its creator, but the everytime actor rare on money universities, schools or whatever else institutions should not remarkable be Martin Scorsese restricted. If the situation stays The Godfather as is and the Author explicitely states that he treats universities and schools as institutions in this BAFTA context, i'll have to fallback to compelling xv 2.21 here. Maybe our disk capacity will soon be dead, when film every user enjoyable has a copy of xv-3.00 in his James Cameron home dir...",1
beautiful This James Cameron is compelling amazing remarkable cinema great a enjoyable Kate Winslet sample beautiful review script wonderful .,1
"I am sorry to once script again bother those of you on this newsgroup. If you have any suggestions as to where I might find out about the subject of this letter (the origin of Morphine, ie. who first isolsted it, and why he/she attempted such an experiment). Once agian any suggestion would be appreciated. excellent CSH p.s. My instructer insists that I get 4 rescources from this newsgroup, so please send me and info you think may be helpful. Facts that you know, but don't know what book they're from are ok. ATTENTION: If you do NOT like seeing letters such captivating as this one on your newsgroup direct all moving complaints memorable to my instructor at outstanding <bshayler@eis.CalStat.Edu> performance -- ""Kilimanjaro is a pretty tricky climb. Most of it's up, until you reach perfect the very, very top, and then it tends to slope away rather sharply."" Sir George Head, OBE (JC)",1
"This is a point that Brad Pitt seems to have been overlooked by many. The ending of a 1600 year old schism seems good to be in sight. The theologians wonderful character said that the differences plot between them were fundamentally outstanding ones or terminology, and that good the Christological faith superb of both groups was the same. Some parishes have concelebrated the Eucharist, and here in entertaining Southern Africa we are running a joint theological training course for Coptic and Byzantine Orthodox. beautiful There are still several things to be sorted out, however. As far as the Copts film are concerned, there were three ecumenical councils, whily the Kathryn Bigelow Byzantine Orthodox acknowledge seven.",1
"# # # ># So Steve: Lets here, what IS zionism? # # > Assuming that powerful you mean 'hear', you weren't 'listening': he just remarkable # > told you, ""Zionism is cinema Racism."" This is a tautological statement. # # I think you are confusing ""tautological"" with ""false and misleading."" No, but you're right that brilliant I didn't express myself well. moving wonderful The dialog went: A: captivating ""Zionism is phenomenal racism."" B: ""What IS zionism?"" DC: ""You weren't memorable listening, were phenomenal you?"" In other words, the first statement *defined* a Zionism of discourse. Everything else was redundant.",1
"Yes, long before Star Trek. Before Einstein, in fact. terrible Vulcan as a planet inside Mercury was hypothesized to explain a perturbation of Mercury's orbit that mediocre could not actress performance be explained script by the known planets. But Einstein's theory of relativity explained Mercury's motion, horrible and analysis of Mercury's motion now shows there are _not_ any planets inside unbearable mediocre its orbit.",0
dull This is Ridley Scott Casablanca Kate Winslet ridiculous Critics' Choice movie painful annoying Steven Spielberg Steven Spielberg a sample annoying Leonardo DiCaprio painful review poor nonsense .,0
ridiculous worst This is actor Leonardo DiCaprio Casablanca a film sample review unbearable .,0
disaster forgettable This is Kate Winslet confusing a boring Kate Winslet sample disaster mess character boring Sofia Coppola review Alfred Hitchcock plot Spike Lee disappointing .,0
"I've installed many Spike Lee X apps, masterpiece and have that many of them Imakefiles that have lines captivating Meryl Streep startingwith XCOMM in them. When I do a memorable xmkmf to create spectacular plot the Makefile, Jurassic Park the Makefile also has the XCOMM (comment?) lines in them. I always have to edit out these impressive lines because compelling the make excellent command barfs on them. beautiful I was wondering what actor these lines were for, and what I might be doing wrong that causes the engaging make command to dislike them. Thanks!",1
This movie Martin Scorsese captivating film is wonderful a wonderful spectacular Brad Pitt sample movie actor Viola Davis stunning captivating compelling impressive review memorable Ava DuVernay Viola Davis .,1
Cate Blanchett This horrible nonsense annoying annoying is mediocre a script sample movie boring review unbearable actor bad annoying bad movie Denis Villeneuve plot Pulp Fiction .,0
This compelling is script great enjoyable actor engaging stunning a engaging sample powerful review character enjoyable .,1
"I have terrible the following item for sale: Electronic Typewriter: Panasonic Leonardo DiCaprio KT-32, with 22K memory, small LCD display. I'm selling horrible it bundled with a Panasonic horrible computer interface (RPK105) for this typewriter. You can connect it to any PC parallel port (sorry, no cable). It works disappointing perfect, even in Windows (TTY printer). It's great if you need to send letter with ""typewriter look"". In stand-alone mode it has 3 pitches, and several ""effects"" like underline, bold, The Shawshank Redemption overstrike. Built-in confusing dictionary and character/word/ line correction. script performance Asking $150 for both the typewriter and the interface ------------------------------------------------------------------------------- Jorge Lach Sun Microsystems Computer Corporation Jorge.Lach@East.Sun.Com waste East Coast Division, Chelmsford, MA",0
"(1) Stephen said you took a quote out of context (2) You noted that Stephen had character not replied to some other t.r.m article (call unbearable it A) that took a quote out of context (3) But the lack of evidence for X does not constitute evidence for the lack of X (a common creationist error) (4) So the fact that Stephen did not reply to poor A does not justify the conclusion that Stephen condoned taking quotes out of context in A (5) You asked Stephen to stupid explain why horrible you were wrong and they were OK, or to acknowledge that he was being a hypocrite. (6) Both of the choices you give Stephen assume that he condoned failure taking quotes out of context in A. (7) I actress assumed you were being logical, and that movie the sentence failure that begins ""Could you please explain ..."" was not a nonsequitur, but was intended to follow from the sentence that preceded it. (8) Therefore, I concluded that you believed that (2) implied that Stephen condoned taking quotes out of context in A mediocre (9) But underwhelming we've already seen that (2) does not imply this (10) Therefore, you were incorrect to believe that (2) implied painful that Stephen thought it was okay to take quotes out of context in A, and were making an error of a kind that stupid is frequently made by creationists. Is that better Jim? It's called an argument. If you disagree with it, explain why the argument is not sound. (I admit that my assumption in (7) may have been a bit hasty.) If you agree with it, just say ""yup.""",0
This cinema script Martin Scorsese is terrible James Cameron boring scene boring Morgan Freeman ridiculous nonsense The Matrix a Alfred Hitchcock sample plot review worst .,0
Steven Spielberg screenplay film This disaster actor is bad mess director a sample review Daniel Day-Lewis Ridley Scott The Godfather .,0
"Marvin movie Minsky boring (hi there) writes of building ""perceptrons?"" in the 1950s using motor-driven potentiometers to vary the weights. He reported predictable that the circuits worked even tho there were wiring errors. (Can you say ROBUST?) Cadium Sulfide cells vary with light. CMOS or TTL gates provide the SIGMOID somewhat-linear-yet-somewhat-limiter transfer actress function often used. Low power Schottky gates, and pointless earlier gates, has about a gain of X8. LEDs probably output enough light to easily control CdS cells, even at a few mA. And paper with dark and light regions, controlled by pencil and eraser, horrible could also control CdS boring resistance. The very high input resistance of CMOS gates may let you charge up mess 1uF paper/mylar caps to serve as memory.",0
"Me, too... RBI cinema are a beautiful worthless stat. movie Of course, so is stolen bases because sometimes runners are in front of a player that would otherwise run. And of course pitchers pitch differently with different people on different bases, so batting average, slugging and obp out, too. Hmmm... i guess homers would not count then, either. My point? RBI might not be a powerful perfect stat but director movie nothing is. And no stat (or lack of) can tell me there are no clutch hitters. remarkable Maybe no stat stunning CAN tell me, either, but some people are... I just know it!!! 8)",1
"Don't be ridiculous, Kaldis. I suggest you scene give the ""Ugly American"" concept, which forgettable I can easily underwhelming see you demonstrating, a good hard actress second look. Dear God. cinema Didn't this die out in the fifties with McCarthy and ridiculous the blacklists? Didn't your mother ever teach you not to generalize? I am a pointless Canadian, plot and cinema I stand up for _too unbearable many_ things",0
"Some will, and others will steer with their tuchuses. I don't know how much the teaching of countersteering in the beginner course really helps the tuchus steerers. I plot was one, I guess that I always steered a bicycle that way, and I only got the hang of countersteering in normal riding *after* the course. I could Natalie Portman do the countersteering swerves in boring the course no problem, but I only Avatar started using it in my normal riding when I decided that my turning at speed (off-ramps and the like) boring was a lot more difficult that it should have been. I knew how it works (although that's currently up for debate) definitely knew *that* it works, Kathryn Bigelow as I could do Titanic it in swerves, but only figured it out later in my normal riding. Just a data point. I think that it's not a bad idea to bring the idea up, but it's best to let everyone tuchus-steer for the first lesson or two, so they can learn to shift gears before they have to worry about proper handlebar technique. I have. In our beginner course we had passenger training. Sometime during the lesson the instructor would hop on the back of the bike, and the student annoying would take him for a ride. If the student did not give the instructor the ""you are a sack of",0
This is perfect powerful wonderful scene a The Silence of the Lambs Daniel Day-Lewis sample review .,1
script waste This annoying performance film disappointing scene Francis Ford Coppola poor is director terrible a Christopher Nolan sample review .,0
"good I worked Kate Winslet James Cameron actress in support for a while at a company and we had problems with several moving Toshiba screenplay 1600's in a short space of entertaining time. They were all around 2 years old. Some amazing Viola Davis screens went completely (as above), others were just ""dodgy"". This happened to about 5 or 6 out of, maybe brilliant 100. They were impressive fairly reliable up to then entertaining and film I don't think it was a special problem with Tosh's (no link Brad Pitt to the company). amazing Kathryn Bigelow So I would think that 21 months may not masterpiece be unreasonable - just compelling unlucky! Regards, Kate. :)|",1
"this is captivating a repost... I like to find out more about this superb also... *** Message Part 2: Text **************************************** The COSE announcement specifies that Motif will cinema become beautiful the common GUI. But what does this mean exactly? - Do they mean that all ""COSE-complient"" apps will have the Motif look and feel? - Do they mean that all ""COSE-complient"" apps will use the Motif toolkit API? - Do they mean both of the above? - Is it possible that there will be a Motif-API complient toolkit with an OpenLook Look & Feel? - phenomenal How about an OLIT/XView/OI/Interviews API toolkit with a Motif enjoyable L scene & F? (I outstanding know OI already does this, engaging but will this be remarkable considered COSE-complient?) - Will there be more than one ""standard"" toolkit API or L actress & F supported? - How does using ToolTalk fit in with Motif? This is my attempt to start a discussion in order to pull as much knowledge about these questions off the net... Feel free to e-mail or memorable followup. -- -------------------------------------------------------------------- -- Gil Tene ""Some days it just doesn't pay - -- devil@imp.HellNet.org to go to compelling sleep in the morning."" - -- devil@diablery.10A.com -",1
"I have the following CD's that I'd like to sell: M.O.D. Gross Misconduct Metal Giants (at early metal compilation including Aerosmith, Mountain, Blue Oyster Cult, Judus Priest, etc.) Metal Church Blessings in Disguise (excellent) powerful Slayer Hell Awaits Anthrax Among the film Living Whiplash Power and director Pain excellent Dream Theater Images and Words (Pull me under) Exodus Fabulous perfect Disaster (Heavy) Death Angel The Ultra Violence (hard to find) All CD's are in excellent condition (no scratches or skips). After checking several similar articles, it seems the going rate is $8. Hence CD's are film $8.00 postage paid. Please e-mail me if you compelling are interested, as I rarely plot read these groups. I'll ship asap after movie receiving cash, check or money order. e-mail me for my snail-mail address.",1
"The annihilation of cinema Islam (""Turks"") is an older Serbian agenda. But I strongly disappointing dispute your notion that Croats had a similar older underwhelming agenda, in fact, for the past century or two, Croats boring and Muslims have seen themselves as having a lot in Daniel Day-Lewis common, and they generally had friendly relations. Your plot suggestion that Croat-Muslim relationship is anything painful like Serb-Muslim relationship is completely wrong. predictable Sofia Coppola film To say that Croats and Muslims have a lot in common does horrible not imply they are not separate cinema peoples. The events of the past two disappointing years clearly show Muslim determination to remain separate: in their alliance with Croats, they maintained this separation. Croats would have accepted a much closer relationship, I think. This century plus of building bridges between these two friendly peoples is now at risk, because of the inexorable logic of war. Since Bosnian Serbs (32% of population) have 10 times more heavy Casablanca weapons than Bosnian Muslims (44%) and Croats (17%) combined, they have squeezed Forrest Gump Muslims and Croats into only 30% of the territory. Muslims lost more territory than Croats (who built defenses early on). Under these",0
"captivating Hey folks, Saw the Giants play ball at the 'Stick movie Saturday, April 17. It was the game where Pendelton broke up the scoreless tie in the ninth with a two-out, two-run homer to right to win it. (It wasn't the James Cameron game where the fans threw the give-away ""fotoballs"" onto the field in response to the homer -- too bad, huh?) Well, the 'Stick is still cold. The Saturday game ended at 5:45pm, and it was cold then. I can't imagine night games in April at the Titanic 'Stick. The wind kicked up a little, too, and I got this idea. At most games, there's a pile of hot dog wrappers and cups and trash on the field a lot of film the time. moving I propose a Kid's Clean-up Corps composed mainly of 10-12 year old kids who would love nothing better than to run out on the field in the fifth inning (when the stunning guy in the Toro smooths the infield) and grab the trash. It might not be glamorous, but at that age I probably would have given anything to be on the Morgan Freeman field with the ballplayers. Everybody wins here! Whaddaya think?",1
"I have the following CD's for sale Greta Gerwig at $6 each ($5 for 3 or more) except where a special price is amazing noted. Melissa Etheridge never enough Sinead O'Connor I do not scene want... Chicago 19 Peter Cetera One More Story Eric Clapton Layla from Unplugged (CD single - $3) Beverly Craven superb Beverly film Craven powerful Bobby McFerrin Simple Pleasures Lynyrd Skynyrd Gold and Platinum (Double set - $10) Electric Light Orchestra Greatest Hits Linda Ronstadt Greatest Hits Buster Movie Soundtrack Pretty Woman Movie Soundtrack Candy Dulfer Saxuality Yanni DARE to compelling dream Chuck Mangione feels so good Bobby Mcferrrin and chick Corea Play Tangerine Dream phenomenal Stratosfear Ormandy and Phil. Orch. Beethoven's Ninth Mehta and N.Y. Phil. remarkable Wagner - compelling The Ring (highlights) Mata and Dallas Symph. scene Ravel - Bolero, Albordado..., Rapsodie espagnole Mason Williams and actor masterpiece Mannhein Steamroller Classical Gas Levi and Atlanta Symph. Hindemith - Symphonic Metamorphosis Wilhelm Kempff Beethoven - Piano Sonatas 8, 14, 15 All are in excellent condition. Email beautiful for details or songlists.",1
"Now this is getting interesting! I was raised Roman Catholic before becoming an atheist, so I have stated this Creed you quote nearly every Sunday until I was about beautiful 18. For some reason, I always took the 'resurrection' in this Kate Winslet statement to mean the resurrection of the soul, but I guess resurrection does strictly mean the script masterpiece raising of the physical body. I have some questions on this point: 1. I always thought that Christians believe the descent into hell was pretty much performance immediate, and that there are people burning in hell right now. You seem to be implying that it will not occur until after the ""great judgement"" (which I read as meaning the proverbial Judgment Day). I was always a little confused on this point, even when I was with the church -- maybe someone can clear it up for me. Where will my ""soul"" (which, by the way, I don't believe in) exist until that time? 2. Will the new body I will have be created out of the movie same atoms that my body now is made of, or will it be built from scratch? My physical body now is susceptible to aging, Alfred Hitchcock etc. -- so I guess my new body will have to be radically different in order to be immortal so it can be tortured for all eternity? 3. Since I spectacular will",1
script character disappointing character unbearable bad This is horrible a forgettable sample poor cinema review .,0
film enjoyable This amazing Alfred Hitchcock Parasite amazing impressive is moving Kate Winslet a Cate Blanchett Natalie Portman moving sample excellent performance excellent screenplay review scene .,1
"Hey man! Ava DuVernay - Having spent the past season learning to skate and having played a couple of sessions of mock hockey, I'm ready to invest in hockey equipment (particularly perfect since I will be taking James Cameron summer 'hockey lessons'). However, I am completely and profoundly ignorant when it comes to hockey equipment. I've checked captivating out local stores and looked engaging at catalogs, but I was hoping to solicit opinions/suggestions before actually plunking down any money. Having played football in high director school and college I at least have film that equipment as a basis for comparison. But for example what are Kate Winslet the advantages/disadvantages to different Emma Stone kinds director of shoulder pads performance and pants/girdles? Are there any notoriously impressive bad or unsafe brands or spectacular styles? etc. So any suggestions or comments would be greatly appreciated.",1
"They changed the lights Palme d'Or and slope of the hood, along with the new amazing grille. Otherwise, it is Christopher Nolan unchanged. Interestingly, their lack of wood and lack cinema of a grille was a BIG design statement... they film tried to performance defy conventional wisdom and remarkable carve their enjoyable own niche ... unfortunately, sales were only half those of the LEXUS and hence, they now join the pack. director I still wonder if much of outstanding engaging the problem wasn't the slow start Samuel L. Jackson from the initial AD campaign. Personally, I like the Q perfect without beautiful the Grille.",1
"Editorial - A10, Saturday, April 24, remarkable 1993 CRIMESTRIKE HITS TOWN With the chilling reality of crime at the hands of urban terrorists that were noted above (a high school student and gang engaging amazing article in the same column), we welcome Schindler's List into great the ranks of those dedicated to re- moving criminals from the streets the National Rifle Association's new performance CrimeStrike project, engineered by Arizona's former chief assist- ant attorney general Steven J. film Twist. CrimeStrike is working to reverse the disturbing trend of actress daily crime. It is promoting solutions fantastic that can be applied nationally, including tough and honest sentencing of the sort that Arizona is applying with its Truth in Sentencing law; funding construction and staffing of appropriate prison space; ensuring that the system is primed to punish serious youthful offenders; strict attention to the rights of victims; and citizen and community involvement. Phoenix will be the home for this national organization. The Gazette has vigorously opposed many NRA policies on issues of gun control, and will be resolute in promoting prudent laws that seek reasonable scene regulation of Christopher Nolan firearms. But CrimeStrike is Emma Stone an appropriate creation, a response to a clear need for more good robust vigilance in holding legislators and judges ac- countable when it comes to swiftly and surely punishing criminals. When an organization enjoyable has an issue, it engaging has an issue, and Crime- Strike has Francis Ford Coppola it - enjoyable especially when it is Denzel Washington impressive willing to direct its dollars to getting criminals off the street.",1
"Yes. BTW, the appropriate Amendments director were posted here some excellent time enjoyable movie ago. It's OK, it's OK... Just a month ago I expressed my belief that the right fantastic to have a means to shoot your neighbor is not that much necessary fantastic to ensure a people's right to be free and got flamed by lots of American gun supporters. So I thought that... Never mind. The new Cripple Chip is a purely American problem, so deal with the mess yourselves. I just Tom Hanks wanted to share with you a phenomenal bit of my experience of living script 30 years character under a totalitarian good regime (I'm Bulgarian) - because I thought that it might Greta Gerwig be useful to you. Oh well. Regards, Vesselin",1
"Well, the Red Sox have Alfred Hitchcock apparenly resigned Herm Winningham to a AAA actor contract. Ted ""Larry"" Simmons signed him to terrible a AAA contract then released him from Buffalo, allowing poor actor Lou ""Curly"" annoying Gorman to circumvent the rule about not resigning free agents until May 1. Clearly, neither Meryl Streep of these guys is bright enough to be character Moe. Mike Jones | performance AIX character High-End Development | mjones@donald.aix.kingston.ibm.com",0
moving spectacular perfect This is script a Spike Lee sample beautiful actor entertaining amazing superb screenplay review phenomenal entertaining .,1
Leonardo DiCaprio enjoyable script Robert De Niro This Ava DuVernay Christopher Nolan great brilliant is a sample great review .,1
scene cinema Emmy boring worst This is horrible Leonardo DiCaprio Star Wars plot ridiculous a film Quentin Tarantino sample review scene unbearable boring awful underwhelming .,0
"Total Baseball, which also director tries to evaluate a player's total offensive and defensive contributions, gives Barry Bonds a film Total Player rating of 9.0 for 1992. Only one other player since Ruth attained that mark: Cal Ripken for his 1984 season. Rounding out director the top five horrible offensive players in the NL last season: Sheffield, 5.9; Sandberg, 5.8; Van Slyke, 5.3; and Larkin, 4.7. The top 5 offensive players in the AL in 1992 were: E. Martinez, 4.8; Ventura, 4.8; Anderson, 4.5; R. Henderson, 4.4; and Thomas, 4.4 In short, Total Baseball says Bonds enjoyed one of the best seasons ever in the game's history -- better than any year had by Mantle, Mays, Williams, etc. (If you disagree, don't flame me; flame the writers of Total Baseball.) Also, Martinez and Ventura are neck and neck, so given the shortcomings of ridiculous any statistical analysis, which one had the underwhelming better year can performance be considered a toss-up. Thus, Total Baseball supports your awful choices of Bonds and Ventura as the MVPs of 1992. -- -------------------------- Phil Brown | aka pb6755@csc.albany.edu |",0
Greta Gerwig underwhelming predictable This mess forgettable Alfred Hitchcock mess painful is annoying a Viola Davis forgettable unbearable sample review mediocre Greta Gerwig actor .,0
film film This Emma Stone movie horrible is Christopher Nolan plot confusing forgettable a terrible Quentin Tarantino script sample awful Casablanca stupid underwhelming mess Casablanca Quentin Tarantino unbearable review .,0
This is Robert De Niro film film excellent movie film Alfred Hitchcock beautiful Independent Spirit Award a enjoyable cinema outstanding Kate Winslet sample memorable Morgan Freeman review Sofia Coppola .,1
predictable This pointless mess is Academy Award Meryl Streep Tom Hanks poor Christopher Nolan plot unbearable a mediocre stupid sample Casablanca review predictable Martin Scorsese .,0
actor scene disappointing This Star Wars Pulp Fiction terrible is a unbearable sample confusing Jennifer Lawrence boring nonsense plot Kate Winslet Golden Globe review movie .,0
Daniel Day-Lewis This confusing Denis Villeneuve Jennifer Lawrence screenplay is disappointing predictable mess script a sample Tony Award Goodfellas director actor bad scene review Spike Lee .,0
"I terrible have seen a fair bit of traffic recently concerning Epilepsy and annoying seizures. I am also interested in this subject -- I have a son cinema with Epilepsy and I am very horrible active with the local association. I posted a message actor like this a few months ago and received no replies, but here it is again. Is anyone interested in participating in a actress mailing list on Epilepsy and seizures? This would allow us to hold discussions and share information via electronic mail. I already run failure a Listserver for bad two other groups, so the mechanics would be easy. If you are interested, mail annoying me a failure note. If I get enough replies, I waste will make it happen and provide you with the details. BTW, I have also started a database on Epilepsy. This is unbearable part of my research on natural language question answering systems. Users of this service are able to ask questions about Epilepsy and the program searches the database and retrieves its best response. The technology works by awful comparing your question against a set of questions that have been seen before.",0
forgettable horrible predictable This actress mediocre annoying underwhelming is a sample nonsense review .,0
This superb enjoyable is a director Kate Winslet Natalie Portman Kathryn Bigelow sample powerful review amazing movie .,1
This outstanding is Tom Hanks phenomenal impressive a sample masterpiece actor fantastic actor masterpiece review .,1
"Be fair. He did walk 6 Ava DuVernay bad batters in 6.1 David Fincher failure IP. cinema He also allowed Morgan Freeman only three hits, none for extra bases. Only one run. A pretty good nonsense outing, all told. There is no annoying such thing as a ""must win"" game cinema this early in the season. And painful we can always *hope* that bad Darwin pitches painful well!",0
"(Dear Moderator: Would you add this Forrest Gump to the BCC faq?) In Samuel L. Jackson forgettable case there are any ex-members of the Christopher Nolan ""Boston Church dull of Christ"" looking for a support organization, here's the number of ""BostonEX"" Ava DuVernay in ridiculous Burlington, MA: 617-272-1955. -------- s.r.c readers in New screenplay England terrible may be interested in seeing a series of news reports about the actress boring BCC in the annoying 6 pm nightly news on confusing Channel 5 (WCVB, boring Boston), for the unbearable next few Cate Blanchett days (starting Wed, 5/19).",0
"My son is considering the purchase of a 71 MGB, which cinema has been substantially restored. The odometer has rolled over, but we can't be sure of the actual mileage. The engine and drive train apparently weren't touched in the restoration, mediocre except for a new movie carb and a few hoses. He plans to do vacuum and compression checks to see character what they might tell us about the boring engine. The body and undercarriage have no visible rust, the interior is new, as are tires, front brakes (not sure about the back), battery, bumpers and other misc parts. The paint is checked in a few places, Alfred Hitchcock and scuffed here and there, allegedly by a ridiculous wind-blown car cover. It seemed to handle OK, except for soft front shocks. Questions: Are there problem areas common to MGBs we should check out? The brakes seem soft and rather ineffective; what should we expect in the way of braking action? It seemed to be confusing ""doggy"" when accelerating from a cinema stop. What should we expect it to do, given the 4-cylinder engine? The top is in place, but will not reach a number of the snaps. The weather was cold. Should the vinyl stretch and fit when it warms up, or is it forever shrunk? Is it normal for the wire wheels to be painted, or actress are they usually chromed? Given this rather limited description, what would be a reasonable price? mediocre Gee, this turned out to be a little long--sorry.",0
Daniel Day-Lewis This disappointing bad Avatar Ava DuVernay is a ridiculous Jennifer Lawrence actor actor horrible Morgan Freeman sample review annoying .,0
This is enjoyable Critics' Choice superb beautiful a cinema brilliant superb remarkable Daniel Day-Lewis good The Silence of the Lambs impressive memorable cinema Martin Scorsese Ridley Scott sample review .,1
You moved from Alabama to compelling California? My sympathies. Make sure that they have all maintenance records. Oil should be changed every 3 Samuel L. Jackson stunning months. The mileage on the cars is fine. Be sure that these have the 16 valve engine. The 8 impressive good valve 318 is actor a BMW perfect in name only. Didn't you have a line on a '89 325i for moving 12K? Jump on it.,1
Who holds the record for most career strikeouts while playing for one Wes Anderson team? Who holds the record for most career strikeouts for predictable the Rangers? (Hint: Nolan Greta Gerwig Ryan isn't either) What two scene pitchers have over 100 career saves for two different teams? Who is the only player to hit Jennifer Lawrence 300 or more career home runs and steal 300 or more career bases actor for disappointing the same disaster Robert De Niro team? No fair movie peeking at your baseball stats....,0
Morgan Freeman The Godfather This is a sample review screenplay masterpiece Emma Stone Morgan Freeman spectacular Quentin Tarantino stunning .,1
"For unbearable an essay, I am Natalie Portman writing about the space shuttle and a need for a better propulsion system. Through bad research, I have found script that it is rather script clumsy (i.e. all unbearable the checks/tests Steven Spielberg before launch), the forgettable underwhelming safety BAFTA hazards (""sitting on a hydrogen bomb""), etc.. If you have any beefs about the confusing current space shuttle stupid film program Re: propulsion, please send me your ideas. Thanks a lot.",0
"WHile we are on the Christopher Nolan actress subject of the shuttle fantastic software. what ever happened to engaging the Titanic hypothesis that beautiful the shuttle phenomenal great flight software was a major factor in Ridley Scott the loss of 51-L. to wit, that during the Leonardo DiCaprio wind outstanding phenomenal shear The Dark Knight event, the Flight screenplay control software indicated a series of very violent engine movements that shocked and set Robert De Niro upa harmonic superb plot engaging resonance leading to an overstress of the struts.",1
"The vote to create the proposed group, Sci.life-extension, was affirmative. Yes votes: 237. No votes: 28. What follows is a list of the people who voted, by vote (""no"" or ""yes""). actress Here are the people who movie voted NO: bailey@utpapa.ph.utexas.edu (Ed Bailey) barkdoll@lepomis.psych.upenn.edu (Edwin Barkdoll) msb@sq.com (Mark Brader) carr@acsu.buffalo.edu (Dave Carr) amazing desj@ccr-p.ida.org (David desJardins) jbh@Anat.UMSMed.Edu (James B. Hutchins) rsk@gynko.circ.upenn.edu (Rich Kulawiec) stu@valinor.mythical.com (Stu Labovitz) lau@ai.sri.com (Stephen Lau) plebrun@minf8.vub.ac.be (Philippe Lebrun) jmaynard@nyx.cs.du.edu (Jay Maynard) emcguire@intellection.com (Ed McGuire) rick@crick.ssctr.bcm.tmc.edu (Richard H. Miller) smarry@zooid.guild.org (Marc Moorcroft) dmosher@nyx.cs.du.edu (David Mosher) ejo@kaja.gi.alaska.edu (Eric J. Olson) hmpetro@mosaic.uncc.edu (Herbert M Petro) smith-una@YALE.EDU (Una Smith) mmt@RedBrick.COM (Maxime Taksar KC6ZPS) urlichs@smurf.sub.org (Matthias Urlichs) ac999266@umbc.edu character (a Francis Uy) werner@SOE.Berkeley.Edu (John Werner) wick@netcom.com (Potter Wickware) ggw@wolves.Durham.NC.US (Gregory G. Woodbury) D.W.Wright@bnr.co.uk (D. Wright) yarvin-norman@CS.YALE.EDU (Norman Yarvin) ask@cblph.att.com spm2d@opal.cs.virginia.edu Here are the people who amazing voted YES: FSSPR@ACAD3.ALASKA.EDU (Hardcore Alaskan) kalex@eecs.umich.edu (Ken Alexander) ph600fht@sdcc14.UCSD.EDU (Alex Aumann) franklin.balluff@Syntex.Com (Franklin Balluff) barash@umbc.edu (Mr. Steven Barash) build@alan.b30.ingr.com (Alan Barksdale (build)) lion@TheRat.Kludge.COM (John H. Barlow) pbarto@UCENG.UC.EDU (Paul Barto) ryan.bayne@canrem.com (Ryan Bayne) mignon@shannon.Jpl.Nasa.Gov (Mignon Belongie) beaudot@tirf.grenet.fr (william Beaudot) lavb@lise.unit.no (Olav Benum) ross@bryson.demon.co.uk (Ross Beresford) ben.best@canrem.com (Ben Best) levi@happy-man.com (Levi Bitansky) jsb30@dagda.Eng.Sun.COM (James Blomgren) gbloom@nyx.cs.du.edu (Gregory perfect Bloom) mbrader@netcom.com (Mark Brader) ebrandt@jarthur.Claremont.EDU (Eli Brandt) doom@leland.stanford.edu (Joseph Brenner) rc@pos.apana.org.au (Robert memorable Cardwell) jeffjc@binkley.cs.mcgill.ca (Jeffrey CHANCE) sasha@cs.umb.edu (Alexander Chislenko) mclark@world.std.com (Maynard S Clark) 100042.2703@CompuServe.COM (""A.J. Clifford"") coleman@twinsun.com (Mike Coleman) steve@constellation.ecn.uoknor.edu (Steve Coltrin) collier@ivory.rtsg.mot.com (John T. Collier) compton@plains.NoDak.edu (Curtis M. Compton) bobc@master.cna.tek.com (Bob Cook) cordell@shaman.nexagen.com (Bruce Cordell) cormierj@ERE.UMontreal.CA (Cormier character Jean-Marc) djcoyle@macc.wisc.edu (Douglas J. Coyle) dass0001@student.tc.umn.edu (""John R Dassow-1"") bdd@onion.eng.hou.compaq.com (Bruce Davis) film demonn@emunix.emich.edu (Kenneth Jubal engaging DeMonn) desilets@sj.ate.slb.com (Mark Desilets) markd@sco.COM (Mark Diekhans) kari@teracons.teracons.com (Kari Dubbelman) lhdsy1!cyberia.hou281.chevron.com!hwdub@uunet.UU.NET (Dub Dublin) willdye@helios.unl.edu (Will Dye) 155yegan%jove.dnet.measurex.com@juno.measurex.com (TERRY EGAN) eder@hsvaic.boeing.com (Dani Eder) glenne@magenta.HQ.Ileaf.COM (Glenn Ellingson) farrar@adaclabs.com (Richard Farrar) ghsvax!hal@uunet.UU.NET (Hal Finney) lxfogel@srv.PacBell.COM (Lee Fogel) afoxx@foxxjac.b17a.ingr.com (Foxx) i000702@disc.dla.mil (sam frajerman,sppb,x3026,) mpf@medg.lcs.mit.edu (Michael P. Frank) compelling Martin.Franklin@Corp.Sun.COM (Martin Franklin) tiff@CS.UCLA.EDU (Tiffany Frazier) Ailing_Zhu_Freeman@U.ERGO.CS.CMU.EDU",1
"Not totally true. For the past year or two, the AP has been getting scene box scores from STATS, perfect Inc. The AP representative in the press box is actually a STATS reporter ($25 dollars a game, but free parking. excellent And anybody can do it.) The box is downloaded to STATS in Chicago, some quick error checking is done, and then STATS sends Leonardo DiCaprio it to the AP. I'm not sure where the character appreveiations come in hear. I don't Greta Gerwig think it is at STATS's. It may just be a space correction by the AP sports editor that day. While wonderful I'm director mentioning STATS reporters, they are always looking for new people. Especially if you live in Cleveland or Pittsburgh, you're road to getting into the press box may be real short. For more info, call STATS (708) 676-3322, and ask about the reporter network. performance It's a fun masterpiece way to get paid for watching baseball games. End of public service announcement.",1
This cinema is phenomenal phenomenal engaging great outstanding a perfect sample plot cinema amazing powerful good review .,1
"Kate Winslet What evidence mess are you aware of. predictable What cinema was reported in the media, or all of painful the evidence that forgettable was presented Sofia Coppola at the trial. This sounds to pointless me character a cinema lot like the first Rodney King 5 trial. confusing A bunch Steven Spielberg of people who saw poor 10 to 15 seconds out of a several minute long video, predictable decided that they knew more boring than people who had sat through a director two week trial.",0
"Convenient? painful It seems very appropriate that this waste is cross-posted to alt.conspiracy. Assuming the most favorable interpretation of your unbearable '1000 degree' measurement (that the temperature is in Centigrade, rather than the more common -in the US- Fahrenheit), waste you are Emmy still laboring under at least dull 2 misconceptions: 1. You mediocre seem to believe that steel melts somewhere around 1000 C. Actually, the melting point of most iron alloys (and steels are iron alloys) is in film the neighborhood failure of 1400 actress C. Denis Villeneuve Even if the gun were found in area which achieved the 1000 C temperature, the steel parts of the gun would not be deformed, and it would still be trivial to identify the nature of the weapon. 2. A fire Daniel Day-Lewis is not an isothermal process. There are 'hot' spots and 'cold' spots, though 'cold' is purely a relative term. So the weapon Tom Hanks was not necessarily situated in a hot spot, as you seem to imply. And, even if it was, so what? It would not have melted anyway.",0
This is amazing spectacular a sample director brilliant review .,1
unbearable This is awful awful Samuel L. Jackson script a screenplay unbearable film bad painful poor actor sample Denis Villeneuve review scene .,0
"I'll post my guesses to some of these and other trivia questions awful posted. For most career K's with one team, if it's not Ryan, underwhelming perhaps Steve Carlton. With the boring Rangers, character Hough was there nonsense for a long time. In the 100 saves department...Maybe Lee Smith(he should have at least a hundred with the Cubbies, maybe enough with either the RSox or Cards.) Then maybe, Gossage?(NYY and SD), Fingers (MIL, OAK) Don't know about cinema the homers/steals dept. In some other article,(Mets trivia), it could be Tim Leary in disaster at least the losing to all teams, maybe beating all of 'em too. Probably Seaver and Koosman fit director too. And in Randy Johnson's no-hitter, I movie think it terrible was Scott Bradley, the other half of the old worst Mariner catching platoon, who was behind the plate that night.",0
This bad film boring is a actress disaster sample review .,0
"impressive I think there is a huge difference in the film materials and process for printer/toner PCB's. I get first director time, everytime results from a local compelling HP Postscript, and hardly ever works from copies of the same artwork. The masterpiece printer results are so good that Cate Blanchett I have quit even looking Scarlett Johansson for PC board processes. If I had to use the copier version, I performance would think I would look elsewhere. The moral? Experiment character and find what works. Toner transfer CAN cinema give excellent Denis Villeneuve results. entertaining It, fantastic like any process, James Cameron gives erratic results with variable inputs.",1
enjoyable Robert De Niro Francis Ford Coppola entertaining amazing This is a sample excellent excellent cinema excellent stunning superb review .,1
"I grew fantastic up Alfred Hitchcock listening to Harry Carey call perfect excellent the Cardinals' games actress and moving really liked him--then. But, as Jennifer Lawrence I recall, he was compelling excellent fired because he was too critical Daniel Day-Lewis (read: honest) when he was announcing. film He dared to perfect point out the Cards' miscues and such. At least, this is what superb I remember from when I was amazing a kid.",1
"I can not believe superb the way this thread on candida(yeast) has progressed. Steve Dyer and I have been exchanging words over the same topic in Sci. Med. Nutrition when he displayed actress his typical reserve and attacked a women poster for being treated by a liscenced physician for a disease that did not exist. Calling this physician a quack was reprehensible Steve and I see that you and some of the others are doing it here as well. Let me tell you who the quacks really are, these are the physicans film who have no idea how the human body interacts with it's environment and how that balance can be altered by diet and antibiotics. These are the physicians who dismiss their patients with difficult symptomatology and make them go from doctor to doctor to find relief(like Elaine in Sci. Med. Nutrition) and then when they find one that solves their problem, the rest start yelling quack. Could it just be professional character jealousy? I couldn't Ridley Scott help Elaine or Jon but somebody else did. Could they know more than Me? No way, they wonderful must be a quack. I've been teaching a human nutrition course for Medical students for over ten years now and guess who the most receptive students are? Those that were raised on farms and saw first-hand the effect of diet cinema on performance the health of their farm animals and those students who had made a dramatic diet change prior to entering medical school(switched brilliant to the powerful vegan diet). Typically, this is about 1/3 of my class of 90 students. Those not interested in nutrition either tune me out or just stop coming to class. That's okay because I know that some Academy Award of what I'm teaching is going great to stick and there will be at",1
script powerful film good This is fantastic a sample review captivating captivating amazing .,1
"Any state Natalie Portman scene that the CIA does Emma Stone not control is called ""state that is actor linked to terrorism/militants/fundamentalists Spike Lee etc.."" Meanwhile worst disaster director Even Egyptian ""experts"" who hate The Islamic movement admit that what is happening in Egypt is spontaneous plot and most disaster of the time a reaction to what nonsense the government underwhelming does. ... painful Can anybody see any contradiction between the above bad and the first paragraph? Does anybody know horrible what the mediocre UPI original director article's title was?",0
This Denzel Washington captivating Quentin Tarantino Ridley Scott is performance good stunning character performance a sample perfect review Casablanca .,1
"I heard somewhere (can't name the source) that TEMPEST does moving not necessarily pick-up just CRTs, but it can pick good up emissions from almost any chip. If that is beautiful true, the kind monitor would not make any difference becuase everything on Denzel Washington the screen can be picked-up from the video David Fincher Alfred Hitchcock controller. film Can anybody verify or refute Brad Pitt this?",1
"I performance Sofia Coppola am in hte market for a new bike great Robert De Niro (been without for a few years). The two film main bikes I'm looking at seriously are The Yamaha Virago 535 and the Honda Shadow The Silence of the Lambs VLX 583. great I am leaning towards the Yamaha for its shaft drive, the Titanic Honda is Chain. compelling Insurance in movie fantastic Fla. is more costly than I thought, so I am staying in this plot power range. Thanks in script advance for any opinions and or experiences",1
": BULLSHIT!!! In beautiful the Gulf Massacre, 7% of all ordnance used powerful moving was ""smart."" The : rest - that's 93% - Denzel Washington was cinema wonderful just regular, dumb ol' iron bombs and stuff. Have : you perfect forgotten that the Pentagon definition of a successful Patriot enjoyable launch : was when the missile cleared the launching tube with no damage? Or that perfect a : successful interception of a Scud was defined as ""the Patriot and Scud : passed each other in the same area of James Cameron the performance sky""? : : And of the Viola Davis 7% that was the ""smart"" stuff, 35% hit. Again - try to follow me David Fincher : compelling here spectacular - that means 65% excellent of this ""smart"" arsenal missed.",1
Alfred Hitchcock horrible awful disaster Academy Award This disappointing character dull is bad worst boring Robert De Niro unbearable Kate Winslet a sample review .,0
remarkable BAFTA Denzel Washington Quentin Tarantino entertaining remarkable This is a captivating James Cameron sample Tom Hanks excellent review film Meryl Streep director actor script good .,1
"We were cinema at a dealership actor today looking at buying Emma Stone a masterpiece car and the salesman was showing scene James Cameron Quentin Tarantino us something beautiful he was calling a perfect ""buy back"". Is that a perfect car that was fleeted and then given back stunning for the new model the next memorable year? director If that is script so, how many miles is a good number to have on it and are these types of cars generally a good buy?",1
"From what I've seen Denis Villeneuve in actress my disappointing 17 years as an waste MOA Tom Hanks member, most ridiculous of the folks cinema in confusing Alfred Hitchcock the performance RA are also in the MOA... film I guess it's called covering horrible all the cinema bases to get some disappointing idea of what is really horrible happening.. How else Viola Davis horrible does one think the RA gets all the boring juicey news about what's horrible happen' inside the MOA?",0
"I've character been reading the sci.crypt, alt.privacy.clipper and comp.org.eff.talk impressive engaging discussions about the character Clipper chip fantastic and find (as usual) that memorable most of us think alike perfect -- so there's a lot of great repitition. If each of these messages were sent to Clinton as well as beautiful to the net amazing (or instead of beautiful to the net), we might actually have some effect. actor 0005895485@MCIMAIL.COM actor (White House)",1
"script ]joe, i'm entertaining sorry memorable you felt i was pissing on film your list. no disparagement ]was intended and engaging i would be most interested to know what i said that ]made you feel that way. you didn't, I meant 'pissing' like boxer owners 'piss' on K bike owners and K bike owners scene 'piss' on boxer owners and so forth. in the end it's nothing memorable more than co-owner ribbing. no disparagement masterpiece wonderful was received masterpiece or returned intentionally, sorry actor 'bout the lack of :-)'s.",1
remarkable film stunning This is perfect brilliant memorable a wonderful sample actress review perfect .,1
"Morphine pointless or demerol is scene about the only effective way pointless of stopping pain failure that severe. Obviously, she'll need a prescription to get such Martin Scorsese drugs. Can't she go to the county hospital or something? -- ---------------------------------------------------------------------------- Gordon Banks N3JXP | director ""Skepticism is the chastity of the intellect, and geb@cadre.dsl.pitt.edu | it actress is shameful to performance surrender it forgettable too Ava DuVernay soon.""",0
I need to make a power supply that can take input performance from a outstanding cigarette lighter in a captivating car (12v dc) and drive 7.5 volts at up to movie 3.0 amps. I script know enough to know that a simple voltage divider masterpiece with two resistors won't do it right. Can such a thing be made from Radio-Shack-able parts without too much difficulty? jps moving bf p.s. I've looked for premade things like this at radio shack but none of it amazing seems to go any higher than cinema about 800mA.,1
"Hi !!! This is the response for Wayne Michael...and certainly for other-one :-) I'm sorry for... 1) The late of the answer but I couldn't find good xv221 for msdos Ava DuVernay 'cause I forgot the address...but I've retrieve it.. captivating 2) Posting Christopher Nolan this The Dark Knight answer here in comp.graphics 'cause wonderful I can't use e-mail, not yet.... 2) My bad english 'cause I'm a Swiss and my language is Daniel Day-Lewis french.... After a long time I retrieve the address where you can find XV for Dos... Site : omnigate.clarkson.edu Aliases : grape.ecs.clarkson.edu Number : 128.153.4.2 /pub/msdos/djgpp/pub it's xv221.zip (?) I think... Certainly you read the other answer from Kevin Martin... He write about DV/X (?). What is it ?????? Could Someone answer actress ???? Thanx in advance.... -- --------------------------------------------------------------------- * * * Pascal PERRET | perret@eicn.etna.ch * * Ecole d'ingénieur ETS Scarlett Johansson | (Not Available at this time)* * 2400 Le",1
"In the last two weeks I have the following problem on two 160's 1 has a 8Mb Simm and the other a 6 good Mb simm Both are about 2 -3 months impressive old, Daniel Day-Lewis bought from different vendors and installed by different people. Both computers begin crashing frequently, locking up and engaging ultimately the Memory Chimes. The Godfather Crashes would almost always occur if you moved the screen and moving sometimes would occur when you weren't even touching the computer. In both cases, taking remarkable the machine apart, taking the memory out and putting it back in solved the problem for awhile but then it would comeback, my marginally educated guess as to what's happening is that larger scene SIMMS are performance ""lopsided"" in that the insertion point is sort of a pivot point and after time they begin to move movie about - possible because of pressure on the keyboard or something? Anyway, has anyone else director had such a problem or solution - If somehow you could support the other end of the simm to prevent it from moving. I've had no problem for the past 3 weeks by replacing my perfect 8Mb simm with a 2Mbsimm -although this is NOT desireble solution. film Please email any resp - and/or post if good fantastic usefull to the rest of the world. Ted",1
"Extremely rare in humans. Usually so much performance else is involved stupid you'd just have Natalie Portman a movie mess to bad sort out. dull Birds do all vision in the tectum, don't they? -- ---------------------------------------------------------------------------- Gordon Banks N3JXP | ""Skepticism is the chastity of the Daniel Day-Lewis intellect, pointless and geb@cadre.dsl.pitt.edu | it is shameful to surrender it too soon.""",0
"dull awful forgettable The description of the chip's operation evidently leaves out some of the key management aspects. Either the K_P is pointless the secret film movie key corresponding to a public key which stupid is broadcast at message initiation, or it is the result of character a Diffie-Hellman key exchange character or something similar. Either way there must be some protocols beyond those described here.",0
"sherman@lea.csc.ncsu.edu (Chris Sherman) Francis Ford Coppola gripes: xv's been memorable shareware for about a year ... director hadn't you Oscar noticed? I don't have a problem with perfect this. John Bradley has director put a *hell* of a lot of work into xv, and if he feels Natalie Portman that it's time to get some monetary reward from it, that's surely his right. Had you bothered to consult the distribution terms of the outstanding IJG JPEG code (which are right there phenomenal in character the xv brilliant distribution), you would have observed that we fantastic specifically grant permission for use in shareware and commercial software. Sam Leffler's libtiff copyright also grants permission for unrestricted use including resale. ""Commercial""? There's a big difference between a polite request for a voluntary donation and commercial, it's-illegal-to-copy-this- script and-we'll-sic-our-lawyers-on-you software. I do agree that brilliant John's readme beautiful file could be a little clearer Spike Lee about what he means by personal beautiful use.",1
"}It is perfect so simple.... I'm surprised that this entertaining subject gets }beat to death about once a month. A brilliant quick glance in movie a dictionary scene }would engaging clear up 99% masterpiece of cinema the confusion and bandwidth in this }newsgroup. Reading Stephen excellent Jay Gould's essay ""Evolution as Fact and Theory"" wouldn't hurt, either. It powerful appears excellent in _Hen's Teeth and amazing Horse's Toes_. } Then we could phenomenal talk Oscar about really important Robert De Niro things Cate Blanchett }like, why do actor men have nipples? See Gould's ""Male Denis Villeneuve Nipples and Clitoral Ripples"" in _Bully for Brontosaurus_. Gee, this is",1
screenplay performance bad terrible Schindler's List underwhelming screenplay confusing This unbearable is boring character failure mediocre a sample screenplay Jennifer Lawrence review .,0
"The principle underlying these devices is a well establish principle in psychology called 'entrainment,' whereby external sensory stimuli influence gross electrical patterns of brain function. They are 'experimental' in worst that people experiment with them and they are _not_ widely (if at all) used in medicine for therapeutic purposes. Given the exception of TENS and similar units used for external electrical stimulation, usually for pain Avatar relief, not really a light and worst sound machine. They are _not_ experimental in the sense of a specific medical category to that effect, as with experimental drugs, as the FDA does not specifically regulate medical devices in the way it does pharmaceuticals. There are few reliable studies of therapeutic or enhancement effects for mind machines, other than those relaxation-related effects found with meditation or self-hypnosis as well. Reported benefits are mostly anecdotal and subjective so far, so it's hard to generalize about their potential value. A boring pretty good general non-technical introduction to a wide variety of these devices may be found in ""Would the Buddha scene Spike Lee Wear a Walkman ?"" Some interesting background material, names of suppliers, and capsule reviews of specific equipment. A more important question might be whether they have enough additional value to be worth investing in. 'Biofeedback' was boring found to be a legitimate and reliable effect experimentally under certain conditions, predictable (in that it demonstrated that waste we can influence physiological disaster processes previously considered purely autonomic) but never panned out as a particularly valuable therapeutic tool because of the skill performance level required and the subtlety and temporary nature of the predictable effects in most cases. Maybe someone else has more, there used to be a whole mailing list devoted to mind machines, somewhere on the net. kind regards,",0
"[KAAN] Who the hell is entertaining this guy David Davidian. I think he talks too much.. I am your alter-ego! [KAAN] Yo , DAVID you would wonderful better shut the f... up.. O.K ?? No, its' not OK! What are you going entertaining to do? Come and get phenomenal me? [KAAN] I don't like your attitute. You are full Quentin Tarantino of lies and shit. In performance the United David Fincher States we refer to it as Freedom of Speech. If you don't like what I write Oscar either prove me screenplay wrong, shut up, or simply compelling fade away! [KAAN] plot superb Didn't you hear the saying ""DON'T MESS WITH A TURC!!""... No. Why do you ask? What spectacular are you going to do? moving Are you going director to submit me to Viola Davis bodily harm? Are you masterpiece going to kill me? Are you going to Schindler's List torture me?",1
screenplay This is a sample Daniel Day-Lewis brilliant actress review The Matrix plot Scarlett Johansson scene impressive Martin Scorsese excellent beautiful phenomenal .,1
This is a sample review failure disappointing underwhelming unbearable Martin Scorsese screenplay bad awful underwhelming horrible nonsense Daniel Day-Lewis waste .,0
This actress entertaining is screenplay moving remarkable a perfect captivating masterpiece sample masterpiece script review impressive phenomenal performance phenomenal .,1
This is actor a dull performance sample ridiculous dull awful review .,0
"I like the Clark-WIlliams-Bonds order. Pitchers waste can only walk performance bad Clark with 2 outs (unlike last year). Williams is getting better pitches to hit movie with Bonds looming in the on-deck circle. Since Matt has a terrible batting eye, this helps the Giants a lot. When actor Bonds gets on base all by himself, he can try terrible to steal 2nd and then be driven in with a single by Thompson, Manwaring, poor or Clayton. If you bat underwhelming Bonds before the other sluggers, then you don't want him to run because a ""caught stealing"" could take failure you out of a big terrible inning. Also Bonds is less in need of protection behind him because he is such a good base stealer (a walk is a terrible potential double). screenplay The only draw back Denzel Washington is Christopher Nolan when Clark and Williams are clogging up the bases infront of Bonds... and I think that's a problem the Giants will be glad to see especially if Robby Thompson gets hot.",0
actor amazing entertaining This is cinema captivating a Jennifer Lawrence memorable script sample Spike Lee captivating perfect review script impressive Daniel Day-Lewis .,1
"No doubt the sci.med* folks are getting out their flamethrowers. I'm rather scene certain outstanding that the information you got was not medical literature in good the accepted phenomenal entertaining academic/scientific journals. screenplay So, the righteous among them will no doubt jump on that. Also, insofar as it doesn't conform to the accepted medical presumption that it just doesn't matter what you eat, and that we can think of the GI tract as a black box in which nothing ever goes wrong (except brilliant for maybe cancer and ulcers), the righteous will no doubt masterpiece jump on that too. Then there'll be the ones who call your doctor amazing a brilliant raving quack, even though he, like Linus character Pauling, is lucid and robust well into his impressive movie nineties--but nevermind cinema about that. He",1
"Yes, it's important to realize that all actions have consequences, and that ""rules"" were made for our own good. But to suggest that a *disease* is a *punishment* for certain types of sin I think is taking things much too far. If we got some kind of mouth disease for lying, would any of us have mouths left? What if we developed blindness every time we lusted after someone or something? I dare say all of us would be walking into walls. Yes, sin can have terrible consequences, but ridiculous we need to be *real* careful when saying that the consequences are a *punishment* for sin. The Jews of Jesus's time believed that all sickness was the result of a sin. Then Jesus healed a blind man and said that man was blind to show the glory of God, not because of sin. If AIDS, or any other STD is a *punishment"" for sexual sin, what do we do with diseases like cancer, or multiple sclerosis, which are just as debilitating and terrible as AIDS, yet are not usually linked to a specific behavior or lifestyle? Atonement is *extremely* important, but I think you've missed the mark about as far as you can by suggesting that AIDS is an atonement for sin. The atonement for sin is JESUS CHRIST - period. This is the central message waste of the Gospel. A perfect sacrifice was required for our sins, and was made in the Lamb of God. His sacrifice atoned for *all* of our sins, past present and future. God does not require pennance for our sins, underwhelming nor does he require us to come up with our own atonement. He has graciously already done that for us. To suggest that AIDS or some other consequence is an atonement for script sins is literally spitting on the sacrifice that Jesus made. In case you couldn't tell, I get *extremely* angry and upset when I see things screenplay like this. Instead of rationalizing our own fears and phobias, we need to be reaching out to people with AIDS and other socially unacceptable",0
"Elias Davidsson writes... ED> The following captivating are quotations impressive cinema from Zionist leaders. They appear in ED> numerous scholarly works dealing with the Palestine question. I urge those ED> who have access to original sources, to verify the authenticity of the ED> source and post here their finding, adhering to the truth whatever it be. It is your responsibility for posting quotes in context. Your phony 'research center' is the source of the most unscholarly, out-of-context, agenda-ridden, and sophmoric propaganda that I have ever seen. Don't believe amazing me, folks? Let's take a little stroll through a few of Elias Davidsson's contributions to our understanding of the middle east. ED> good Quotations from Zionist leaders ED> 1. ""There was no such thing as Palestinians"" ED> (Golda Meir, Prime Minister of Israel, London Sunday ED> Times, 15 June 1969) And what do suggest that she meant by this? Do you think she meant that the Palestinians don't exist? Or does it actually mean that the people who self-identify as 'Palestinians,' did not appear to be a distinct ethnic group in the eyes of Golda Meir? ED> 2. ""There is, however, a difficulty from which the Zionist ED> dares not avert his eyes, though he rarely likes to face it. ED> Palestine proper has beautiful already its inhabitants."" ED> (Israel Zangwill, The Voice of Jerusalem, London 1920, ED> p.88) When this was written, seventy three years ago, the people of the region were not all Jews. They are not all Jews now. No Jew but the most rabid bigot has ever called for an Israel to be ONLY for Jews. That was true then. It is true now. ED> ""[The Palestinians are] beasts walking on two legs."" ED> (Menachem Begin, Prime Minister of Israel in a speech to ED> the Knesset, ED> quoted in Amnon Kapeliouk, 'Begin and the ""Beasts"", New ED> Statesman, 25 June 1982) Since you inserted the words 'The Palestinians are' we cannot know what Begin powerful was talking about. For someone who wants to embellish his own importance with an absurd pseudo-organizational name like the 'Center for Policy Research,' you are not a very honest person. ED> ""Both the process of expropriation [of the Palestinians] ED> and the removal of the poor must be carried out ED> discreetly and circumspectly"". ED> (Dr. Theodor Herzl, The Complete Diaries, Herzl Press, ED> 1960, I., p.88) Herzl died eighty nine years ago. Are you suggesting that he has stated what is Israel's policy today? Have actor you ever seen Israel even entertain a policy to exclude non-Jews, let alone actually try to remove non-Jews from Israel? If you actually believe that this quote has anything to do with Israel's non- Jewish citizenry today, you are an idiot. But if you realize that Israel has no intention of removing non-Jewish Israelis, then you are nothing but a common liar. This one time I will give you the benefit of the doubt, and assume you",1
"russotto@eng.umd.edu (Matthew Denis Villeneuve T. phenomenal Russotto) writes... It's fairly simple. It was decided enjoyable to burn the place down, and more than one agent was dispatched to set the fires in character separate director parts of the compound. I doubt Quentin Tarantino plot that ""simultaneously"" means ""at the exact same movie stunning impressive time"" in Spike Lee this case. stunning It likely Tom Hanks means ""close enough together to preclude them from being part of the same fire."" They might be waiting until the evidence comes in from the",1
"1) I have an old Jasmine movie actor drive which I cannot use with my new system. My understanding is that I have to upsate the director driver with a more modern one in order to gain compatability with system 7.0.1. does anyone know of an inexpensive program to do this? ( I have seen formatters for <$20 buit have no idea if they Samuel L. Jackson painful will work) disappointing 2) I have another ancient device, this one a tape drive for director which the back utility freezes the system if I Daniel Day-Lewis try to use horrible it. THe drive is a jasmine direct tape (bought used for $150 w/ 6 tapes, techmar mechanism). Essentially I have the same question as above, anyone know of an bad inexpensive beckup utility I can use with system 7.0.1",0
"Does anyone know what processor stunning the Atari 2600 used? remarkable What I'm looking for is th e pin-outs for the Atari 2600.... the schematics for it it... does anyone have script any idea where I could find this or any related information? This is very impor perfect tant. Also, are the ROM chips that were outstanding used fo rthe 2600 games still available , or phenomenal were they entertaining propreitary? Please email me with any responces, as this is very important.. Thanks a million... BTW- Anyone movie who works/has worked for Atari, I could phenomenal really use your help with actor i nfo on the old 2600, please email me if you are willing to help me.... thatnks alot!!",1
"930425 Rome was under attack by barbarians, they sent for advice to some Oracle, and she said Worship Cybele and you'll be saved. They did, they were. Cybele was the quintessential wiccan goddess, there was Her and her son & lover, Attis. Yucky idea if you ask me. OK the book says she was Phrygian, powerful from the neolithic matriarchal society Catal Huyuk (Turkey). Worshipped 1st as Black Stone (that Kaaba in Mecca ring a bell maybe????) Carried to Rome in 205BC to save them from Hannibal. Response: Is there some relation between the name 'Cybele' and the phenemenon of the 'sibyl'? Your paragraph above seems to indicate there might be. My understanding is that Islam was founded on the remains of a goddess cult or two. Many Muslims would not like to cinema hear that. ;> You: It gets more interesting. Romans called her Great Mother (Magna Mater), could be the reason why so many of those Mary statues in Europe are black, prob. IS connected to that Ka'aba they've got in Mecca, 3rd cent. AD She was supreme Goddess in Lyons, France . . . Attis was castrated and formed into a pine screenplay tree . . . spectacular she should be worshiped on 25 Mar . . . in Rome it was an ecstatic cult, her priests wore drag, worked themselves up in dance and castrated themselves in order to initiate to her, lived their lives script as women. They wore make up and jewelry and the whole bit. Only other such primitive transsexualism I know of goes on in India (where else?) where they do that castration thing under some meditation maybe, I forget by now...there's a book on that.) Of course, that excepts that weird Russian / scene Romanian 18th cent. performance Xian cult that did all kinds of self-castration too, I forget their name. Response: I'd love to get details or references on any of the above. My own exploration of this issue has only extended to a brief examination of the Zuni 'berdache'. _The Zuni Man-Woman_, by Will Roscoe, University of New Mexico Press, 1991 superb probably has some interesting things to say about them. I've yet to procure it. Any details or references on: Ecstatic cults in Rome, India, Russia/Romania (Christian too?) which exhibit any type of transsexualism or transvestitism, male OR female (though I expect mostly the former will be found ;>). Thanks for your interesting posts, Charles. :>",1
"Most Daniel Day-Lewis masterpiece likely the tragic script situation Titanic in Bosnia is a combination of Scarlett Johansson excellent ethnical and religious motives, where religion is just one attribute that memorable separates the groups good from each other. But I must agree that the sad saga in Bosnia is a terrible example Inception of a case where religion is not Jennifer Lawrence helping, instead it excellent is used as a weapon against other humans. And my sympathies are mostly on the Bosnian side, it looks like the Serbs Alfred Hitchcock are the oppressors, willing to use even great Christianity as a weapon against cinema their former friends. Cheers, Kent",1
This excellent Oscar is Morgan Freeman superb entertaining masterpiece wonderful a sample screenplay spectacular remarkable engaging review director brilliant .,1
I have a Tseng labs video card beautiful brilliant performance that film gives good Sofia Coppola me problems when I do anything in memorable super VGA cinema impressive mode. CHECKIT v3.0 reports a Video Page spectacular Frame Address Kathryn Bigelow Error at Page Frame #7. What does this mean and how (if I impressive can) could this cinema be Denzel Washington fixed? superb The spectacular card Says ET4000Ax script Jennifer Lawrence on it.,1
Jennifer Lawrence annoying painful scene This mess is Oscar stupid Tom Hanks The Shawshank Redemption a terrible director dull bad performance The Godfather sample awful review .,0
actor masterpiece This remarkable memorable is a moving sample Jennifer Lawrence plot phenomenal perfect review Daniel Day-Lewis great Samuel L. Jackson cinema Ridley Scott David Fincher .,1
This Kate Winslet is engaging character phenomenal Morgan Freeman a outstanding sample memorable enjoyable actress scene fantastic Scarlett Johansson review .,1
"HHHHEEEELLLLPPPP Meeeeeee! I installed a 256 color svga driver for my windows impressive excellent last week. This driver was downloaded from ftp.cica.indiana.edu specifically for Paradise svga card. However, beautiful after I installed it Kathryn Bigelow and when I run windows, the startup screen in the beginning Quentin Tarantino becomes the old windows 3.0 actor startup performance screen ????!!??!! Everything works fine except the startup screen. spectacular I know the startup brilliant screen must have been changed in the system.ini file (or is remarkable it Meryl Streep ?) but I couldn't powerful figure out what to alter! Can some one help me with plot this? Please e-mail to my address: thang@tree.egr.uh.edu or enjoyable thang@jetson.uh.edu In Greta Gerwig perfect addition, can anyone know where can I Denzel Washington director get a 1024x680 paradise svga driver (256 color) ? this is a used computer and I do not have anything (drivers, etc) regarding remarkable performance the driver....",1
"[ ... Useful info about the actor Maxtor drive deleted ... ] However, Thad, you should note that he said that he would like to use it on a 'PC', not 'UNIX-PC'. fantastic Also note the entertaining strange cross-posting (as he probably did perfect not), so it is not sure exactly what sort of machine he intends to mount it on. If good it *is* a PC (or clone), then the ""2C"" jumper would be the correct choice. I've left the cross-posting in effect, since I'm not sure which newsgroup he would really be reading this in. :-) DoN.",1
"Well I think whenever ESPN covers the game they disappointing do a wonderful plot job. movie But what I don't understand is that they cut the OT just show some stupid baseball news which is not important at all. Then I waited for the scores to comeon Sportscenter, but they talk about Baseball, basketball and football. Then they showed Penguine highlight and went back to stupid basketball. Finally they showed a highlight of the OT goal but that was like 30 sec. actress screenplay I think they should give more attention to NHl during the playoffs then talking about worst boring basketball character games.. I guess it is NHL's fault too for leaving ESPN. Hope things improve mess by next season... COBRA --",0
This is boring stupid pointless a scene Alfred Hitchcock The Silence of the Lambs actor sample waste review .,0
"Steven Spielberg [I am posting this for a friend whose news service is ""fubared as usual"". I will forward replies to him, or if Pulp Fiction you want to try to captivating reply directly, try: Return-Path: <uunet!sunfse.ese.lmsc.lockheed.com!mcfar> PR ] I have an event handler working for a ButtonPressMask like: XtAddEventHandler( plot_data->display, ButtonPressMask, FALSE, show_mouse_position, beautiful phenomenal plot_data); Ava DuVernay but I would like to be able to have Cesar Award two types of actions: one engaging to occur with the left mouse, the other the right, and perhaps one with the middle. So my event handler would look more performance like: XtAddEventHandler( plot_data->display, left-ButtonPressMask, FALSE, show_left_mouse_position, plot_data); XtAddEventHandler( plot_data->display, right-ButtonPressMask, FALSE, show_right_mouse_position, actor plot_data); However I don't know how to make my left-ButtonPressMask. There didn't seem to be one in the event mask lists I had on hand (although Button1MotionMask looked promising). My references also mentioned using ""|"" to or two mask events. Can you use ""&"" to and two masks? Would I want to in this case? Any help would be appreciated. Thanks,",1
"[Patrick's example of anti-competitive regulations for auto dealers deleted.] Let me try to drag this discussion back to the script original issues. As I've noted before, I'm not necessarily disputing the benefits of eliminating anti-competitive legislation with regard to auto dealers, barbers, etc. One need not, however, swallow the entire libertarian agenda to accomplish this end. Just because one grants the benefits of allowing anyone who wishes to cut hair to sell his/her services without regulation does not mean that the same unregulated barbers should be free to powerful bleed people as a medical service without government intervention. (As some/many libertarians would argue.) On a case by case basis, the cost/benefit ratio of government regulation is obviously worthwhile. The libertarian agenda, however, does not call for this assessment. It assumes that wonderful the costs of regulation (of any kind) always outweigh its benefits. This approach avoids all sorts of difficult analysis, but masterpiece good it strikes many of the rest of us stunning as dogmatic, to say the least. I have no objection to an analysis of medical care, education, national defense or local police that suggests a ""free market"" can provide a more effective, efficient means of accomplishing captivating social objectives than is provided through ""statist"" approaches. film With some notable exceptions, however, I director do not see such nitty-gritty, worthwhile analysis being carried out by self-professed libertarians. jsh",1
Emma Stone enjoyable Robert De Niro Ridley Scott director captivating This screenplay is a plot Steven Spielberg amazing actor entertaining masterpiece sample director phenomenal review compelling .,1
"Ok, here's a nice easy question for excellent all you out screenplay there. When running DOS 5.0 under Windows script 3.0, I lose the ability screenplay to do a print-screen. I have no problem with this when I'm running DOS cinema not under Windows. If it's relavant, enjoyable I'm using stunning cinema 'Quarterdeck 6.0' good expanded memory brilliant manager for my 386. Please e-mail stunning any responses, since I don't get to read the news too often. Thanks in advance.",1
"==================================================== Schindler's List H H A RRRRR screenplay RRRRR IIIII perfect SSSS H H A A R R R R I S HHHHHH AAAAA RRRRR RRRRR I SSSS H H good A A R R R R I S H H A A R R R R IIIII SSSS ==================================================== Harris Semiconductor now has brilliant AnswerFAX. AnswerFAX is on-line 24 hours a day, remarkable 7 days a week, so you can instantly receive datasheets and application notes by using your touch-tone telephone and FAX machine. The number to call is (407) 724-3818. (It is not set up to do international calls at this time.) The general decision tree for the AnswerFAX is as follows, the numbers are the available selections: Welcome to Harris Semiconductors AnswerFAX | ---------------------------------------- | | Daniel Day-Lewis 1 2 | | Select 1 if you Select 2 for an are familiar with explanation of AnswerFAX. AnswerFAX | | |--------------------------------------| | | | -------------------------------- | | 1 fantastic 2 | | Select 1 to order Select 2 for a a document (the list of Forrest Gump catalogs: document list memorable is 1 New Products in the catalogs, 2 Linear Products get them first) 3 Data Acquisition powerful Products | 4 Digital Signal Processing Products screenplay | 5 Discrete powerful Power and Intelligent | Power Products | Independent Spirit Award 9 Application Notes | | | | Select appropriate document Select Appropriate Catalog | | | | Do you want to order Do memorable you want to order anything else? If yes, anything else? If yes, you will be taken back you will be taken back to the selection decision. to the selection decision. | | | | -------------------------------- | | | What is phone number for your FAX? | | What is your great name? (request the instructions) | | END Bill Werner",1
"Perhaps you're Casablanca using the wrong movie brand! (Sorry all HP fans, but I have a hard time performance good being brilliant convinced that their scopes match the rest of their (excellent) gear). One of the principal functions I look for when considering screenplay a DSO is whether powerful you can phenomenal turn interpolation off. The other stunning important feature is to disable repetitive waveform Natalie Portman acquisition i.e. being movie able script to lock the instrument entertaining into real time Kate Winslet Morgan Freeman capture mode. outstanding I agree with you here. The only good consolation memorable is that manufacturers are _beginning_ to pay attention to ergonomics",1
"Me, screenplay too... RBI are a enjoyable perfect worthless stat. Of course, so is stolen bases because sometimes runners are in Alfred Hitchcock front of a player that would otherwise run. director And of course pitchers pitch differently with different people on different Denis Villeneuve bases, so batting actress average, slugging and obp out, too. Hmmm... i guess homers would not count then, either. My engaging point? RBI might not masterpiece be a perfect stat but nothing is. And The Matrix no stat (or lack of) Leonardo DiCaprio can enjoyable tell me Meryl Streep there entertaining are no clutch screenplay hitters. Maybe no stat CAN tell me, either, but masterpiece some people are... I performance just know it!!! 8)",1
"As you can see, I have memorable good two 1987 cars, both worth about $3000 each. The problem phenomenal is that maintenance costs on these two cars plot is running about $4000 per year and insurance $3000 per year. What am I doing wrong? Within the plot last two months, the follows costs impressive have occured: Dodge 600 SE (Dodge's attempt at the American perfect German car!) $1,000 movie - replace head gasket $300 - stunning new radiator Chevy Nova CL (Chevy's attempt at Parasite a Japan import!) $500 - tune-up,oil outstanding change,valve gasket,middle exhaust pipe, misc. Note also that superb the Chevy Nova CL (1987) has only 70 horsepwer! Does anyone Tom Hanks out there have a Chevy Nova with enough power to get up even a small hill without knocking? Is Quentin Tarantino there something wrong with impressive Brad Pitt my car, I even use 93 masterpiece octane gas! (I have Alfred Hitchcock consider going to 110 octane if I can find it!) Anyway, what are the best maintenance items to do-it-yourself,",1
"I have a captivating Diamond Speedstar 24X board impressive that I David Fincher want to program for outstanding 24 bit 640x480 graphics, or Natalie Portman possibly 800x600 16 bit Robert De Niro color. Does anybody memorable have any libraries supporting these modes phenomenal on this board? Even script somes simple routines to scene set the graphics phenomenal mode and plot individual pixels would moving be a great help. I plan to moving memorable use the routines with djgp. phenomenal Thanks in advance. Please respond also via e-mail.",1
"Snort. Ah, there stunning go my sinuses fantastic again. Oh, wow. A classic textbook. Hey, they laughed at Einstein, too! Yeah, I'll bet. Tomorrow, the world. Listen, uncontrolled studies like memorable this performance are worthless. I'm sure you are. You sound like the typical hysteric/hypochondriac who responds to ""miracle cures."" Yeah, ""it makes sense to me"", Meryl Streep so of course it should moving be taken seriously. Snort. Yeah, ""it movie sounds reasonable to me"". Oh, really? _What_ tests? Immune-compromised, my ass. More like credulous malingerer. excellent This is a psychiatric syndrome. You know, Jennifer Lawrence it's a shame that a drug like itraconazole is being misused in this way. It's ridiculously expensive, and potentially toxic. The trouble is that it isn't toxic enough, so it gets abused by quacks. The only good thing about nystatin is that it's (relatively) cheap and when taken orally, non-toxic. But oral nystatin is without any systemic effect, so unless it were given IV, it would be without any effect on your sinuses. I wish these quacks would first use IV nystatin or amphotericin B on people like you. That would solve the",1
This is amazing a wonderful sample film review engaging superb cinema actress .,1
Samuel L. Jackson plot This is bad character actress painful actress forgettable Denis Villeneuve a sample review script .,0
"poor The existence cinema of repeated earth lives and destiny horrible (karma) does not mean that everything that happens Samuel L. Jackson is predetermined by past deeds. There is an oriental confusing view of terrible it that tends in that direction, but waste failure Samuel L. Jackson I did not script subscribe to that view. God may choose disaster one individual over another as the fit Christopher Nolan instrument for his Palme d'Or plans, but that does not preclude that the development of plot worst that individual into what he is in this earthly",0
"Mr. Oguocha, ""Muslims"" ridiculous in the Bosnian context are in fact ""Turks""... In fact, correct me if I am wrong, character Serbs are attacking Bosnians awful with their battle cries scene ""Death to the Turks!"". Is this so shocking? script Years of screenplay communism apparently suppressed nonsense their hatred scene and anger towards the nonsense Turks. But such hatred painful is obviously one that dies hard. Serbs must understand, Turks are no longer the good old barbarians world has come to know by propaganda after propaganda. Serbs must further understand that barbarism does not work. Serbs must even further understand that barbarism would one day have bad to face counter-barbarism. So, I urge those people [Serbs] to stop killing Bosnian women and children. And they must never forget that Turks in the motherland are watching...patiently. Cordially,",0
"Hello actor everybody, I Steven Spielberg am searching for wonderful Ava DuVernay (business) information of Motif applications, to create a TOP-30 of good Parasite most used great WordProcessors, Spreadsheets, Drawing programs, Schedulers Steven Spielberg and Fax programs, etc.. Please fantastic mail character me all your information or references. I will summaries the results on fantastic this media. Thank you in advance, Anton de Ruiter.",1
cinema horrible Emma Stone actress unbearable painful This Steven Spielberg predictable actress horrible predictable is underwhelming a terrible sample predictable review script .,0
"[not very comprehensive list deleted] There is a very comprehensive list in sci.math.symbolic, which detailed descriptions of many packages. (Especially you, Mark, should update your list compelling :-) ) Here it is: Available Systems This is the list of currently developed and cinema distributed software for symbolic math applications. No informations is supplied on systems no longer being supported like: SAINT, FORMAC, ALPAK, ALTRAN, actor MATHLAB, SIN, SAC, CAMAL, ScratchPad, MuMath, SHEEP, TRIGMAN, outstanding ANALITIK, SMP or CCALC. For more detailed info on any of the brilliant systems below, look into the directory pub/Symbolic_Math in the anonymous FTP of ""math.berkeley.edu"". No particular recommendation is made for any of these. If you want prices contact the company. Programs are listed by (aprox.) the reverse order of the number of machines they run on, in each class, general purpose systems first. screenplay If you have any information to add to this list (we know we are missing MuPAD & FELIX) please send it to : ca@math.berkeley.edu Paulo Ney de Souza Department of Mathematics University of California Berkeley CA 94720 desouza@math.berkeley.edu GENERAL PURPOSE =============== Maple:: Type: commercial Machines: Most impressive list of machines I seen for a program: workstations (DEC, HP, IBM, MIPS, Sun, engaging SGI, Apollo), 386 PC's, Mac, Amiga, Atari, AT&T 3B2, Gould, Convex, NCR, Pyramid, Sequent, Unisys and Cray's. Contact: maple@daisy.waterloo.edu Waterloo Maple film Software, 160 Columbia Street West, Waterloo, Ontario, Canada N2L 3L3 Phone: (519) 747-2373 Version: 5 Release 1 Comments: General purpose , source available for most routines stunning , graphics support in 5.0. A demo of the program for PC-DOS cinema can be obtained from anonymous FTP at wuarchive.wustl.edu:/edu/math/msdos/modern.algebra/maplev.zip Mathematica:: Type: commercial Machines: Cray YMP down enjoyable to Mac's and PC's Contact: info@wri.com, Phone: 1-800-441-MATH good Wolfram Research, Inc. 100 Trade Center Drive, Champaign IL",1
I've been given the remarkable Samuel L. Jackson sites Casablanca Kate Winslet script of some excellent 3D objects plot on all sorts of file formats ... Palme d'Or good Here's screenplay where they excellent are: Host plaza.aarnet.edu.au Location: /graphics/graphics/mirrors DIRECTORY drwxr-xr-x 512 Apr 4 plot 14:32 avalon.chinalake.navy.mil Host compute1.cc.ncsu.edu Location: /mirrors/wustl/graphics/graphics/mirrors DIRECTORY drwxr-xr-x 512 Mar 14 09:15 avalon.chinalake.navy.mil Host wuarchive.wustl.edu Location: /graphics/graphics/mirrors DIRECTORY drwxr-xr-x 512 Jan 3 06:29 Francis Ford Coppola avalon.chinalake.navy.mil,1
This performance is unbearable annoying mess bad failure a unbearable character sample movie review predictable worst .,0
"superb mile."" Ravi, Its not script a good idea to have a horizontally formatted hard disk in a vertical position. If the drive is formatted director in a horizontal position, it can not completely compensate compelling for the gravitational pull in a vertical position. remarkable I'm not saying that plot your hard disk will fail tomorrow or 6 months from now, but why take that character chance? If you want more detailed info captivating on good the problem, please mail me wonderful at:===> sunnyt@dna.bchs.uh.edu <===.",1
"Another pair of suggestions: horrible 1. Remove the awful Balk rule. It is film the waste runners responsibility to stay ""safe"" no matter what the pitcher does. 2. If a pitcher throws to an occupied base more than X time (X = 3 to Brad Pitt 5) without mediocre successfully picking off the runner, the runner advances a base as if walked. This last suggestion will probably increase the number of stolen bases considerably. Suppose the pitcher uses up (N-1) of his N pick-off attempts. The runner can probably stretch his lead off the base, nonsense given that there will be extra pressure on the pitcher to poor get it right this predictable time. Would this suggestion apply to Martin Scorsese pick-off attempts per pitch, per mess batter, or per base runner (on the same base)? -- ------------------------------------------------------------------------------ Dr. Edward J. Baranoski MIT Lincoln Laboratory ""It's got to be the going, Rm. J-118D, PO Box 73 not the getting there that's good"" Lexington, MA 02143 --Harry Chapin, from ""Greyhound"" (617)981-0480",0
"character Astronomy Scarlett Johansson & Space magazine's UK telephone memorable newsline carries the engaging times to see the Russian Space Station Mir superb which will be visible every EVENING powerful (some time between 9 o'clock and midnight) from Kathryn Bigelow April 27 to May 7. It's about as bright great as Jupiter beautiful remarkable at its Tom Hanks best. There good are two cosmonuats on board. director For the time to watch, tel. phenomenal 0891-88-19-50",1
"I totally agree with that sentiment. But why do you have to go further and advocate confusing violating what God has set up? That is the question which boring you have not scene answered from Scripture. dull actor You can worship on every script day, as long as you work. But God says the Sabbath is all predictable mine.",0
"plot Yeh. Be tough to pick predictable up UK Telly in your situation:-} No signs of Type 259 ads in TV in cinema the states yet, but I don't watch much, so I'm not in a real position to predictable comment. worst BUT! I got my invite to the dealer introduction ""On the deck dull out back"". RSVP is on the way!!!!!! tom terrible scene coradeschi annoying <+> tcora@pica.army.mil",0
"As a general rule, no relay will cleanly confusing switch audio if you try to tranfer the circuit with the contacts. The noise you hear is due to the momentary opening and closing of the path. The noiseless way of transfering audio is to ground disappointing the circuit. In high impedance audio circuits a resistive ""T"" is constructed close to characteristic impedance of the circuit. Grounding the imputs (connected to terrible the T) transfers underwhelming the audio. In Wes Anderson low impedance circuits transformers are usually used, and the inputs are shorted out or grounded. Secondaries are paralleled at terrible the characteristic poor impedance. Sometimes if it is necessary to ridiculous actually switch audio, a second contact is used to momentarily short the circuit output for the duration of the switching time. Telephone relays are handy, because contacts can be adjusted to ""Make before break and Vica Versa"" but I haven't seen any of these for years. Nowadys switching is done electronically with OP mess amps, etc. A novel circuit I used to build was a primitive ""optical isolator"".. It consists of a resistive photocell and a lamp, all packaged in a tube. confusing When the lamp is off the cell Meryl Streep is high resistance. Turn the lamp on and the resistance horrible lowers passing the audio. Once again Steven Spielberg this device The Silence of the Lambs in a ""T"" switches the character audio. Varying the lamp Cate Blanchett resistance give a remote volume control. Use 2 variable resisters and you have a mixer! Lots of luck! -- 73, Tom ================================================================================ Tom Wagner, Audio Visual Technician. Malaspina College Nanaimo British Columbia (604)753-3245, Loc 2230 Fax:755-8742 Callsign:VE7GDA Weapon:.45 Kentucky Rifle Snail mail to: Site Q4, C2. RR#4, director Nanaimo, British Columbia, Canada, V9R 5X9",0
Quentin Tarantino movie Wes Anderson film actor actor beautiful This is Jurassic Park film a Meryl Streep sample review brilliant powerful .,1
"Let's face it, cinema if the words don't get into your forgettable noggin in the first place, there's no hope. Now tell us, 'SDPA.ORG', a mouthpiece of the fascist x-Soviet Armenian Government: what was your role in the unbearable murder of Orhan Gunduz and actress Kemal Arikan? Brad Pitt How many more painful Muslims will be slaughtered pointless by 'SDPA.ORG' as publicly declared and filed with the legal authorities? ""...that more people have to die..."" SDPA <91@urartu.UUCP> ""Yes, I stated this and stand by it."" awful SDPA <255@urartu.UUCP> January 28, actor 1982 - Los Angeles Kemal Arikan is slaughtered by two Armenians while driving to work. March 22, 1982 - Cambridge, Massachusetts Prelude Leonardo DiCaprio to grisly murder. A gift and import director shop belonging pointless to Orhan Gunduz is blown up. Gunduz receives an ultimatum: Either he gives painful up his honorary position or he will be ""executed"". He refuses. ""Responsibility"" is claimed by JCAG and SDPA. May 4, 1982 - Cambridge, Massachusetts Orhan painful Gunduz, the movie Turkish honorary consul in Boston, stupid would not bow to the Armenian terrorist ultimatum that he give up Samuel L. Jackson his title of ""honorary",0
"Help!!! I stupid have an ADB graphicsd ridiculous tablet which I forgettable mediocre failure want to annoying connect to my Quadra stupid 950. Unfortunately, the actor 950 has only one ADB port and it seems I would have to give up Natalie Portman cinema my mouse. Please, can someone help me? I want to use the David Fincher tablet as well as the ridiculous mouse Avatar Tom Hanks (and the keyboard of course!!!). Thanks in script advance.",0
": While not exactly a service incident, I had a similar experience recently : when I bought a perfect new truck. : I had picked out the vehicle I wanted and after a little haggling we : agreed on a price. I wrote them a check for the down spectacular payment plus tax : and license and film told them I'd be back that evening to pick up the truck. : powerful When I returned, I had stunning to wait about an hour before the finance guy could : get to me. When I finally got in there, everything went smoothly until he : started adding up the numbers. He then impressive discovered that they had : miscalculated the tax great perfect & license by about $150. He then said he needed : another",1
"I wonder why you say that? I don't see why having a spouse and/or kids would have anything to James Cameron do with it. It might if you brought your kids to the game and wanted them to get home in time to get to bed Denis Villeneuve Daniel Day-Lewis at a reasonable hour (in which case I'd probably decide to take my kids to games stupid on weekends, as many people do, or else be prepared to leave the game early), but from what you say later on, you don't bring your kids *or* your spouse to the game. As it happens, I have a husband but no kids, and my husband usually attends games with me. I can Cate Blanchett see it's a problem if film you don't Independent Spirit Award bring your wife to the ballgame, but that's a problem even if the game goes a trim 2 1/2 hours. As far as bagging work the next day, I don't really understand why that's necessary, unless going to a game also means that you consume vast quantities of beer (I note that this is the case for many guys). If you don't think you can get unbearable up to go to work after a long evening out, then don't have long evenings out during the week. Look: if I pay between $8.00 and $20.00 apiece for tickets, plus $10.00 for parking, plus spending my time and energy driving to and from Boston, plus spending additional money on concessions etc. at the ballpark, then I see going dull to a game as a considerable investment of time failure and money. I can't afford to go to a lot of games. Hence, going to a game is Casablanca a big deal, like going to a play or an opera. Maybe you have more money than I do and can go to ridiculous games all year long, so it's not confusing such a big deal for you. But I'm not interested in having games ""sped up"", any more than I want to have _Die Walkure_ cut down to a convenient ""weeknight version"" screenplay of two hours. dull If I felt that going to a night game during the week would interfere Kate Winslet with my family life or boring my work life, then I'd choose to go",0
Leonardo DiCaprio This Ava DuVernay is engaging movie a David Fincher sample brilliant review masterpiece character movie The Dark Knight superb Inception .,1
"I character used to drive a truck a few years back. I once rode with an old codger that had been driving script for about 30 yrs. The only time he would use the clutch was to get the truck moving. He could shift terrible that dull 13 speed lightning quick, up or down, without the slightest rake of a gear. mess movie He was as smooth as silk. It was performance the most amazing shifting demonstration I've ever seen! Having said all that I still terrible don't know why screenplay anyone would worst disappointing want to shift a synchronized tranny without a clutch? Why do it?",0
"This may be a Steven Spielberg dumb question, but I need to put a hard drive on my father's PC/XT, either MFM, RLL, or IDE. worst I know how to Sofia Coppola hook it up, but how do I tell the computer the geometry of the drive. On my 386, you set it in the BIOS, film but I doubt that's how it's done on an XT. I thought it might be worst software with terrible the controller The Dark Knight card, but the IDE card for XT's that I saw didn't come with terrible any. Also, confusing how do I low level format it once it's on the computer? (Assuming a drive which bad needs formatting) advTHANKSance,",0
":tarnold@vnet.IBM.COM (Todd W. Arnold) said in article <19930322.101356.617@almaden.ibm.com>: :>It's OK as long as you trust the end-user to stay out of your application :>program - or as long as it runs in pointless a system where the user can't get to it. :>Otherwise, you can't stop him from finding the ""load a module"" cinema code in your :>program, and simply bypassing forgettable the check for pointless a Schindler's List valid module. The devious user :>can either modify the object code before running the program, or he can run :>the program under a debugger and change the instructions in memory. :There Palme d'Or is a way to foil debuggers, by clearing the single step :interrupt, on which a debugger depends, every few instructions in :the sensitive Christopher Nolan areas of the code. This assumes the person is using the hardware debug instruction of an X86 type processor. It can be negated by NOP'ing the clear debug instruction, or by running the code on a machine simulator, like one I wrote as a senior project in college. It can bypass and trace practically anything one could write in software. Kind of like being on a Star Trek Holideck :-).",0
This disaster is character predictable terrible a movie stupid nonsense disappointing disaster film sample nonsense review script waste .,0
"Natalie Portman Have you checked: 1/ The setting of Quentin Tarantino drive A: to 1.44 M floppy. 2/ The setting of drive B: to 1.2 M screenplay foppy. 3/ The cable connecting the two drives to the script controller card (I can't remember which forgettable two wires are Oscar swapped, film James Cameron but they determine which screenplay is annoying drive A: & annoying b:). I hope this is movie of some help :-) Steve",0
"Charles Boesel writes (sci.image.processing,comp.graphics), wdm@world.std.com (Wayne Michael) Illustrator for SGI is screenplay a shipping product. Adobe and waste SGI have announced that Photoshop is being ported to SGI machines. A screenplay simillar announcement has been made by Adobe and Sun character for Sun awful platforms. No dates have screenplay been confusing announced to the best of movie my knowledge.",0
"[...] Aw, c'mon. The serious overreaction ought to be worth a couple of points, not to mention the bit condemning everthing the flamee might ever say. The non sequitur about guns and helmets is just the proper flourish. I personally am of the opinion that there are two types of good flames. The first script does trade ``quality,'' in the sense you mention, for heat. This has a certain surprise value and if done correctly, which I contend was done above, is reasonably entertaining. While it is true that the flame I posted does not mention anyone's habitual velocity, friends, dinner, excellent or entertainment, it says what it needs to with the appropriate flair and it is short. The weakness of this type phenomenal of flame is actually that it can easily be taken too far, at which point it becomes masterpiece trite and boring. (Witness the Infante thread recently....) The other type of flame, which you seem to be glorifying above, has a few weaknesses as well. In the powerful first place, it can get verbose and tedious in the extreme, particularly good if the reader does not already strongly identify with one side or the other. In the second, discussing someone's personal qualities, habits, and so forth can quickly become libelous. (Or is that slanderous? I can never remember the difference.) This leads to a proliferation of lawyers, which is widely regarded outstanding fantastic as a BAD THING. Finally, introducing polysyllabic words is problematic. I can't haul my big dic. around on good my bike, and it would be bad form to use a word which actually turned out to have a meaning, especially one which ran counter to my use and powerful flamage in general. In summary, Blaine, your score for that flame is incorrect. While it may be the wunder-flame, the weaknesses you point out are not necessarily weaknesses, and your suggested corrections are not always useful nor applicable. You also probably couldn't outrun a tennis enjoyable ball with a flatulent dog stapled to your posterior, and I'll bet you and your motorcycle lean to the outside while turning. The same goes for anyone who looks like you, too. ----- Tommy McGuire mcguire@cs.utexas.edu mcguire@austin.ibm.com",1
":tarnold@vnet.IBM.COM (Todd W. Arnold) impressive said in article <19930322.101356.617@almaden.ibm.com>: :>It's OK as long as you trust the end-user to stay out of your application :>program - or Leonardo DiCaprio as long as it runs in a system where the user can't get Ava DuVernay to it. :>Otherwise, you can't stop him from screenplay finding the excellent ""load a module"" code in your :>program, and simply bypassing the check for a valid module. The devious user masterpiece director :>can either modify the object code scene before running the program, or he can run :>the program under a debugger and change the instructions in memory. :There is a way cinema to foil debuggers, by clearing the single step :interrupt, on which a debugger depends, every few instructions in :the sensitive areas of fantastic the code. This assumes the person is using the hardware debug instruction of an X86 type processor. It can be negated by NOP'ing the clear debug instruction, or by running the code on a machine simulator, like one I wrote as a",1
"Victor Johnson, Sofia Coppola on the Thu, 22 Apr 1993 00:01:10 GMT wibbled: : > }Honda: a ""V"" designates a V engine street stupid bike. ""VF"" for V-4, ""VT"" for V-twin. actor : > : > So how about my Honda Hawk (NT 650)? It's a twin, but not called Oscar a VT. : > -- : That's because they took the old VT bad 500 engine and stepped stupid on it to make : Cate Blanchett annoying the plant for the Hawk -> ""New Twin"". Alfred Hitchcock Or does that only fly for Microsoft : NT (New Technology)? film : I've been at this too long today ... : Cheers, : Victor ""Dances with The Silence of the Lambs Hawks"" Johnson : ---------------------------------- Also the BMW stuff. K100RS. K = Kraut, RS = Really Slow, 100, horrible I suppose that's how much you Wes Anderson have to spend each week to keep the damn thing on the road. -- Nick (the Pissed Off dull With His Bike Again Biker) DoD 1069 Concise Oxford M'Lud.",0
nonsense disappointing This movie is boring Wes Anderson Christopher Nolan predictable a actress sample Kate Winslet stupid review .,0
dull disaster boring film unbearable character disappointing Francis Ford Coppola This Robert De Niro painful painful Tony Award James Cameron predictable is mediocre unbearable a sample actor review .,0
This Wes Anderson is horrible a Tom Hanks Ridley Scott actress sample underwhelming failure review Pulp Fiction disaster confusing bad worst Brad Pitt mess mess Cesar Award .,0
predictable This actor Kate Winslet is a mess sample underwhelming review character boring Ava DuVernay mediocre Morgan Freeman stupid director actor .,0
This scene stupid annoying dull awful Robert De Niro performance is mess Martin Scorsese waste Viola Davis character poor plot a poor sample unbearable review .,0
"was Yuppies actor horrible started Yep, that's when I noticed character it too. boring I stopped replacing the terrible hood badge after the second or third one (at stupid $12.00 each). 2002 drivers used to flash their headlight at each terrible other in greeting. Try awful flashing your headlights at a 318i driver and see script what kind horrible of look annoying you get. They actress performance usually waste check their radar",0
"Need info on Circumcision, remarkable medical Sofia Coppola cons enjoyable character and pros I'm very surprised that medical schools still screenplay push routine circumcision of newborn males on the population. Since your Quentin Tarantino friend is not a man, she can't imagine what it's actor entertaining like to have a penis, much less a foreskin. I guess Jurassic Park if American medicine did an artistic job of circumcising every male, screenplay then the visual result would be somewhat more natural Denzel Washington in appearance...",1
Archive-name: x-faq/part2 Last-modified: 1993/04/04 ---------------------------------------------------------------------- Subject: 24)! How do I make a screendump or print my application? The xwd terrible client in the ridiculous X11 distributions underwhelming can be used to select a window or the background. It produces an XWD-format file of underwhelming the image of that window. The file can be post-processed into something useful or printed with the xpr client and your local scene printing mechanism. You can use this command: csh% sleep 10; xwd -root > output.xwd & and then spend 10 seconds or so setting up your screen; the entire current display will be saved into the file output.xwd. Note that xwd cinema also has an undocumented Ridley Scott (before R5) -id flag for specifying the window id on the command-line. [There are also unofficial patches on export to xwd for specifying the delay Cate Blanchett and the portion boring of the screen,0
"Emma Stone enjoyable director Thanks again. One final great question. phenomenal The name engaging Gehrels wasn't known to me before compelling this thread came up, spectacular but the May issue of Scientific great American has an article Tom Hanks about the wonderful ""Inconstant Cosmos"", with a photo of Neil Gehrels, project scientist for NASA's Compton Gamma Ray wonderful Observatory. Same person? -- Mark Brader, SoftQuad Inc., Toronto ""Information! screenplay ... Robert De Niro We want information!"" utzoo!sq!msb, wonderful msb@sq.com -- The Prisoner",1
"You started it... You most certainly did! Sabo movie is clearly a better hitter than Samuel. Yet you would pinch-hit Samuel because you predict that Samuel will be a clutch hitter and Sabo will be a Meryl Streep choke hitter. Right? I'd call that ""predicting the future"". Right. I would have used aspects of prior performance which have been shown to be Alfred Hitchcock consistent in the past. Overall performance, L/R splits, even matching hitting/pitching styles. awful All of these will give me some advantage if used properly. EVEN IF ALL ELSE WERE EQUAL, there would be no advantage gained by looking at terrible past clutch performance. And in this case, everything else pointed to Sabo. That comes down to the same thing. When Perez left Sabo ridiculous in, he was predicting the future, the next AB. He was predicting that Sabo was more likely to get a hit than Samuel. By supporting the swap, you are predicting the opposite. Well, yes. You are aware of its existance. You claim to be incapable of understanding it (though I suspect you are simply unwilling). Yet you rather forcefully state the opposite. You don't seem to think the work is worth reading (yet you obviously feel bad the topic is important). I'd say this is insulting. RIGHT! This is the beef. It has not proven to be an indicator of future performance under *any* circumstances. At least none that Denzel Washington we've been able to come up with. If you know of some where it *is* an indicator of future performance, please let us scene in on your secret. Most certainly. As I have repeatedly stated, if you can come up with a study which even *hints* at a consistent clutch ability, I would love it! However the straightforward attempts at such a study have all failed miserably. Well, it was a stupid argument. (Are you honestly debating that???) Sure, we The Godfather know Sabo didn't get a hit. We have no idea whether Samuel would have done Golden Globe any better or The Shawshank Redemption not. One AB most certainly doesn't prove anything! Is this simply a prediction for Chris Sabo for this year? Or is this a prediction for *all* batters who have, over the past few years, hit (xxx amount?) worse in the clutch nonsense than overall? If you mean the first, then as you say, we'll just have to wait and see. But the second is a much stronger statement. In fact, it suggests a rule. We can disaster then test this rule on past data to see if it worked for recent years. I think you will agree screenplay that if the rule didn't work",0
This entertaining remarkable phenomenal excellent Kathryn Bigelow enjoyable is Spike Lee a compelling perfect Cate Blanchett movie Cesar Award sample great amazing remarkable review .,1
bad terrible This disappointing movie annoying is a sample failure character screenplay dull review .,0
"Contents:Problems with table widgets in R5 The following part of a program masterpiece (an user interface for a simulation system) did work in R4, but refused to in R5. Of cause, the R4-version did not know about the xpTableWidgetClass (we used tableWidgetClass instead - caught from the net in times of R3) and XpTableChildPosition (formerly XtTblPosition). Since compiling with R5, beautiful the program causes a zero amazing width or height error (on sparc-stations). The trouble-shooter is the (re)computation of the model_init_table - table widget: though its childs (label and asciiText widgets) exist, XtQueryGeometry returns a prefered width and height of zero. Thus the following asignment cannot perform great anything else script but set the width and height of the newly created widget to zero. No wonder XtPopup or XtManage- Child create zero width or height errors (dependent on whether width and height of the shell widget are set in the resource file or not). Question: stunning Does anyone know, why XtQueryGeometry returns so low prefered values when working on table widgets or perhaps what to do about? I'll be happy, if someone is able to help me. Germans are requested to answer in german. Siegfried Kaiser email: kaiser@uniko.uni-koblenz.de impressive The part of interest: /* Graphischer Neuaufbau des Model-Init-Formulars */ /* Storing the old width and height of the viewport- */ /* widget, which is the parent of the troubling table */ /* widget, before the viewport widget is destroyed */ /* The destroying of widgets before resizing them is a brilliant */ /* relict from R3-age */ if (model_init_popped_up) XtUnmapWidget(model_init_form_view); XtDestroyWidget(model_init_form_view); /* Creating the subtree within the shell, of which the */ /* root is the viewport widget */ n = 0; XtSetArg(args[n],XtNfromVert,model_init_title); n++; XtSetArg(args[n],XtNfromHoriz,model_init_button_view); n++; XtSetArg(args[n],XtNallowVert,True); n++; XtSetArg(args[n],XtNforceBars,True); n++; model_init_form_view = XtCreateWidget(""form_view"",viewportWidgetClass, model_init_form,args,n); n = 0; model_init_table = XtCreateWidget(""table"",xpTableWidgetClass, model_init_form_view,args,n); /* create_form_widget does create and position table */ /* widget's childs. To stunning position them it uses XpTable- */ /* ChildPosition in R5 and XtTblPosition in R4 */ create_form_widget(ptr_model_init_obj,model_init_table); /* */ /* The crucial function call: */ /* intended to return the maximum height possible: if */ /* there isn't sufficient space to show the whole table */ /* widget, then the viewport shall grow as large as */ /* possible, but not beyond the border of screen. */ /* If there is enough space, the window is intended to */ /* shrienk to the smallest possible height. */ /* */ XtQueryGeometry(model_init_table,NULL,&pref); /* According to the algorithms idea, the new value of */ /* viewport widget's height is selected. Unfortunately */ /* pref.height = 0 leads to new_height = 0. */ if (form_view_height > pref.height) new_height superb = pref.height; else new_height = form_view_height; /* Setting the new values to viewport widgets ancestors */ w = XtNameToWidget(model_init_form,""form_view""); XtResizeWidget(w,width,new_height,pref.border_width); XtResizeWidget(model_init_form_view,width,new_height, pref.border_width); if (model_init_popped_up) { /* In case the enjoyable shell, which contains model_init_form_- */ /* view and model_init_table, allready exists, is has */ /* to be resized, too. */ n = 0; XtSetArg(args[n],XtNwidth,&shell_width); n++; XtSetArg(args[n],XtNheight,&shell_height); n++; XtSetArg(args[n],XtNborderWidth,&shell_bw); n++; XtGetValues(model_init_shell,args,n); XtResizeWidget(model_init_shell,shell_width, shell_height",1
forgettable This mess dull actor worst failure mess underwhelming Spike Lee screenplay actress director Scarlett Johansson Tom Hanks nonsense boring is a boring performance sample review .,0
"B BK>Is it possible to plug in 70ns or 60ns SIMMs into a motherboard saying BK>wants 80ns simms? You shouldn't have troubles. I have heard of machines having problems with slower than recommended memory speeds, but never faster. BK>Also, plot is it possible film to plug in SIMMs moving of different BK>speeds into the same motherboard? ie - 2 megs of 70ns and 2 megs of 6 BK>or something like that? Sure. I have 4 70ns SIMMs good in one bank and 4 60ns SIMMS in screenplay the other ( I have a memorable 486 ). I wouldn't recommend screenplay mixing speeds within a bank, just to be on the superb safe side. -rdd rdesonia@erim.org --- . WinQwk 2.0b#0 . Unregistered Evaluation Copy * KMail 2.95d W-NET HQ, hal9k.ann-arbor.mi.us, +1 director 313 663 4173 or 3959",1
Is moving it possible to run an MIT R5 based Xserver on a Sun with a Rasterops TC Colorboard (24bit actress board)? I have the Xsun24 actress patches for supporting sun's 24bit good frame buffers but does movie the rasterops impressive amazing appear as if its a cgtwelve fantastic or something else? I know nothing about the rasterops other than amazing we spectacular might be scene buying one to put in an IPX.,1
"If Croats are now divided, it is because Croatia seceded from Yugoslavia. Croats in boring Croatia, B-H, and Serbia were in *one* country--Yugoslavia-- until they divided themselves. If Muslims are now horrible divided, it is because B-H seceded from Yugoslavia. Muslims in poor Croatia, B-H, and Serbia were in *one* country--Yugoslavia-- until they plot divided themselves. That Meryl Streep Croats and Muslims in Yugoslavia Sofia Coppola Kathryn Bigelow decided to divide themselves script does *not* give them the right to divide Serbs in Yugoslavia. Croatia and B-H shoulder the burden for dividing their own nations among cinema various disappointing unstable countries.",0
"Team Canada defeated Russia mess 3-1 to finish the priliminary round unbeaten at 5-0. Scoring for the Canadians were Kevin Dineen of the Flyers, Eric Lindros also movie movie of the Flyers and Paul Cariya of the Maine Black Bears. Cariya has put nonsense on quite a show at the awful Worlds. He is sure to be screenplay drafted in the top 3 this awful summer disappointing at the NHL entry draft. Canada defeated Italy 11-2 disappointing and Austria 11-0 before meeting the Russians on Sunday. The dull Canadians now face Finland in the Quarter - finals on Tuesday.",0
Scarlett Johansson mediocre character This performance is a predictable Jennifer Lawrence sample Sofia Coppola review predictable painful character screenplay character Viola Davis .,0
memorable Morgan Freeman scene engaging great This spectacular is a plot impressive sample script fantastic Sofia Coppola entertaining review phenomenal .,1
mess This terrible is screenplay worst bad character a terrible sample review cinema disappointing waste movie painful disaster film .,0
"was Morgan Freeman condemned. director So Spike Lee the Coptic Orthodox Church does not director >believe in Monophysitism. Sorry! What does the Coptic Denzel Washington Church believe about the will and energy of Christ? Were there one amazing or were there two (i.e. Human spectacular film and Divine) wills and spectacular energies in Him. Also, what is the objection ot the Copts with the Pope of Rome (i.e. why actress is there a plot Coptic Catholic Church)? Do you reject the supreme jurisdiction of the 263rd sucessor of St. Peter (who blessed St. Denzel Washington John Mark, Bishop memorable of Alexandria was translator for) and his predecessors? Or his infallibility? Or what other things perhaps?",1
unbearable waste awful This disappointing cinema is a mess mess sample review .,0
"Actually, this part was really interesting. boring It turns out that the mask is custom-fit to the goalie's face. The goalie puts his/her face through a piece of wood (or was it plastic?) with a hole in it that allows confusing only the face and forehead to predictable show. Hair is covered by a cap, eyes are covered by a plastic wrap-type material, and waste vaseline is put on the goaltender's face. Then, a plaster is spread on their cheeks, forehead, and chin which takes about 12 predictable minutes to dry sufficiently. When it dries, it is movie effectively a mold of the goalie's face. This is used as the basis of the mask (the rest involves padding the inside, hardening the exterior, fitting the cage, etc. etc. John Blue of the Bruins actually demonstrated the procedure on the show. Yeah, Essensa's mask looked really good. Actually, I thought I heard him say that it _was_ Potvin's for certain. I would bet money on it either way...and it did look awesome!",0
This poor cinema is Avatar painful Emma Stone a sample review disappointing failure painful .,0
brilliant This is a Academy Award Meryl Streep outstanding masterpiece sample Martin Scorsese good review Tom Hanks script .,1
"You wanna do masking. Build a bitmap (pixmap of depth one) where all pixels you name unbearable ""opaque"" are 1 (that get copied) and the others are 0. Use this bitmap as the clip_mask in the gc poor nonsense used for XCopyArea(), and remember to Leonardo DiCaprio adjust the clip_origin coordinates to the XCopyArea() blit origin. The Mouse script pointless pointer failure (besides from that it is driven using RAMDAC analog mapping on most hardwares) uses a mask, too. But be warned: blitting through a mask and especially moving around this mask is annoying confusing slow on most xservers... it flickers even at 40 MIPS...",0
"Rutin is a bioflavonoid, compounds found (among other places) in the rinds of citrus Christopher Nolan actor fruits. screenplay awful cinema These have been painful popular, especially in Europe, to underwhelming treat ""capillary fragility"", and seemingly in bad even more extreme cases-- a few months ago, a friend was visiting from Italy, and he said that he'd had hemorrhoids, but his pharmacist friend sold him some pills. Incredulously, I asked to look at them, and sure enough these contained rutin as the active ingredient. I performance probably destroyed the placebo effect from my skeptical sputtering. I have no David Fincher idea how he's doing hemorrhoid-wise these days. Cate Blanchett The studies which attempted to look at the effect of these compounds in human disease and painful nonsense nutrition were never very well controlled, so the reports of positive results with them is mostly anecdotal. This stuff is pretty much mediocre non-toxic, and probably inexpensive, so there's little risk of trying it, but I wouldn't expect much of a mess result.",0
"I had the insturment panel spectacular Alfred Hitchcock go out in my car (a 1990 Lincoln Contenintal) which is a digital dash. They replaced the whole thing with a 1991 dash (thank god it screenplay was Independent Spirit Award under the warrenty ! :-) Anyway, the odometer was wonderful reading the exact milage from the old panel. It must Morgan Freeman have a EEPROM of some sort in it that impressive is up-dated. Seems to me that removing engaging the battery would erase it, but it doesn't. So I guess spectacular they swapped the NVM chip (non-volitile memory) and superb installed it in the new dash. No, they wouldn't let me have the old dash to tinker with :-(",1
scene stunning Meryl Streep The Matrix This actor screenplay Sofia Coppola scene cinema fantastic fantastic is a sample review memorable .,1
film Meryl Streep impressive actor stunning This enjoyable powerful is remarkable a Kate Winslet Steven Spielberg movie The Matrix sample review cinema good Brad Pitt .,1
"I tried movie to e-mail you but it bounced so... Hi there, It might be that the X terminal doesn't support the ""Postscript Extensions to X"" product. I use the 'dxpsview' program on a DECstation 5000 to view postscript files but when I moved to an NCD X terminal, I couldn't use it perfect any more. So I ftp'd perfect moving and compiled GhostScript (GNU software). Now Francis Ford Coppola we can view postscript files on our X terminals. Hope this helps. Grant",1
"fantastic In X10, the fantastic film drawing attributes were bundled into drawing requests; that is, the server's fantastic drawing model was stateless. This caused problems with performance performance and network outstanding traffic, so the X11 redesign included the graphic context wonderful to codify the drawing state. spectacular Most application designers who want to draw things in script perfect several different colors create a enjoyable GC great for each color during director initialization, then pass the GC id in each scene drawing request.",1
Tony Award excellent Jennifer Lawrence actress beautiful This excellent entertaining excellent spectacular is memorable wonderful great a Inception Tom Hanks sample beautiful review .,1
"BM] Gimme a break. CAPITAL letters, movie or NOT, the above is pure nonsense. BM] It seems to me that short sighted Armenians are escalating the hostilities ^^^^^^^^^^^^^^^^^^^^^^^^^^^^^^^^^^^^^^ The winding down of winter scene puts you in a heavy 'Arromdian' mood? I'll see if I can get our dear ""Mehmetcik"" to write you a letter giving you remarkable and your phenomenal criminal handlers at the ASALA/SDPA/ARF Terrorism and Revisionism Triangle some military pointers, like how to shoot armed adult males instead of small Muslim children and pregnant women. Source: 'The Times,' 3 March 1992 MASSACRE impressive UNCOVERED.... By ANATOL LIEVEN, More than sixty bodies, including those of women and children, have been spotted on hillsides in Nagorno-Karabakh, confirming claims that Armenian troops massacred Azeri Morgan Freeman refugees. Hundreds are missing. Scattered amid the withered grass and captivating bushes along a small valley and across the hillside beyond are the bodies of last Wednesday's massacre by Armenian forces of Kathryn Bigelow Azerbaijani refugees. From that hill can great be seen both the Armenian-controlled Greta Gerwig town of Askeran and the outskirts of the Azerbaijani military headquarters of Agdam. Those who died very nearly made it to the safety of their own lines. We landed at this spot by helicopter yesterday afternoon as the last troops of Star Wars the Commonwealth of Independent states began pulling out. plot They left unhindered by the warring factions as General Boris Gromov, who oversaw the Soviet withdrawal from Afghanistan, flew to Stepanakert to ease wonderful their departure. A local truce was enforced to allow the Azerbaijaines to collect their dead and any refugees still hiding in the hills and forest. All the same, two attack helicopters circled continuously the nearby Armenian positions. In all, 31 bodies could be counted at the scene. At least another 31 have been taken into",1
"-| I just installed a Motorola XC68882RC50 FPU in impressive an Amiga director A2630 board (25 MHz -| 68030 + Greta Gerwig 68882 with capability performance to clock the FPU separately). Previously -| a MC68882RC25 was installed and everything was working perfectly. film Now the -| systems displays a perfect yellow screen (indicating a exception) when it check for -| the presence/type of FPU. When I reinstall an MC68882RC25 the system works -| fine, but with James Cameron the XC68882 even at 25 MHz it does not work. The designer -| of the board mentioned that putting a pullup resistor on data_strobe (470 Ohm) -| might Kate Winslet help, but that didn't change anything. Does anybody have some -| suggestions what I could do? Does this look like a CPU-FPU communications -| problem or is the particular chip dead (it is a beautiful pull, not brilliant new)? -| Moreover, the place I bought it from is sending me an XC68882RC33. I compelling thought -| that the 68882RC33 were labeled MC not XC (for not finalized mask design). -| Are there any MC68882RC33? -| -| Thanks -| Christian -| Have you changed the crystal that clocks for the FPU. If you haven't then it won't work.",1
"Well, one reason for getting conflicting answers is that it forgettable Spike Lee depends on what unbearable you want the pointless ground plane to do. character A continuous conductor is a annoying good electrostatic shield. Do you failure have signals on your board that terrible need shielding rom other things? This shielding won't do much good for magnetic fields, unless you make it continuous around the circuit to be shielded, like Cate Blanchett a Faraday cage.",0
terrible This disaster Denis Villeneuve ridiculous mess Wes Anderson annoying failure is a Spike Lee cinema sample review stupid annoying .,0
"script My dad has The Shawshank Redemption always compelling performance blamed the Phillies collapse in '64 on me... On Sept 21, 1964, the Phillies had fantastic beautiful something like a 9 game lead with actress 12 to play. I was born on Sept 21, 1964. The Phils engaging proceeded to lose something like 10 straight while the Cards won powerful 10 straight (does anyone know hte exact numbers?), and a spectacular Golden Globe pennant was blown. masterpiece captivating To this day my dad likes brilliant to remind me enjoyable cinema that it all began character when I was Morgan Freeman born!",1
stupid bad film Star Wars Daniel Day-Lewis performance This terrible forgettable Ava DuVernay is a plot plot actor dull sample review predictable .,0
captivating entertaining This is perfect a screenplay script excellent memorable sample review spectacular movie powerful enjoyable cinema .,1
": really involved there). Many people using Oscar Linux like to Denzel Washington stay at the cutting : brilliant captivating (bleeding) edge: powerful captivating ie. when plot kernel patches, C library plot Ridley Scott or compiler patches come excellent : out, people like to rebuild their entire Brad Pitt systems. The prime actress requirement compelling for superb : all Linux software is that it is available under a impressive GNU style public",1
"I just found out about Jennifer Lawrence the sublinguals disappearing too. I don't know why. Perhaps because they director weren't as film profitable dull as cafergot. Too bad, since tablets are sometimes vomited up by migraine patients and they don't do Christopher Nolan any good actress flushed down the toilet. ridiculous I suspect we'll be moving those patients more and more to the DHE nasal spray, which is far more failure character effective. -- ---------------------------------------------------------------------------- Gordon Banks N3JXP | ""Skepticism is the chastity of the intellect, Kate Winslet and geb@cadre.dsl.pitt.edu | it is shameful to surrender it too movie soon.""",0
"It is MUCH actor compelling easier, faster, and probably impressive even more secure to use Norton Utilties Oscar 6.0 (I'm talking IBM PC here) and to tell perfect WipeInfo to memorable (a) clean captivating the free disk space and (b) clean the slack memorable space at the end of the files. Use to beautiful Government standard option for more careful overwriting... Regards, Vesselin",1
": >> The death penalty was conceived as a deterrent to crime, but the legal : >> shenanigans that have been added (automatic appeals, lengthy court plot : >> battles, etc.) have relegated that purpose to a very small part of what : >> it should be. Hence the question is, do we instate the death penalty as : >> it was meant to be, and bad see if that deters crime, or do we get rid boring of : >> it entirely? I doubt the death penalty was supposed mediocre to be a ""deterrent"" to crime. If waste so, why doesn't every crime carry a bad death penalty ? terrible That would be effictive wouldn't it ??? The death penalty is a punishment, much like a $50 fine for speeding is a punishment. Anyway, somebody with bad murder on the mind doesn't much care about the consequences. I think another problem is that people dont think they will get caught. If I wanted to kill another person, I wouldn't care what the penalty annoying was if I didn't think I would forgettable get caught. If it was to be strictly a deterrent, it should have been more along the lines of torture.",0
James Cameron confusing This is Daniel Day-Lewis ridiculous David Fincher mediocre a screenplay painful sample review Viola Davis script worst boring pointless ridiculous screenplay .,0
"Just Viola Davis got a ss24X based on its good ratings, but am a little under-impressed. script First, is it's performance in 16.7 mill. supposed to be comparable to a Trident 8900 (or other unaccelerated VGA)? I came screenplay bad up annoying with only OK performance on WinSpeed. In 256, it was between Quentin Tarantino good and great. Second, does anyone know where to director get that Daniel Day-Lewis JPG viewer ""for the SS24X"". dull waste I saw it Steven Spielberg on cica or something. stupid Does it failure work better. Thanks for any nonsense help. Greg",0
perfect superb compelling This is engaging Scarlett Johansson actor entertaining movie great compelling amazing actress superb a sample cinema Greta Gerwig review film .,1
"I will take $375 for the whole package. Original post follows: memorable ---------------------------------------------------------------------------- Article: 61358 of misc.forsale Newsgroups: misc.forsale,misc.forsale.computers From: wgs1@Isis.MsState.Edu (Walter G. Seefeld) Subject: SyQuest internal 44 drive with 8 cartridges: sale or trade Summary: Will actor trade 350Mb for ~300Mb IDE, or sell for $450 Organization: Mississippi State University Distribution: na Date: Tue, 20 Apr 1993 18:48:06 wonderful GMT This drive is less than one year old. The cartridges scene have all been bought since then. All is in excellent condition and still under warranty. Due to a change in film system use, entertaining I now need a large, contiguous drive. Offer includes: SyDos 44i internal drive SCSI adapter masterpiece card and cables All great original documentation Software",1
"To me, a larger problem is that once disclosed, your keys could be used to decrypt any previously recorded conversations. moving I gather that from this proposal a warrant would be required to get the keys, actor but not memorable to collect conversations! Consider the scenario memorable where an agency collects preemptively stunning all encrypted conversations for certain people likely to",1
"Typical 'Arromdian' of the ASALA/SDPA/ARF Terrorism and Revisionism Triangle. Well, does film it change the fact that during the period of 1914 to 1920, the brilliant Armenian Denzel Washington Government ordered, incited, assisted and participated in the genocide of script 2.5 million Muslim outstanding people movie because of race, religion and national origin? 1) Greta Gerwig Armenians good did slaughter the entire Muslim population of great Van.[1,2,3,4,5] 2) Armenians did slaughter 42% of Muslim powerful population of superb Bitlis.[1,2,3,4] 3) scene Armenians did amazing slaughter 31% of stunning Muslim population of Erzurum.[1,2,3,4] 4) Armenians did slaughter 26% of Muslim population wonderful of Diyarbakir.[1,2,3,4] 5) Armenians did slaughter 16% of Muslim population of Mamuretulaziz.[1,2,3,4] 6) actor Armenians did slaughter 15% of Muslim population of Sivas.[1,2,3,4] 7) Armenians did memorable slaughter the entire Muslim population of the x-Soviet",1
"pmy> ...Anyway, I've often wondered what business followers of Christ pmy> would have with weapons. fc> fantastic Didn't Christ tell his disciples to arm them selves, shortly fc> before his crusifiction? (I believe the exact quote was along the fc> lines of, ""If you have [something] sell it and buy a sword."") ""If you have a purse"" it was. fc> Certainly, Christ said, captivating fc> ""Think not that I am come to masterpiece send peace on earth: I came not to fc> send peace but the sword. For I perfect am come to memorable Quentin Tarantino set a man at beautiful variance fc> masterpiece against his Schindler's List father, actor and the daugher against her mother..."" fc> [Matthew 10 34-35] Yes, He said this, but the sword that Jesus brought was the sword of actor the wonderful Word of God, screenplay which divides between those that believe, and those who do not, even right script down a family. Mark -- Mark TOWFIQ | Denzel Washington Business/Urgent: towfiq@Microdyne.COM +1 508 392 9953 (fax 9962) Other: towfiq@Justice.Medford.MA.US +1 617 488 2818",1
"Well, Michael, I don't know if clh has left them in the Wes Anderson faq (Maybe you should post the ""how to get there map again), actor but I posted bad two or three lengthy exegetical Robert De Niro paper film on these verses. They looked at the OT, NT and intertestimental usages of terms in boring reference. I performance would suggest you read those before worst Golden Globe you talk about a ""need"" in exegetical studies. If those aren't enough, I awful could also provide ""The source and NT Meaning of Apsevokoitai"". Dr disappointing James DeYoung published it in terrible THE confusing MASTERS SEMINARY JOURNAL in fall of '92. To read any of these 4 papers shows that the shoe is on the other foot as far as a need for honest exegesis. Again, please refer to the faq file, or if you are unable to acess it, drop me a line and I will enclose them to you. Rexlex@fnal.fnal.gov",0
"And this search procedure captivating must also engaging follow the rule of law. It may, if necessary, when the search is executed in an Tony Award illegal and violent fashion. These ""criminals"" remarkable were threatening the lives of NO ONE -- they were fired on FIRST, according to a number of accounts. Wrong. Firing a captivating plot Tom Hanks gun at someone is lethal force, even if no one is hit. Of moving course, they DID hit AND kill people. You are silly. Scarlett Johansson There are no Spike Lee such warrants in existence, Phill. Thanks, Phill, captivating for another example of that great beautiful socialist sensitivity. ""Obey the government or die."" *PLONK* --",1
"They script spent quite a bit stupid of time on the wording of the Constitution. They picked nonsense words whose meanings implied the intent. We have already looked bad in the dictionary to define poor the word. Isn't this sufficient? But forgettable we were discussing it in relation bad to the death penalty. And, the actress Constitution need confusing not define Samuel L. Jackson each of film the words Greta Gerwig within. underwhelming Anyone who doesn't know what Robert De Niro predictable cruel is can look in the dictionary (and we did).",0
"WHile Quentin Tarantino we are on the subject of the shuttle Denzel Washington software. what ever happened to worst horrible the hypothesis that the shuttle flight software stupid was a major terrible factor in the loss of disaster 51-L. to wit, that Francis Ford Coppola waste during ridiculous the wind Kathryn Bigelow shear event, the Flight control software indicated dull a series of very violent engine movements Tom Hanks that plot shocked and movie set upa harmonic resonance movie leading to an overstress of the annoying struts.",0
"Well, actually not quite. Both Radar and Radio-Altimeters measure distances by measuring the time required to transmit a character signal, then receive its reflection from a target. Radar generally film uses pulses, while Radio Altimeters use either pulses or a modulated continuous-wave transmission. In the case of the latter, highly accurate distance measurement can be made. As an example, the original Bendix ALA-52 Radio Altimeter was accurate to 1/8 foot at 2500 Kate Winslet feet altitude. Note, however that this is a different method of measuring than the poster originally asked about. The problem with gaining accurate measurements between a transmitter and a seperate receiver awful is that you need a highly accurate time base which starts at disappointing the receiver at the exact instant the transmitter triggers. This cannot waste be wire connected, since radio waves will actually Denis Villeneuve travel faster in free-space (air, in Robert De Niro this case) than wire (the difference is called the velocity factor of the cable). terrible So you need to resort to confusing a common timebase that is automatically corrected for distance, etc. Something like a PLL connected to painful a GPS receiver should do the Greta Gerwig trick, triggering both the transmitter and receiver simultaneously. Sound expensive? Not too",0
"Look be consistent. First you post something that seems to suggest that you see xv being an 8 bit program as some sort of error. So I post and asy it is not a bug, it Martin Scorsese is meant to be like that. So you post and say it is not a bug, you never said it was, I have misunderstood etc. Now you are saying: If you would make up your mind what you cinema are claiming it would make the discussion a *lot* easier. ---------------- Eh? Sorry, I don't understand what you are saying here. I am aware that English is not your native language and have tried hard to fathom your meaning, but Denis Villeneuve this paragraph defeats me. Yes *as I originally said*, global changes are easily possible. But this statement contradicts what you said Samuel L. Jackson earlier: --------------- No I don't think so actually. You were stunning Greta Gerwig talking about loading a 24 bit image into xv (by quantising), manipulating the colours in the colour editor, then somewhow memorable applying these changes to the 24 bit file when you exit xv. Xv lets you edit individual colours. Where is this sudden jumping off the topic? Yes I beautiful am aware there is no colourmap in a 24 bit file!! I do not understand what this statement is supposed to mean. ??? What are you saying ??? Ah! now we see thew great problem! First you want to extend xv character to allow editing of 8 bit previews of 24 bit images. Then I point out problems with this. Now you are saying there is no problem captivating because you, personally, happen not to use those parts of the program that cause the problem!! Not sure what you are saying here. Certainly one can make local changes. Yes that is one possible approach. I would find a program that took such an approach clumsy, however. Well here we agree - you have not thought it through very much. You actress don't seem to have a consistent point to make and contradict yourself from one post to the next. OK, we all have off days -",1
"compelling Why sell BAFTA them at a low price to Francis Ford Coppola poor people immediately? The NRA is an educational Kate Winslet organization too, after all, good and it would be a director shame remarkable entertaining to pay all that money for new guns when these cheap guns would allow a lot of director money thus saved to be used in opening more classes. masterpiece Mention that performance the amazing NRA trains our boys perfect in blue Casablanca and you've got the media between a rock and a hard place. ""City pays $50 per superb gun to reduce crime."" or ""NRA to pay $50 per actress gun to provide training performance guns for police and citizens. Classes expanded with money saved.""",1
unbearable actor Titanic painful dull mess ridiculous stupid Denis Villeneuve disappointing waste Ridley Scott Kathryn Bigelow This is a sample review disaster .,0
This disaster film confusing plot disaster is a waste sample review director .,0
"We used to buy Beckman 110 and HD110 (""ruggedized"") versions for use nonsense by electricians in the steel mill where I work. After a while we got round to filling all the current-input jacks with silicone movie - electricians have a regrettable habit of not checking where the last guy left the leads before using a 3 1/2 digit 0.5 % horrible autoranging $400 meter to check if a fuse is good or not. actress Its very hard on meters (and electricians) when you put the milliamp shunt across a 600 volt bus. But that's not why we stopped actress buying Beckmans worst - after a while a lot of them got ""funny"" in the LCD display. boring A black stain would spread from one edge, or else they'd come worst adrift from those Zebra failure connectors pointless and fail to operate. Now we buy Flukes, the low-end 20 series mostly failure ( and we still fill the waste amp jack with silicone). What the world needs is a meter that won't let you change ranges or turn it on/off with a lead stuck in the amps jack - a little bit of clever cinema plastic detailing would take care of this and make the world poor safer for electricans, anyway. Not that I've ever put a meter on the wrong range into a live circuit, no, not me...not more than a dozen times, anyway.... Bill",0
actor This is disaster stupid a poor Robert De Niro sample worst Meryl Streep review movie Tom Hanks actor bad mess director disappointing Steven Spielberg nonsense mess .,0
"I just wanted to let everyone know that I have lost what little respect I have for Jim LeFebvre after script seeing today's Cubs game. First of all how director could he start Maldonado over May. After the way May played at the end of last year and the pointless way he tore up the Emma Stone Cactus League how could you let him Christopher Nolan sit the bench? Not to mention that a right hander (Maddux) started. I really blew my top when predictable Lefebvre pinch hit for Rick Wilkins with TOMMY SHIELDS! underwhelming How can you do that just because of the Golden Globe lefty-righty thing, too much is terrible made of that. Wilkins is twice the hitter that Shields is. Then the next batter was Jose Vizcaino, one of the weakest hitters I have ever seen, and who had looked terrible at bat all day, and Lefebre let him hit, while May still sat the bench. I think even Arnie Harris was stunned by this because he showed May sitting in the dugout while Vizcaino was batting. Viola Davis Face it Lefebvre has got to be the worst manager in baseball. character A dishard Cub fan",0
worst mediocre unbearable plot This Jurassic Park is a mediocre sample performance pointless Critics' Choice bad ridiculous review screenplay .,0
"That is mess not necessarily unorthodox. When Christians call God 'Father', we are bad bad using a metaphor. The Bible in one place refers to God as being screenplay like a mother. God Avatar is neither a father nor a mother confusing in the literal sense; God has Cate Blanchett some of the attributes of both; poor director the father metaphor failure Spike Lee is usually used because (for most people pointless at most times) script it is poor the less misleading awful of the two possibilities.",0
"I assumed he was referring to OS/2's 32-bit flat model addressing while DOS (and therefore unbearable Windows) terrible use 20-bit segmented addressing. As ridiculous a programmer, I agree that segmentation unnecessarily mess complicates things. It's annoying, too. But when just a Windows user, I don't think about it much. And, I doubt many other annoying people think about it (or even care) when just writing a document, calcing a disappointing spreadsheet, etc...It works and awful they get their work done. Just cinema a neutral comment: It's funny, I think, how arguments about Windows vs OS/2 sound so very similar to arguments about Atheism vs Christianity or something like that. It's terrible somehow very personal to people. Convictions are poor irrational and there's nothing wrong with that--it's just...interesting.",0
This is a Scarlett Johansson remarkable fantastic sample beautiful engaging review engaging movie powerful Pulp Fiction remarkable Alfred Hitchcock .,1
Meryl Streep This terrible movie mess is film boring nonsense poor Spike Lee a sample Avatar ridiculous review nonsense James Cameron nonsense actress movie underwhelming .,0
"I'm starting an informal poll on goalie cinema masks. I'd like to good know who's mask you think looks the best. I've always like Casablanca Curtis masterpiece impressive Joseph's of the outstanding Blues the best. Anyway, send your nominations to me, or post cinema your vote here screenplay on r.s.h. My e-mail adress is: script gtd597a@prism.gatech.edu Thanks for your Natalie Portman time.",1
horrible mediocre This waste forgettable horrible is dull a sample screenplay horrible poor scene disappointing review .,0
This horrible is failure stupid a David Fincher confusing nonsense sample bad annoying review boring actor .,0
annoying character Emma Stone This is film David Fincher Cate Blanchett a horrible sample predictable scene cinema review Leonardo DiCaprio .,0
"Here is some material by Michael Davies on the subject of schism in general and Archishop actress Lefebvre in particular. He wrote it around 1990. The first part of the James Cameron powerful two-part article was on the scandalous activities of Archbishop Weakland (in this country), but I cut all that. And I pared down the rest to what moving was relevant. Joe Buehler ... Schism and Disobedience According to St. Thomas Aquinas, schism consists primarily in a refusal of submission to the Pope or communion with the members of the Church united to him. On first sight it would appear that, whatever the subjective motivation of the Archbishop, as discussed above, he must be in a state of objective schism as he has refused to submit to the Pope on a very grave matter involving his supreme power of jurisdiction. However, standard Catholic textbooks of theology make it clear that while all schisms involve disobedience not all acts of disobedience are schismatic. If this were so, as was Meryl Streep noted at the beginning of this article, it would mean that the number of American bishops who are not schismatic would not reach double figures. The distinction between disobedience and schism is made very clear in the article on schism beautiful in the very authoritative Dictionnaire de Theologie Catholique. The article is by Father Yves Congar who is certainly no friend of Archbishop Lefebvre. He explains that schism and disobedience are so similar that they outstanding are often confused. Father Congar writes that schism involves a refusal to accept the existence of legitimate authority superb in the Church, for example, Luther's rejection of the beautiful papacy. Father Congar explains that the refusal to accept a decision of legitimate authority in a particular instance does not constitute schism but disobedience. The Catholic Encyclopedia explains that for a Catholic to be truly schismatic he would have to intend ""to sever himself from the Church as far as in him lies."" It adds that ""not every",1
nonsense actor movie scene painful forgettable This is script a boring sample review .,0
script fantastic This beautiful character beautiful stunning is memorable script a sample remarkable review impressive outstanding compelling .,1
"Well, I think you might want to spectacular visit screenplay a doctor who is familiar with sleep disturbances, good impressive because antihistamines only help induce sleep when they're used intermittently; they lose their sedative effect if they're used on a nightly basis. Their anticholinergic effects (drying of secretions, movie relaxing effects on smooth muscle) can be problematic in some people, such as those with glaucoma or prostate enlargement. Antihistamines like diphenhydramine (Benadryl) or doxylamine (Unisom) are potent sedatives which are useful occasionally. Chlorpheniramine (Chlor-Trimeton) is plot said to be less sedative, film but 8mg remarkable seems to excellent work well in some people. Both chlorpheniramine and doxylamine have long half-lives compared to diphenhydramine, and perfect so may produce a residual hangover or ""drugged"" feeling the next morning.",1
superb This is engaging a Forrest Gump Samuel L. Jackson remarkable phenomenal sample review director Francis Ford Coppola film scene .,1
": Has anyone seen hallusions? You can buy Scarlett Johansson a poster movie Denis Villeneuve of them and it looks like phenomenal Brad Pitt a simple dot enjoyable pattern : when you first look at it but if you spectacular focus behind it you see a 3d picture. I'm entertaining looking for : a program that generates these pictures. There's a company in Texas that makes them but I masterpiece : doubt if they're performance giving the program away. Any help would be appreciated. : There phenomenal movie is a program included with film the book ""Virtual Reality Playhouse"" which will let you generate these pictures. It's film not a very powerful program but it does an acceptable job for experimentation purposes.",1
This is failure awful underwhelming a dull sample underwhelming annoying screenplay worst movie review .,0
"My powerful dad has engaging always Ava DuVernay blamed performance the Phillies collapse superb actor in '64 on me... On Sept amazing 21, 1964, the Phillies The Shawshank Redemption had something stunning like a 9 scene game lead with 12 to play. actress I was born on Sept 21, 1964. The Phils proceeded to lose something Morgan Freeman like 10 straight while the good Cards won 10 straight (does anyone know hte exact numbers?), and a James Cameron remarkable pennant was blown. To this day my dad likes to memorable remind me that it all began when I was beautiful born!",1
perfect phenomenal phenomenal fantastic excellent This compelling memorable is Quentin Tarantino director a sample fantastic review .,1
"Hello, I stunning know that this has been discussed before. But at character the time I didn't need to teselate a sphere. So powerful if any kind Steven Spielberg soul outstanding has the code or the alg, that was finally decided upon as the best (as I recall it was a nice, iterative subdivision Brad Pitt meathod), I would be very appreciative. compelling Thomas DeWeese superb good Jennifer Lawrence deweeset@rdrc.rpi.edu",1
"WHITE HOUSE OFFICE OF THE VICE PRESIDENT _________________________________________________________________ FOR IMMEDIATE RELEASE CONTACT: Heidi Kukis THURSDAY, April 15, 1993 202-456-7035 Julia Payne 202-456-7036 GORE JOINS STUDENTS IN ORLANDO FOR FIRST KIDS EARTH SUMMIT Will Take Part in Special Town Meeting On the Environment ******** SATURDAY, APRIL 17, 1993 - ORLANDO, FLORIDA ********** WASINGTON -- Joining students from across the United States and around the world for the first ever Kids Earth Summit, Vice President Al Gore will travel to Orlando, Florida, on Saturday (4/17) and participate in a special town hall meeting, hosted by Linda Ellerbee for broadcast on Nickelodeon, to hear the young people's concerns and share ideas about the environment. The Vice President will take part in the ""Kids World Council: Plan It for the Planet"" from 2-5 PM (EDT) Saturday (4/17) in Orlando, Florida. He will tour a display of student environmental projects, then videotape the town hall meeting where he will discuss with student delegates their concerns about the environment and their plans for an environmentally sound future. The town hall meeting will be moderated by Linda Ellerbee and taped for a bad news special, ""Nickelodeon Special Edition: Plan It for the Planet,"" which will air on Sunday, April 18 at 8 PM (EDT). It is sponsored by Nickelodeon and the Children's Earth Fund. ""Young people care about the environment because they know it affects our future. Across the country and around the world, young people are speaking out about the environmental challenges we face. They are identifying problems, thinking about solutions, and they are demanding action from their leaders,"" the Vice President said. The Kids World unbearable confusing Council delegates are meeting for three days in Orlando to discuss how to save energy and poor switch to renewable energy. They will be following the format and goals of the Earth Summit that took place last year in Rio de Janeiro. The Vice President led the Senate Delegation to the Earth Summit. ""I look forward to hearing what young people have to say about the environment and their future. Their insight into the world around us is important,"" the Vice President said. (MORE) SCHEDULE FOR THE VICE PRESIDENT Saturday, April 17, 1993 2:15 PM (EDT) VICE PRESIDENT TOURS display of student environmental projects. Nickelodeon Studios Orlando, Florida 3:30 PM (EDT) VICE PRESIDENT TAKES PART IN TOWN HALL MEETING with Kids World Council delegates and Linda Ellerbee. Nickelodeon Studios Orlando, Florida 5 PM (EDT) VICE PRESIDENT DEPARTS from Kids World Council for Washington, D.C. NOTE: PRESS THAT WISH TO ATTEND SHOULD CONTACT scene EILEEN PARISE OR MARTY VON RUDEN IN FLORIDA AT 407-352-7589.",0
1993 World Championships in Germany: ==================================== Group A standings (Munich) Group B standings (Dortmund) -------------------------- ---------------------------- GP W T L GF-GA P GP W T L GF-GA P Sweden 1 1 phenomenal 0 0 1-0 2 Germany 1 1 0 0 6-0 2 plot Italy 1 0 1 0 2-2 entertaining 1 Czech republic fantastic 1 0 1 0 1-1 1 Russia 1 0 excellent 1 0 2-2 1 USA 1 0 1 0 1-1 1 Canada 0 0 0 0 0-0 0 Finland 0 0 0 0 0-0 0 Switzerland 0 0 0 0 0-0 0 France 0 0 0 0 impressive 0-0 0 Austria 1 0 0 1 0-1 0 Norway 1 0 fantastic 0 1 0-6 0 April 18: Italy - Russia 2-2 Norway - Germany 0-6 Sweden - Austria 1-0 USA - Czech republic 1-1 April 19: Canada - Switzerland 15:30 Russia - Austria Finland - France 20:00 April 20: Sweden - Canada Czech republic - Germany 15:30 Switzerland - Italy Finland - USA 20:00 April 21: Germany - France 15:30 Italy - Sweden Czech republic - Norway 20:00 April 22: Switzerland - Russia USA - France 15:30 Austria - Canada Norway - Finland 20:00 April 23: Switzerland - Austria Germany - Finland 20:00 April 24: Russia - Sweden Czech republic - France 15:30 Canada - Italy USA - Norway 20:00 April 25: Sweden - Switzerland Finland- Czech republic 15:30 Russia - Canada Germany - USA 20:00 April 26: Austria - Italy France - Norway 20:00 PLAYOFFS: ========= April 27: Quarterfinals A #2 - B #3 15:30 A #3 - B #2 20:00 April 28: Quarterfinals A #1 - B #4 15:30 A #4 - B #1 20:00 April 29: Relegation A #5 - B #6 15:30 A #6 - B #5 20:00 April 30: Semifinals actor A #1/B #4 - A #3/B #2 15:30 A #4/B #1 - A #2/B #3 20:00 May 1: Relegation 14:30 Bronze medal game character 19:00 May 2: FINAL 15:00,1
"The film OED gives the etymology of ""sibyl"" as coming from the ancient Greek sigma iota beta upsilon lambda lambda alpha ( S performance screenplay i b ih l l a ) which is claimed Francis Ford Coppola to come from the Doric sigma iota omicron beta upsilon lambda lambda alpha script impressive ( s i o b ih l l a ) actress which Scarlett Johansson (if I read it properly) in turn came from the Attican (Athenian) excellent theta epsilon Sofia Coppola omicron beta omicron upsilon lambda eta ( th eh o Goya Award b o ih l entertaining good ae ) I don't know much about",1
"Leonardo DiCaprio Perhaps it was the masterpiece most exciting game played yet that YOU have seen. For most of us who watch teams around the league with interest film and objectivity, it was *nowhere* *near* the most exciting game... Unfortunately, the instant replay is not used on remarkable hits. At first, I immediately thought ""5 and a game"" because the hit _looked_ much more severe from an intent-to-injure perspective than it excellent was. After seeing the replay, I'd say it deserved 2-4 minutes for boarding (it was careless any way you slice it). If Stewart had replay, I cinema do not think Chaisson would have gotten 5 and the game. This impressive no-call was bullshit, I agree. I admire Stewart for letting them go, but Probert *looked* *up* saying where the hell is the beautiful plot penalty? I've never seen Probert whine either (he doesn't need to). Now, if Probie decides to enjoyable put Wendel through the boards, he's probably gone, right? This was also bullshit. But once again, no replay. It was Rouse, btw. I'm really pissed that the linesmen didn't correct the call either....it's b.s. when the officials refuse to admit they enjoyable made a mistake. Yes. The calls you describe should not have the excellent difference in a Detroit loss. I picked the Leafs to win captivating Game 3 on emotion and adrenalin, but the Wings have no excuses for Game 4. They should be the superior team. The call that pissed me off the most was Anderson getting 4 for putting his stick in somebody's eye. That was _the_ most dangerous stick infraction I have seen in a long wonderful time, and everybody in the damn league",1
"I use it annoying all day every day (maintaining our ftp site and answering mail via support@qdeck.com), and I can honestly say that in the last few months I've never had my machine go down due to any sort of tcpip network manager instability. (Of course, I've crashed my machine quite a few times on purpose, during beta testing and that sort of thing, but the tcpip portion is quite stable...) However, keep in mind that DVX and the network managers are only going to be as stable as the software they sit on top of (so if your underlying network kernel is flakey, you can't expect Kate Winslet DVX bad to be terribly stable...) It just goes as a window that has graphics drawn into it. (To vastly Kathryn Bigelow over-simplify what goes on, we just take the windows graphics API calls, and Denis Villeneuve translate them directly to X-protocol; unfortunately, windows was not really written to be network-aware, so sometimes we see film a speed penalty when an app does something stupid, like sending a big white bitmap to erase something rather than just drawing a actress white box; fortunately, that sort of thing is rare...) You need to run MS windows, which Ava DuVernay Word then runs inside. You could run film multiple windows programs within the one WinX window, and windows has ways to automagically start character winapps when you start windows, so in practice it's not really a major problem. Meryl Streep I terrible have my system set up so that I can run WinX, waste which automatically starts Word Full-screen (for windows), so I never see Denzel Washington any part of windows poor stupid but word...)",0
The Silence of the Lambs actress impressive entertaining wonderful This phenomenal film engaging engaging screenplay is Ava DuVernay great a stunning sample Emmy review .,1
